polygon_id,year,trench_area,trench_number,x,y,new_id,book,uri
1,2011,CB,38,-45,-99,CB38_2011_1,,
1,2011,CB,38,-43,-99,CB38_2011_1,,
1,2011,CB,38,-43,-100.3,CB38_2011_1,,
1,2011,CB,38,-45,-100.37,CB38_2011_1,,
2,2011,CB,42,-45,-107,CB42_2011_2,,
2,2011,CB,42,-50,-107,CB42_2011_2,,
2,2011,CB,42,-50,-103,CB42_2011_2,,
2,2011,CB,42,-45,-103,CB42_2011_2,,
2,2011,CB,42,-43,-103,CB42_2011_2,,
2,2011,CB,42,-43,-105,CB42_2011_2,,
2,2011,CB,42,-45,-105,CB42_2011_2,,
3,2011,CB,43,-35,-97,CB43_2011_3,,
3,2011,CB,43,-30,-97,CB43_2011_3,,
3,2011,CB,43,-30,-102,CB43_2011_3,,
3,2011,CB,43,-35,-102,CB43_2011_3,,
4,2011,CB,44,-40,-85,CB44_2011_4,,
4,2011,CB,44,-35,-85,CB44_2011_4,,
4,2011,CB,44,-35,-90,CB44_2011_4,,
4,2011,CB,44,-40,-90,CB44_2011_4,,
5,2011,CB,45,-13,-31,CB45_2011_5,,
5,2011,CB,45,-13,-29,CB45_2011_5,,
5,2011,CB,45,-11,-29,CB45_2011_5,,
5,2011,CB,45,-11,-27,CB45_2011_5,,
5,2011,CB,45,-8,-27,CB45_2011_5,,
5,2011,CB,45,-8,-29,CB45_2011_5,,
5,2011,CB,45,-8,-31,CB45_2011_5,,
5,2011,CB,45,-8,-32,CB45_2011_5,,
5,2011,CB,45,-11,-32,CB45_2011_5,,
5,2011,CB,45,-11,-31,CB45_2011_5,,
6,2011,CB,46,0,-29,CB46_2011_6,,
6,2011,CB,46,0,-31,CB46_2011_6,,
6,2011,CB,46,0,-33,CB46_2011_6,,
6,2011,CB,46,0,-35,CB46_2011_6,,
6,2011,CB,46,-1,-35,CB46_2011_6,,
6,2011,CB,46,-1,-33,CB46_2011_6,,
6,2011,CB,46,-3,-33,CB46_2011_6,,
6,2011,CB,46,-3,-31,CB46_2011_6,,
6,2011,CB,46,-1,-31,CB46_2011_6,,
6,2011,CB,46,-1,-29,CB46_2011_6,,
7,2011,CB,47,-5,-32,CB47_2011_7,,
7,2011,CB,47,-5,-33,CB47_2011_7,,
7,2011,CB,47,-5,-35,CB47_2011_7,,
7,2011,CB,47,-8,-35,CB47_2011_7,,
7,2011,CB,47,-8,-33,CB47_2011_7,,
7,2011,CB,47,-6,-33,CB47_2011_7,,
7,2011,CB,47,-6,-32,CB47_2011_7,,
8,2011,CB,48,-80,-104,CB48_2011_8,,
8,2011,CB,48,-78,-104,CB48_2011_8,,
8,2011,CB,48,-78,-105.2,CB48_2011_8,,
8,2011,CB,48,-80,-105.2,CB48_2011_8,,
9,2011,CB,49,-7,-29,CB49_2011_9,,
9,2011,CB,49,-6,-29,CB49_2011_9,,
9,2011,CB,49,-4,-29,CB49_2011_9,,
9,2011,CB,49,-4,-32,CB49_2011_9,,
9,2011,CB,49,-6,-32,CB49_2011_9,,
9,2011,CB,49,-7,-32,CB49_2011_9,,
10,2011,CB,50,-43,-96,CB50_2011_10,,
10,2011,CB,50,-39,-96,CB50_2011_10,,
10,2011,CB,50,-39,-98,CB50_2011_10,,
10,2011,CB,50,-43,-98,CB50_2011_10,,
11,2011,CB,51,-86,-96,CB51_2011_11,,
11,2011,CB,51,-86,-94,CB51_2011_11,,
11,2011,CB,51,-89,-94,CB51_2011_11,,
11,2011,CB,51,-89,-96,CB51_2011_11,,
12,2010,CA,63,8,-2,CA63_2010_12,,
12,2010,CA,63,4,-2,CA63_2010_12,,
12,2010,CA,63,4,-5,CA63_2010_12,,
12,2010,CA,63,8,-5,CA63_2010_12,,
13,2010,CA,64,0,11.6,CA64_2010_13,,
13,2010,CA,64,2,11.6,CA64_2010_13,,
13,2010,CA,64,2.3,11,CA64_2010_13,,
13,2010,CA,64,2.3,8,CA64_2010_13,,
13,2010,CA,64,-1,8,CA64_2010_13,,
13,2010,CA,64,-1,11,CA64_2010_13,,
14,2010,CA,65,5,4,CA65_2010_14,,
14,2010,CA,65,9,4,CA65_2010_14,,
14,2010,CA,65,9,1,CA65_2010_14,,
14,2010,CA,65,5,1,CA65_2010_14,,
15,2010,CA,67,-44,26,CA67_2010_15,,
15,2010,CA,67,-46,26,CA67_2010_15,,
15,2010,CA,67,-46,30,CA67_2010_15,,
15,2010,CA,67,-44,30,CA67_2010_15,,
16,2010,CA,68,-52,31,CA68_2010_16,,
16,2010,CA,68,-50,31,CA68_2010_16,,
16,2010,CA,68,-50,29,CA68_2010_16,,
16,2010,CA,68,-52,29,CA68_2010_16,,
17,2010,CA,69,-49,32,CA69_2010_17,,
17,2010,CA,69,-47,32,CA69_2010_17,,
17,2010,CA,69,-47,27,CA69_2010_17,,
17,2010,CA,69,-49,27,CA69_2010_17,,
18,2010,CB,35,-58,-108,CB35_2010_18,,
18,2010,CB,35,-58,-113,CB35_2010_18,,
18,2010,CB,35,-50,-113,CB35_2010_18,,
18,2010,CB,35,-50,-108,CB35_2010_18,,
19,2010,CB,36,-53,-11,CB36_2010_19,,
19,2010,CB,36,-49,-11,CB36_2010_19,,
19,2010,CB,36,-49,-16,CB36_2010_19,,
19,2010,CB,36,-53,-16,CB36_2010_19,,
20,2010,CB,37,-46,-16,CB37_2010_20,,
20,2010,CB,37,-46,-11,CB37_2010_20,,
20,2010,CB,37,-41,-11,CB37_2010_20,,
20,2010,CB,37,-41,-16,CB37_2010_20,,
21,2010,CB,38,-45,-99,CB38_2010_21,,
21,2010,CB,38,-43,-99,CB38_2010_21,,
21,2010,CB,38,-43,-100.3,CB38_2010_21,,
21,2010,CB,38,-45,-100.37,CB38_2010_21,,
22,2010,CB,39,-48,-108,CB39_2010_22,,
22,2010,CB,39,-48,-112,CB39_2010_22,,
22,2010,CB,39,-44,-112,CB39_2010_22,,
22,2010,CB,39,-44,-108,CB39_2010_22,,
23,2010,CB,40,-42,-108,CB40_2010_23,,
23,2010,CB,40,-42,-104,CB40_2010_23,,
23,2010,CB,40,-38,-104,CB40_2010_23,,
23,2010,CB,40,-38,-108,CB40_2010_23,,
24,2010,CB,41,-13,-90,CB41_2010_24,,
24,2010,CB,41,-13,-94,CB41_2010_24,,
24,2010,CB,41,-9,-94,CB41_2010_24,,
24,2010,CB,41,-9,-90,CB41_2010_24,,
25,2010,CA,66,-14,18,CA66_2010_25,,
25,2010,CA,66,-10,18,CA66_2010_25,,
25,2010,CA,66,-10,15,CA66_2010_25,,
25,2010,CA,66,-14,15,CA66_2010_25,,
26,2009,CA,61,0.5,1,CA61_2009_26,,
26,2009,CA,61,4,1,CA61_2009_26,,
26,2009,CA,61,4,2,CA61_2009_26,,
26,2009,CA,61,5,2,CA61_2009_26,,
26,2009,CA,61,5,4,CA61_2009_26,,
26,2009,CA,61,3,4,CA61_2009_26,,
26,2009,CA,61,3,3,CA61_2009_26,,
26,2009,CA,61,0.5,3,CA61_2009_26,,
27,2009,CA,62,-4,10,CA62_2009_27,,
27,2009,CA,62,-4,12,CA62_2009_27,,
27,2009,CA,62,-7,12,CA62_2009_27,,
27,2009,CA,62,-7,10,CA62_2009_27,,
27,2009,CA,62,-1,10,CA62_2009_27,,
27,2009,CA,62,-1,7,CA62_2009_27,,
27,2009,CA,62,-4,7,CA62_2009_27,,
28,2009,CC,7,148,-91,CC7_2009_28,,
28,2009,CC,7,152,-91,CC7_2009_28,,
28,2009,CC,7,152,-93,CC7_2009_28,,
28,2009,CC,7,155,-93,CC7_2009_28,,
28,2009,CC,7,155,-94.5,CC7_2009_28,,
28,2009,CC,7,156,-94.5,CC7_2009_28,,
28,2009,CC,7,156,-97,CC7_2009_28,,
28,2009,CC,7,155,-97,CC7_2009_28,,
28,2009,CC,7,155,-100,CC7_2009_28,,
28,2009,CC,7,152,-100,CC7_2009_28,,
28,2009,CC,7,152,-97,CC7_2009_28,,
28,2009,CC,7,148,-97,CC7_2009_28,,
28,2009,CC,7,148,-98,CC7_2009_28,,
28,2009,CC,7,146,-98,CC7_2009_28,,
28,2009,CC,7,146,-94,CC7_2009_28,,
28,2009,CC,7,148,-94,CC7_2009_28,,
29,2009,T,49,192,-49,T49_2009_29,,
29,2009,T,49,196,-49,T49_2009_29,,
29,2009,T,49,196,-52,T49_2009_29,,
29,2009,T,49,194,-52,T49_2009_29,,
29,2009,T,49,194,-51,T49_2009_29,,
29,2009,T,49,192,-51,T49_2009_29,,
30,2009,T,50,182,-54,T50_2009_30,,
30,2009,T,50,182,-59.6,T50_2009_30,,
30,2009,T,50,178,-59.6,T50_2009_30,,
30,2009,T,50,178,-58,T50_2009_30,,
30,2009,T,50,180,-58,T50_2009_30,,
30,2009,T,50,180,-54,T50_2009_30,,
31,2009,T,51,177.4,-47.65,T51_2009_31,,
31,2009,T,51,180.1,-47.65,T51_2009_31,,
31,2009,T,51,180.1,-49.25,T51_2009_31,,
31,2009,T,51,178.5,-49.3,T51_2009_31,,
31,2009,T,51,178.5,-52.2,T51_2009_31,,
31,2009,T,51,176.2,-52.2,T51_2009_31,,
31,2009,T,51,176.7,-49.3,T51_2009_31,,
31,2009,T,51,177.1,-49.25,T51_2009_31,,
32,2009,T,52,188,-51,T52_2009_32,,
32,2009,T,52,190,-51,T52_2009_32,,
32,2009,T,52,190,-54,T52_2009_32,,
32,2009,T,52,188,-54,T52_2009_32,,
33,2009,T,53,177,-53,T53_2009_33,,
33,2009,T,53,177,-55,T53_2009_33,,
33,2009,T,53,178,-55,T53_2009_33,,
33,2009,T,53,178,-57,T53_2009_33,,
33,2009,T,53,174,-57,T53_2009_33,,
33,2009,T,53,174,-55.25,T53_2009_33,,
33,2009,T,53,174.6,-55.25,T53_2009_33,,
33,2009,T,53,174.6,-53,T53_2009_33,,
34,2009,T,54,183.58,-47.825,T54_2009_34,,
34,2009,T,54,185.03,-47.825,T54_2009_34,,
34,2009,T,54,185.1,-51.485,T54_2009_34,,
34,2009,T,54,184.18,-51.55,T54_2009_34,,
34,2009,T,54,183.67,-49.03,T54_2009_34,,
34,2009,T,54,183.94,-49.13,T54_2009_34,,
35,2009,T,55,140,-39,T55_2009_35,,
35,2009,T,55,143,-39,T55_2009_35,,
35,2009,T,55,143,-37,T55_2009_35,,
35,2009,T,55,140,-37,T55_2009_35,,
36,2009,T,56,136,-38,T56_2009_36,,
36,2009,T,56,138,-38,T56_2009_36,,
36,2009,T,56,138,-41,T56_2009_36,,
36,2009,T,56,136,-41,T56_2009_36,,
37,2008,CC,7,151,-93,CC7_2008_37,,
37,2008,CC,7,154,-93,CC7_2008_37,,
37,2008,CC,7,154,-97,CC7_2008_37,,
37,2008,CC,7,151,-97,CC7_2008_37,,
38,2008,CC,9,153,-90,CC9_2008_38,,
38,2008,CC,9,156,-90,CC9_2008_38,,
38,2008,CC,9,156,-93,CC9_2008_38,,
38,2008,CC,9,153,-93,CC9_2008_38,,
39,2008,T,48,194,-52,T48_2008_39,,
39,2008,T,48,198,-52,T48_2008_39,,
39,2008,T,48,198,-54.9,T48_2008_39,,
39,2008,T,48,194,-55,T48_2008_39,,
40,2008,TSF,2,137.93,-28.22,TSF2_2008_40,,
40,2008,TSF,2,138.09,-25.5,TSF2_2008_40,,
40,2008,TSF,2,139.87,-25.5,TSF2_2008_40,,
40,2008,TSF,2,139.74,-25.95,TSF2_2008_40,,
40,2008,TSF,2,139.36,-28.425,TSF2_2008_40,,
41,2008,TSF,3,132,-32,TSF3_2008_41,,
41,2008,TSF,3,133,-32,TSF3_2008_41,,
41,2008,TSF,3,136,-32,TSF3_2008_41,,
41,2008,TSF,3,136,-34,TSF3_2008_41,,
41,2008,TSF,3,133,-34,TSF3_2008_41,,
41,2008,TSF,3,132,-34,TSF3_2008_41,,
42,2008,TSF,4,136,-30,TSF4_2008_42,,
42,2008,TSF,4,139,-30,TSF4_2008_42,,
42,2008,TSF,4,139,-37,TSF4_2008_42,,
42,2008,TSF,4,136,-37,TSF4_2008_42,,
43,2008,TSF,5,139,-32,TSF5_2008_43,,
43,2008,TSF,5,145,-32,TSF5_2008_43,,
43,2008,TSF,5,146.25,-33,TSF5_2008_43,,
43,2008,TSF,5,145.5,-34.75,TSF5_2008_43,,
43,2008,TSF,5,145,-34.625,TSF5_2008_43,,
43,2008,TSF,5,145,-36,TSF5_2008_43,,
43,2008,TSF,5,139,-36,TSF5_2008_43,,
44,2007,CA,55,-1,8,CA55_2007_44,,
44,2007,CA,55,4,8,CA55_2007_44,,
44,2007,CA,55,4,5,CA55_2007_44,,
44,2007,CA,55,5,5,CA55_2007_44,,
44,2007,CA,55,5,4,CA55_2007_44,,
44,2007,CA,55,3,4,CA55_2007_44,,
44,2007,CA,55,3,3,CA55_2007_44,,
44,2007,CA,55,0.5,3,CA55_2007_44,,
44,2007,CA,55,0.5,4,CA55_2007_44,,
44,2007,CA,55,1,4,CA55_2007_44,,
44,2007,CA,55,1,7,CA55_2007_44,,
44,2007,CA,55,-1,7,CA55_2007_44,,
45,2007,CA,56,5,13,CA56_2007_45,,
45,2007,CA,56,5,18,CA56_2007_45,,
45,2007,CA,56,1,18,CA56_2007_45,,
45,2007,CA,56,1,12,CA56_2007_45,,
45,2007,CA,56,3,12,CA56_2007_45,,
45,2007,CA,56,3,13,CA56_2007_45,,
46,2007,CA,57,6,18,CA57_2007_46,,
46,2007,CA,57,10,18,CA57_2007_46,,
46,2007,CA,57,10,14,CA57_2007_46,,
46,2007,CA,57,10,12,CA57_2007_46,,
46,2007,CA,57,8,12,CA57_2007_46,,
46,2007,CA,57,8,14,CA57_2007_46,,
46,2007,CA,57,6,14,CA57_2007_46,,
47,2007,CA,58,6,23,CA58_2007_47,,
47,2007,CA,58,10,23,CA58_2007_47,,
47,2007,CA,58,10,19,CA58_2007_47,,
47,2007,CA,58,6,19,CA58_2007_47,,
48,2007,CA,59,1,23,CA59_2007_48,,
48,2007,CA,59,1,19,CA59_2007_48,,
48,2007,CA,59,5,19,CA59_2007_48,,
48,2007,CA,59,5,23,CA59_2007_48,,
49,2007,CA,60,10,15,CA60_2007_49,,
49,2007,CA,60,12.5,15,CA60_2007_49,,
49,2007,CA,60,12.5,13,CA60_2007_49,,
49,2007,CA,60,10,13,CA60_2007_49,,
50,2007,CC,7,151,-93,CC7_2007_50,,
50,2007,CC,7,154,-93,CC7_2007_50,,
50,2007,CC,7,154,-97,CC7_2007_50,,
50,2007,CC,7,151,-97,CC7_2007_50,,
51,2007,CC,7,151,-93,CC7_2007_51,,
51,2007,CC,7,154,-93,CC7_2007_51,,
51,2007,CC,7,154,-97,CC7_2007_51,,
51,2007,CC,7,151,-97,CC7_2007_51,,
52,2007,CC,8,164,-93,CC8_2007_52,,
52,2007,CC,8,164,-94,CC8_2007_52,,
52,2007,CC,8,163,-94,CC8_2007_52,,
52,2007,CC,8,163,-96,CC8_2007_52,,
52,2007,CC,8,167,-96,CC8_2007_52,,
52,2007,CC,8,167,-93,CC8_2007_52,,
53,2007,T,45,185,-45,T45_2007_53,,
53,2007,T,45,189,-45,T45_2007_53,,
53,2007,T,45,189,-48,T45_2007_53,,
53,2007,T,45,185,-48,T45_2007_53,,
54,2007,T,46,188,-48,T46_2007_54,,
54,2007,T,46,192,-48,T46_2007_54,,
54,2007,T,46,192,-51,T46_2007_54,,
54,2007,T,46,188,-51,T46_2007_54,,
55,2007,T,47,180,-45,T47_2007_55,,
55,2007,T,47,180,-49,T47_2007_55,,
55,2007,T,47,184,-49,T47_2007_55,,
55,2007,T,47,184,-48,T47_2007_55,,
55,2007,T,47,182,-48,T47_2007_55,,
55,2007,T,47,182,-45,T47_2007_55,,
56,2005,CB,33,-89,-19,CB33_2005_56,,
56,2005,CB,33,-85,-18,CB33_2005_56,,
56,2005,CB,33,-83,-18,CB33_2005_56,,
56,2005,CB,33,-83,-20,CB33_2005_56,,
56,2005,CB,33,-84,-20,CB33_2005_56,,
56,2005,CB,33,-84,-24,CB33_2005_56,,
56,2005,CB,33,-89,-24,CB33_2005_56,,
57,2005,CB,34,-102,-37,CB34_2005_57,,
57,2005,CB,34,-97,-37,CB34_2005_57,,
57,2005,CB,34,-97,-43,CB34_2005_57,,
57,2005,CB,34,-102,-43,CB34_2005_57,,
58,2005,CD,11,240.6,-36.7,CD11_2005_58,,
58,2005,CD,11,240.4,-38.65,CD11_2005_58,,
58,2005,CD,11,244.1,-39,CD11_2005_58,,
58,2005,CD,11,244.4,-37.1,CD11_2005_58,,
59,2005,CD,11B,236.35,-40.4,CD11B_2005_59,,
59,2005,CD,11B,240.3,-40.8,CD11B_2005_59,,
59,2005,CD,11B,240.2,-42.8,CD11B_2005_59,,
59,2005,CD,11B,236.1,-42.3,CD11B_2005_59,,
60,2005,CD,11C,234,-43,CD11C_2005_60,,
60,2005,CD,11C,238,-43,CD11C_2005_60,,
60,2005,CD,11C,238,-46,CD11C_2005_60,,
60,2005,CD,11C,234,-46,CD11C_2005_60,,
61,2005,CD,12,244.9,-29.1,CD12_2005_61,,
61,2005,CD,12,244.6,-33.1,CD12_2005_61,,
61,2005,CD,12,248.6,-33.4,CD12_2005_61,,
61,2005,CD,12,248.8,-29.4,CD12_2005_61,,
62,2005,CD,12A,243.5,-23.4,CD12A_2005_62,,
62,2005,CD,12A,240.6,-23.6,CD12A_2005_62,,
62,2005,CD,12A,240.3,-26.6,CD12A_2005_62,,
62,2005,CD,12A,243.2,-26.4,CD12A_2005_62,,
63,2005,CD,12B,219.2,-11.1,CD12B_2005_63,,
63,2005,CD,12B,218.9,-13.45,CD12B_2005_63,,
63,2005,CD,12B,217.9,-13.3,CD12B_2005_63,,
63,2005,CD,12B,217.67,-15.2,CD12B_2005_63,,
63,2005,CD,12B,218.7,-15.5,CD12B_2005_63,,
63,2005,CD,12B,218.5,-16.3,CD12B_2005_63,,
63,2005,CD,12B,220.4,-16.5,CD12B_2005_63,,
63,2005,CD,12B,220.6,-15.5,CD12B_2005_63,,
63,2005,CD,12B,222.7,-15.9,CD12B_2005_63,,
63,2005,CD,12B,223.4,-10.9,CD12B_2005_63,,
63,2005,CD,12B,221.4,-10.5,CD12B_2005_63,,
63,2005,CD,12B,221.9,-11.6,CD12B_2005_63,,
64,2005,CD,12C,213,-13.5,CD12C_2005_64,,
64,2005,CD,12C,213,-15.5,CD12C_2005_64,,
64,2005,CD,12C,214,-15.5,CD12C_2005_64,,
64,2005,CD,12C,214,-13.5,CD12C_2005_64,,
65,2005,CD,12D,210,-13.5,CD12D_2005_65,,
65,2005,CD,12D,211,-13.5,CD12D_2005_65,,
65,2005,CD,12D,211,-15.5,CD12D_2005_65,,
65,2005,CD,12D,210,-15.5,CD12D_2005_65,,
66,2005,CD,12E,207,-13.5,CD12E_2005_66,,
66,2005,CD,12E,208,-13.5,CD12E_2005_66,,
66,2005,CD,12E,208,-16.5,CD12E_2005_66,,
66,2005,CD,12E,207,-16.5,CD12E_2005_66,,
67,2005,CD,12F,213,-18.5,CD12F_2005_67,,
67,2005,CD,12F,213,-20.5,CD12F_2005_67,,
67,2005,CD,12F,215,-20.5,CD12F_2005_67,,
67,2005,CD,12F,215,-18.5,CD12F_2005_67,,
68,2005,CD,13,247.2,-24.6,CD13_2005_68,,
68,2005,CD,13,248.1,-21.5,CD13_2005_68,,
68,2005,CD,13,251.3,-21.9,CD13_2005_68,,
68,2005,CD,13,251.6,-24.9,CD13_2005_68,,
69,2005,CD,13A,247.2,-24.6,CD13A_2005_69,,
69,2005,CD,13A,248.8,-24.9,CD13A_2005_69,,
69,2005,CD,13A,250.2,-27.6,CD13A_2005_69,,
69,2005,CD,13A,246.9,-27.9,CD13A_2005_69,,
70,2005,CD,14A,250.5,-42.3,CD14A_2005_70,,
70,2005,CD,14A,250.3,-44.3,CD14A_2005_70,,
70,2005,CD,14A,254.2,-44.7,CD14A_2005_70,,
70,2005,CD,14A,254.4,-42.6,CD14A_2005_70,,
71,2005,CD,14B,253.8,-50.7,CD14B_2005_71,,
71,2005,CD,14B,249.7,-50.3,CD14B_2005_71,,
71,2005,CD,14B,249.5,-52.3,CD14B_2005_71,,
71,2005,CD,14B,253.6,-52.7,CD14B_2005_71,,
72,2005,CD,14C,246,-63,CD14C_2005_72,,
72,2005,CD,14C,248,-63,CD14C_2005_72,,
72,2005,CD,14C,248,-65,CD14C_2005_72,,
72,2005,CD,14C,246,-65,CD14C_2005_72,,
73,2005,T,30G,177,-49,T30G_2005_73,,
73,2005,T,30G,177,-52,T30G_2005_73,,
73,2005,T,30G,181.6,-52.4,T30G_2005_73,,
73,2005,T,30G,181.6,-49.6,T30G_2005_73,,
74,2005,T,30F,180,-52,T30F_2005_74,,
74,2005,T,30F,182,-52,T30F_2005_74,,
74,2005,T,30F,182,-54,T30F_2005_74,,
74,2005,T,30F,180,-54,T30F_2005_74,,
75,2005,T,30D,182,-54.6,T30D_2005_75,,
75,2005,T,30D,182,-52,T30D_2005_75,,
75,2005,T,30D,185,-52,T30D_2005_75,,
75,2005,T,30D,185,-55.3,T30D_2005_75,,
76,2005,T,30H,182,-50,T30H_2005_76,,
76,2005,T,30H,185,-50,T30H_2005_76,,
76,2005,T,30H,185,-52,T30H_2005_76,,
76,2005,T,30H,182,-52,T30H_2005_76,,
77,2005,T,36,167,-52,T36_2005_77,,
77,2005,T,36,171,-52,T36_2005_77,,
77,2005,T,36,171,-56,T36_2005_77,,
77,2005,T,36,167,-56,T36_2005_77,,
78,2005,T,37,150,-52,T37_2005_78,,
78,2005,T,37,150,-55,T37_2005_78,,
78,2005,T,37,148,-55,T37_2005_78,,
78,2005,T,37,148,-58,T37_2005_78,,
78,2005,T,37,144,-58,T37_2005_78,,
78,2005,T,37,144,-54,T37_2005_78,,
78,2005,T,37,148,-54,T37_2005_78,,
78,2005,T,37,148,-52,T37_2005_78,,
79,2005,T,42A,202,-81,T42A_2005_79,,
79,2005,T,42A,205,-81,T42A_2005_79,,
79,2005,T,42A,205,-77,T42A_2005_79,,
79,2005,T,42A,203,-77,T42A_2005_79,,
79,2005,T,42A,203,-79,T42A_2005_79,,
79,2005,T,42A,202,-79,T42A_2005_79,,
80,2005,T,42B,207,-76,T42B_2005_80,,
80,2005,T,42B,209,-76,T42B_2005_80,,
80,2005,T,42B,209,-80,T42B_2005_80,,
80,2005,T,42B,206,-80,T42B_2005_80,,
80,2005,T,42B,206,-78,T42B_2005_80,,
80,2005,T,42B,207,-78,T42B_2005_80,,
81,2005,T,42C,207,-77,T42C_2005_81,,
81,2005,T,42C,208,-77,T42C_2005_81,,
81,2005,T,42C,208,-79,T42C_2005_81,,
81,2005,T,42C,207,-79,T42C_2005_81,,
82,2005,T,43A,222,-72,T43A_2005_82,,
82,2005,T,43A,222,-67,T43A_2005_82,,
82,2005,T,43A,224,-67,T43A_2005_82,,
82,2005,T,43A,224,-72,T43A_2005_82,,
83,2005,T,43B,222,-72,T43B_2005_83,,
83,2005,T,43B,222,-76,T43B_2005_83,,
83,2005,T,43B,224,-76,T43B_2005_83,,
83,2005,T,43B,224,-72,T43B_2005_83,,
84,2005,T,44,199,-89,T44_2005_84,,
84,2005,T,44,199,-92,T44_2005_84,,
84,2005,T,44,202,-91,T44_2005_84,,
84,2005,T,44,202,-88,T44_2005_84,,
85,2005,T,44A,198.5,-92,T44A_2005_85,,
85,2005,T,44A,201.5,-92,T44A_2005_85,,
85,2005,T,44A,201.5,-95,T44A_2005_85,,
85,2005,T,44A,198.5,-95,T44A_2005_85,,
86,2005,T,44C,198.5,-95.5,T44C_2005_86,,
86,2005,T,44C,198.5,-98.5,T44C_2005_86,,
86,2005,T,44C,201.5,-98.5,T44C_2005_86,,
86,2005,T,44C,201.5,-95.5,T44C_2005_86,,
87,2005,T,44D,202,-95.5,T44D_2005_87,,
87,2005,T,44D,205,-95.5,T44D_2005_87,,
87,2005,T,44D,205,-98.5,T44D_2005_87,,
87,2005,T,44D,202,-98.5,T44D_2005_87,,
88,2004,T,30A,177,-45,T30A_2004_88,,
88,2004,T,30A,177,-49,T30A_2004_88,,
88,2004,T,30A,180,-49,T30A_2004_88,,
88,2004,T,30A,180,-45,T30A_2004_88,,
89,2004,T,30B,182,-46,T30B_2004_89,,
89,2004,T,30B,182,-49,T30B_2004_89,,
89,2004,T,30B,185,-49,T30B_2004_89,,
89,2004,T,30B,185,-46,T30B_2004_89,,
90,2004,T,30C,177,-52,T30C_2004_90,,
90,2004,T,30C,180,-52,T30C_2004_90,,
90,2004,T,30C,180,-55,T30C_2004_90,,
90,2004,T,30C,177,-55,T30C_2004_90,,
91,2004,T,30D,182,-52,T30D_2004_91,,
91,2004,T,30D,182,-54.6,T30D_2004_91,,
91,2004,T,30D,185,-55.3,T30D_2004_91,,
91,2004,T,30D,185,-52,T30D_2004_91,,
92,2004,T,30E,178,-57,T30E_2004_92,,
92,2004,T,30E,178,-60,T30E_2004_92,,
92,2004,T,30E,176,-60,T30E_2004_92,,
92,2004,T,30E,176,-57,T30E_2004_92,,
93,2004,T,37A,144,-58,T37A_2004_93,,
93,2004,T,37A,148,-58,T37A_2004_93,,
93,2004,T,37A,148,-60,T37A_2004_93,,
93,2004,T,37A,144,-60,T37A_2004_93,,
93,2004,T,37A,144,-59,T37A_2004_93,,
93,2004,T,37A,143,-59,T37A_2004_93,,
93,2004,T,37A,143,-61,T37A_2004_93,,
93,2004,T,37A,145,-61,T37A_2004_93,,
93,2004,T,37A,145,-60,T37A_2004_93,,
94,2004,T,37B,144,-55,T37B_2004_94,,
94,2004,T,37B,144,-57,T37B_2004_94,,
94,2004,T,37B,148,-57,T37B_2004_94,,
94,2004,T,37B,148,-55,T37B_2004_94,,
95,2004,T,37C,148,-52,T37C_2004_95,,
95,2004,T,37C,144,-52,T37C_2004_95,,
95,2004,T,37C,144,-54,T37C_2004_95,,
95,2004,T,37C,148,-54,T37C_2004_95,,
96,2004,T,40A,202,-86,T40A_2004_96,,
96,2004,T,40A,204,-86,T40A_2004_96,,
96,2004,T,40A,204,-89,T40A_2004_96,,
96,2004,T,40A,202,-89,T40A_2004_96,,
97,2004,T,40B,202,-87,T40B_2004_97,,
97,2004,T,40B,204,-87,T40B_2004_97,,
97,2004,T,40B,204,-91,T40B_2004_97,,
97,2004,T,40B,202,-91,T40B_2004_97,,
98,2004,T,41A,222,-54,T41A_2004_98,,
98,2004,T,41A,224,-54,T41A_2004_98,,
98,2004,T,41A,224,-55,T41A_2004_98,,
98,2004,T,41A,226,-55,T41A_2004_98,,
98,2004,T,41A,226,-57,T41A_2004_98,,
98,2004,T,41A,223,-57,T41A_2004_98,,
98,2004,T,41A,223,-56,T41A_2004_98,,
98,2004,T,41A,222,-56,T41A_2004_98,,
99,2004,T,41B,228,-52,T41B_2004_99,,
99,2004,T,41B,230,-52,T41B_2004_99,,
99,2004,T,41B,230,-55,T41B_2004_99,,
99,2004,T,41B,228,-55,T41B_2004_99,,
100,2003,CA,54,19,0,CA54_2003_100,,
100,2003,CA,54,19,-3,CA54_2003_100,,
100,2003,CA,54,22,-3,CA54_2003_100,,
100,2003,CA,54,22,0,CA54_2003_100,,
101,2003,T,28_North,192,-80,T28_North_2003_101,,
101,2003,T,28_North,193.4,-80.47,T28_North_2003_101,,
101,2003,T,28_North,193.36,-84.16,T28_North_2003_101,,
101,2003,T,28_North,195.27,-84.13,T28_North_2003_101,,
101,2003,T,28_North,195.34,-85.34,T28_North_2003_101,,
101,2003,T,28_North,192,-85.25,T28_North_2003_101,,
102,2003,T,30,182,-52,T30_2003_102,,
102,2003,T,30,182,-49,T30_2003_102,,
102,2003,T,30,178,-49,T30_2003_102,,
102,2003,T,30,178,-52,T30_2003_102,,
103,2003,T,31,180,-58,T31_2003_103,,
103,2003,T,31,180,-55,T31_2003_103,,
103,2003,T,31,178,-55,T31_2003_103,,
103,2003,T,31,178,-58,T31_2003_103,,
104,2003,T,32,167,-58.5,T32_2003_104,,
104,2003,T,32,168,-58.5,T32_2003_104,,
104,2003,T,32,169,-58.5,T32_2003_104,,
104,2003,T,32,170,-58.5,T32_2003_104,,
104,2003,T,32,170,-59.5,T32_2003_104,,
104,2003,T,32,170,-60.5,T32_2003_104,,
104,2003,T,32,169,-60.5,T32_2003_104,,
104,2003,T,32,168,-60.5,T32_2003_104,,
104,2003,T,32,167,-60.5,T32_2003_104,,
104,2003,T,32,167,-59.5,T32_2003_104,,
105,2003,T,33,161,-58.5,T33_2003_105,,
105,2003,T,33,161,-60.5,T33_2003_105,,
105,2003,T,33,164,-60.5,T33_2003_105,,
105,2003,T,33,164,-58.5,T33_2003_105,,
106,2003,T,34,144.5,-48,T34_2003_106,,
106,2003,T,34,148.5,-48,T34_2003_106,,
106,2003,T,34,148.5,-50,T34_2003_106,,
106,2003,T,34,144.5,-50,T34_2003_106,,
107,2003,T,35,145,-44,T35_2003_107,,
107,2003,T,35,145,-39,T35_2003_107,,
107,2003,T,35,145,-36.5,T35_2003_107,,
107,2003,T,35,148,-36.5,T35_2003_107,,
107,2003,T,35,150,-39,T35_2003_107,,
107,2003,T,35,150,-42,T35_2003_107,,
107,2003,T,35,150.5,-42,T35_2003_107,,
107,2003,T,35,150.5,-44,T35_2003_107,,
108,2003,TNF,1,30.2,156,TNF1_2003_108,,
108,2003,TNF,1,30.2,150,TNF1_2003_108,,
108,2003,TNF,1,36.2,150,TNF1_2003_108,,
108,2003,TNF,1,36.2,156,TNF1_2003_108,,
109,2003,TNF,1,30.2,156,TNF1_2003_109,,
109,2003,TNF,1,30.2,150,TNF1_2003_109,,
109,2003,TNF,1,36.2,150,TNF1_2003_109,,
109,2003,TNF,1,36.2,156,TNF1_2003_109,,
110,2003,TST,1,193,92,TST1_2003_110,,
110,2003,TST,1,193,97,TST1_2003_110,,
110,2003,TST,1,198,97,TST1_2003_110,,
110,2003,TST,1,198,92,TST1_2003_110,,
111,2002,T,28_South,192,-86,T28_South_2002_111,,
111,2002,T,28_South,194,-86,T28_South_2002_111,,
111,2002,T,28_South,194,-87,T28_South_2002_111,,
111,2002,T,28_South,194,-88,T28_South_2002_111,,
111,2002,T,28_South,194,-89,T28_South_2002_111,,
111,2002,T,28_South,192,-89,T28_South_2002_111,,
112,2002,T,29,175,-79,T29_2002_112,,
112,2002,T,29,175,-83,T29_2002_112,,
112,2002,T,29,177,-83,T29_2002_112,,
112,2002,T,29,177,-79,T29_2002_112,,
113,2001,CA,48,55,46,CA48_2001_113,,
113,2001,CA,48,51,46,CA48_2001_113,,
113,2001,CA,48,51,42,CA48_2001_113,,
113,2001,CA,48,55,42,CA48_2001_113,,
114,2001,CB,32,-70,-42,CB32_2001_114,,
114,2001,CB,32,-72,-42,CB32_2001_114,,
114,2001,CB,32,-72,-38,CB32_2001_114,,
114,2001,CB,32,-76,-38,CB32_2001_114,,
114,2001,CB,32,-76,-36.5,CB32_2001_114,,
114,2001,CB,32,-80,-36.5,CB32_2001_114,,
114,2001,CB,32,-80,-31,CB32_2001_114,,
114,2001,CB,32,-78,-31,CB32_2001_114,,
114,2001,CB,32,-78,-34,CB32_2001_114,,
114,2001,CB,32,-75,-34,CB32_2001_114,,
114,2001,CB,32,-75,-36,CB32_2001_114,,
114,2001,CB,32,-74,-36,CB32_2001_114,,
114,2001,CB,32,-74,-34,CB32_2001_114,,
114,2001,CB,32,-72,-34,CB32_2001_114,,
114,2001,CB,32,-72,-32,CB32_2001_114,,
114,2001,CB,32,-70,-32,CB32_2001_114,,
114,2001,CB,32,-70,-36,CB32_2001_114,,
114,2001,CB,32,-67,-36,CB32_2001_114,,
114,2001,CB,32,-67,-38,CB32_2001_114,,
114,2001,CB,32,-70,-38,CB32_2001_114,,
115,2001,CD,9,272,-272,CD9_2001_115,,
115,2001,CD,9,272,-274,CD9_2001_115,,
115,2001,CD,9,274,-274,CD9_2001_115,,
115,2001,CD,9,274,-272,CD9_2001_115,,
116,2001,CD,9,278,-272,CD9_2001_116,,
116,2001,CD,9,278,-274,CD9_2001_116,,
116,2001,CD,9,280,-274,CD9_2001_116,,
116,2001,CD,9,280,-272,CD9_2001_116,,
117,2001,CD,9,275,-273,CD9_2001_117,,
117,2001,CD,9,277,-273,CD9_2001_117,,
117,2001,CD,9,277,-275,CD9_2001_117,,
117,2001,CD,9,279,-275,CD9_2001_117,,
117,2001,CD,9,279,-276,CD9_2001_117,,
117,2001,CD,9,280,-276,CD9_2001_117,,
117,2001,CD,9,280,-277,CD9_2001_117,,
117,2001,CD,9,279,-277,CD9_2001_117,,
117,2001,CD,9,279,-278,CD9_2001_117,,
117,2001,CD,9,275,-278,CD9_2001_117,,
118,2001,T,9,215,13,T9_2001_118,,
118,2001,T,9,217,13,T9_2001_118,,
118,2001,T,9,217,14.5,T9_2001_118,,
118,2001,T,9,215,14.5,T9_2001_118,,
119,2001,T,18,173,35,T18_2001_119,,
119,2001,T,18,170,35,T18_2001_119,,
119,2001,T,18,170,33,T18_2001_119,,
119,2001,T,18,168,33,T18_2001_119,,
119,2001,T,18,168,30.5,T18_2001_119,,
119,2001,T,18,170,30.5,T18_2001_119,,
119,2001,T,18,170,29.5,T18_2001_119,,
119,2001,T,18,171,29.5,T18_2001_119,,
119,2001,T,18,171,30.5,T18_2001_119,,
119,2001,T,18,173,30.5,T18_2001_119,,
120,2001,T,21,160,-50,T21_2001_120,,
120,2001,T,21,160,-54,T21_2001_120,,
120,2001,T,21,162,-54,T21_2001_120,,
120,2001,T,21,162,-52,T21_2001_120,,
120,2001,T,21,164,-52,T21_2001_120,,
120,2001,T,21,164,-50,T21_2001_120,,
120,2001,T,21,160,-50,T21_2001_120,,
121,2001,T,26_South_Ext,186,-54,T26_South_Ext_2001_121,,
121,2001,T,26_South_Ext,186,-55.3,T26_South_Ext_2001_121,,
121,2001,T,26_South_Ext,189,-56,T26_South_Ext_2001_121,,
121,2001,T,26_South_Ext,189,-54,T26_South_Ext_2001_121,,
122,2001,T,28_South,195,-88,T28_South_2001_122,,
122,2001,T,28_South,199,-88,T28_South_2001_122,,
122,2001,T,28_South,199,-91,T28_South_2001_122,,
122,2001,T,28_South,195,-91,T28_South_2001_122,,
123,2001,T,28_North,195,-77,T28_North_2001_123,,
123,2001,T,28_North,195,-82,T28_North_2001_123,,
123,2001,T,28_North,199,-82,T28_North_2001_123,,
123,2001,T,28_North,199,-77,T28_North_2001_123,,
124,2000,CA,43,-10,-8,CA43_2000_124,,
124,2000,CA,43,-10,-4.5,CA43_2000_124,,
124,2000,CA,43,-7,-5.9,CA43_2000_124,,
124,2000,CA,43,-7,-8,CA43_2000_124,,
125,2000,CA,44,-16,-2,CA44_2000_125,,
125,2000,CA,44,-16,-6,CA44_2000_125,,
125,2000,CA,44,-14,-6,CA44_2000_125,,
125,2000,CA,44,-14,-8,CA44_2000_125,,
125,2000,CA,44,-11,-8,CA44_2000_125,,
125,2000,CA,44,-11,-4,CA44_2000_125,,
125,2000,CA,44,-14,-4,CA44_2000_125,,
125,2000,CA,44,-14,-2,CA44_2000_125,,
126,2000,CA,45,-16,-4,CA45_2000_126,,
126,2000,CA,45,-16,-7,CA45_2000_126,,
126,2000,CA,45,-19,-7,CA45_2000_126,,
126,2000,CA,45,-19,-4,CA45_2000_126,,
127,2000,CA,46,-31,8,CA46_2000_127,,
127,2000,CA,46,-28,8,CA46_2000_127,,
127,2000,CA,46,-28,4,CA46_2000_127,,
127,2000,CA,46,-31,4,CA46_2000_127,,
128,2000,CA,47,-33,4,CA47_2000_128,,
128,2000,CA,47,-36,4,CA47_2000_128,,
128,2000,CA,47,-36,8,CA47_2000_128,,
128,2000,CA,47,-33,8,CA47_2000_128,,
129,2000,T,21,160,-50,T21_2000_129,,
129,2000,T,21,160,-54,T21_2000_129,,
129,2000,T,21,162,-54,T21_2000_129,,
129,2000,T,21,162,-52,T21_2000_129,,
129,2000,T,21,164,-52,T21_2000_129,,
129,2000,T,21,164,-50,T21_2000_129,,
129,2000,T,21,160,-50,T21_2000_129,,
130,2000,T,21A,157,-58,T21A_2000_130,,
130,2000,T,21A,157,-55,T21A_2000_130,,
130,2000,T,21A,153,-55,T21A_2000_130,,
130,2000,T,21A,153,-58,T21A_2000_130,,
131,2000,T,22West_Ext,164,-50,T22West_Ext_2000_131,,
131,2000,T,22West_Ext,164,-52,T22West_Ext_2000_131,,
131,2000,T,22West_Ext,167,-52,T22West_Ext_2000_131,,
131,2000,T,22West_Ext,167,-50,T22West_Ext_2000_131,,
132,2000,T,22West_Ext,167,-50,T22West_Ext_2000_132,,
132,2000,T,22West_Ext,167,-52,T22West_Ext_2000_132,,
132,2000,T,22West_Ext,164,-52,T22West_Ext_2000_132,,
132,2000,T,22West_Ext,164,-50,T22West_Ext_2000_132,,
133,2000,TSF,Extension A,167,-28,TSFExtension A_2000_133,,
133,2000,TSF,Extension A,167,-24.5,TSFExtension A_2000_133,,
133,2000,TSF,Extension A,169,-28,TSFExtension A_2000_133,,
133,2000,TSF,Extension A,169,-29.5,TSFExtension A_2000_133,,
134,2000,TSF,Extension B,169,-34,TSFExtension B_2000_134,,
134,2000,TSF,Extension B,169.5,-36,TSFExtension B_2000_134,,
134,2000,TSF,Extension B,173,-36,TSFExtension B_2000_134,,
134,2000,TSF,Extension B,173,-34,TSFExtension B_2000_134,,
135,1999,CA,42,-16,5,CA42_1999_135,,
135,1999,CA,42,-16,3,CA42_1999_135,,
135,1999,CA,42,-11,3,CA42_1999_135,,
135,1999,CA,42,-11,5,CA42_1999_135,,
136,1999,T,26_North,186,-49,T26_North_1999_136,,
136,1999,T,26_North,188,-49,T26_North_1999_136,,
136,1999,T,26_North,188,-50,T26_North_1999_136,,
136,1999,T,26_North,186,-50,T26_North_1999_136,,
137,1999,T,26_South,186,-54,T26_South_1999_137,,
137,1999,T,26_South,186,-53,T26_South_1999_137,,
137,1999,T,26_South,188,-53,T26_South_1999_137,,
137,1999,T,26_South,188,-54,T26_South_1999_137,,
138,1999,TSF,Extension A,158,-25,TSFExtension A_1999_138,,
138,1999,TSF,Extension A,158,-35,TSFExtension A_1999_138,,
138,1999,TSF,Extension A,163,-35,TSFExtension A_1999_138,,
138,1999,TSF,Extension A,163,-31,TSFExtension A_1999_138,,
138,1999,TSF,Extension A,164,-31,TSFExtension A_1999_138,,
138,1999,TSF,Extension A,164,-35,TSFExtension A_1999_138,,
138,1999,TSF,Extension A,166,-35,TSFExtension A_1999_138,,
138,1999,TSF,Extension A,166,-31,TSFExtension A_1999_138,,
138,1999,TSF,Extension A,168,-31,TSFExtension A_1999_138,,
138,1999,TSF,Extension A,168,-25,TSFExtension A_1999_138,,
139,1999,TSF,Extension B,169,-26,TSFExtension B_1999_139,,
139,1999,TSF,Extension B,169,-30,TSFExtension B_1999_139,,
139,1999,TSF,Extension B,171,-30,TSFExtension B_1999_139,,
139,1999,TSF,Extension B,171,-26,TSFExtension B_1999_139,,
140,1999,TSF,Extension C,175,-28,TSFExtension C_1999_140,,
140,1999,TSF,Extension C,175,-36,TSFExtension C_1999_140,,
140,1999,TSF,Extension C,179,-36,TSFExtension C_1999_140,,
140,1999,TSF,Extension C,179,-28,TSFExtension C_1999_140,,
141,1999,A,9_South_Ext,122,-20,A9_South_Ext_1999_141,,
141,1999,A,9_South_Ext,126,-20,A9_South_Ext_1999_141,,
141,1999,A,9_South_Ext,126,-25,A9_South_Ext_1999_141,,
141,1999,A,9_South_Ext,122,-25,A9_South_Ext_1999_141,,
142,1998,CA,42,-16,7,CA42_1998_142,,
142,1998,CA,42,-16,1,CA42_1998_142,,
142,1998,CA,42,-10,1,CA42_1998_142,,
142,1998,CA,42,-10,7,CA42_1998_142,,
143,1998,CA,42_Ext,-17,6,CA42_Ext_1998_143,,
143,1998,CA,42_Ext,-17,1,CA42_Ext_1998_143,,
143,1998,CA,42_Ext,-18,1,CA42_Ext_1998_143,,
143,1998,CA,42_Ext,-18,6,CA42_Ext_1998_143,,
144,1998,CA,42_North,-13,10,CA42_North_1998_144,,
144,1998,CA,42_North,-10,10,CA42_North_1998_144,,
144,1998,CA,42_North,-10,12,CA42_North_1998_144,,
144,1998,CA,42_North,-7,12,CA42_North_1998_144,,
144,1998,CA,42_North,-7,16,CA42_North_1998_144,,
144,1998,CA,42_North,-13,16,CA42_North_1998_144,,
145,1998,CA,48,77,-13,CA48_1998_145,,
145,1998,CA,48,85,-13,CA48_1998_145,,
145,1998,CA,48,85,-16,CA48_1998_145,,
145,1998,CA,48,77,-16,CA48_1998_145,,
146,1998,CA,49,77,18,CA49_1998_146,,
146,1998,CA,49,77,21,CA49_1998_146,,
146,1998,CA,49,78,21,CA49_1998_146,,
146,1998,CA,49,78,22,CA49_1998_146,,
146,1998,CA,49,80,22,CA49_1998_146,,
146,1998,CA,49,80,21,CA49_1998_146,,
146,1998,CA,49,85,21,CA49_1998_146,,
146,1998,CA,49,85,18,CA49_1998_146,,
147,1998,T,25_Ext,149,-55,T25_Ext_1998_147,,
147,1998,T,25_Ext,149,-60,T25_Ext_1998_147,,
147,1998,T,25_Ext,151,-60,T25_Ext_1998_147,,
147,1998,T,25_Ext,151,-55,T25_Ext_1998_147,,
148,1998,T,26_North,186,-49,T26_North_1998_148,,
148,1998,T,26_North,188,-49,T26_North_1998_148,,
148,1998,T,26_North,188,-50,T26_North_1998_148,,
148,1998,T,26_North,186,-50,T26_North_1998_148,,
149,1998,T,26_North,186,-49,T26_North_1998_149,,
149,1998,T,26_North,188,-49,T26_North_1998_149,,
149,1998,T,26_North,188,-50,T26_North_1998_149,,
149,1998,T,26_North,186,-50,T26_North_1998_149,,
150,1998,T,26_South,186,-53,T26_South_1998_150,,
150,1998,T,26_South,188,-53,T26_South_1998_150,,
150,1998,T,26_South,188,-54,T26_South_1998_150,,
150,1998,T,26_South,186,-54,T26_South_1998_150,,
151,1998,TSF,0,136,-30,TSF0_1998_151,,
151,1998,TSF,0,136,-22,TSF0_1998_151,,
151,1998,TSF,0,140,-22,TSF0_1998_151,,
151,1998,TSF,0,140,-19,TSF0_1998_151,,
151,1998,TSF,0,142,-19,TSF0_1998_151,,
151,1998,TSF,0,142,-22,TSF0_1998_151,,
151,1998,TSF,0,141,-22,TSF0_1998_151,,
151,1998,TSF,0,141,-28,TSF0_1998_151,,
151,1998,TSF,0,144,-28,TSF0_1998_151,,
151,1998,TSF,0,144,-30,TSF0_1998_151,,
152,1998,A,9_Ext,125,-11,A9_Ext_1998_152,,
152,1998,A,9_Ext,125,-15,A9_Ext_1998_152,,
152,1998,A,9_Ext,130,-15,A9_Ext_1998_152,,
152,1998,A,9_Ext,130,-11,A9_Ext_1998_152,,
153,1997,CA,41,-1,1,CA41_1997_153,,
153,1997,CA,41,-1,7,CA41_1997_153,,
153,1997,CA,41,-9,7,CA41_1997_153,,
153,1997,CA,41,-9,1,CA41_1997_153,,
154,1997,CA,42,-16,7,CA42_1997_154,,
154,1997,CA,42,-16,1,CA42_1997_154,,
154,1997,CA,42,-10,1,CA42_1997_154,,
154,1997,CA,42,-10,7,CA42_1997_154,,
155,1997,CA,42_Ext,-17,6,CA42_Ext_1997_155,,
155,1997,CA,42_Ext,-17,1,CA42_Ext_1997_155,,
155,1997,CA,42_Ext,-18,1,CA42_Ext_1997_155,,
155,1997,CA,42_Ext,-18,6,CA42_Ext_1997_155,,
156,2009,T,50,176,-57,T50_2009_156,,
156,2009,T,50,176,-59.5,T50_2009_156,,
156,2009,T,50,174.4,-59.5,T50_2009_156,,
156,2009,T,50,174.4,-57,T50_2009_156,,
157,1966,CA,1,101.7457427,-7.71515479,CA1_1966_157,,
157,1966,CA,1,118.616927,-9.80396808,CA1_1966_157,,
157,1966,CA,1,118.3711843,-11.78881329,CA1_1966_157,,
157,1966,CA,1,121.3484521,-12.1574274,CA1_1966_157,,
157,1966,CA,1,121.5941948,-10.17258219,CA1_1966_157,,
157,1966,CA,1,126.5563079,-10.78693904,CA1_1966_157,,
157,1966,CA,1,128.0307643,1.12213221,CA1_1966_157,,
157,1966,CA,1,120.0913835,2.10510318,CA1_1966_157,,
157,1966,CA,1,119.3541552,-3.84943245,CA1_1966_157,,
157,1966,CA,1,102.482971,-1.76061916,CA1_1966_157,,
158,1966,CA,2a,86.29428157,-3.31359826,CA2a_1966_158,,
158,1966,CA,2a,87.20662468,2.61663192,CA2a_1966_158,,
158,1966,CA,2a,81.27639449,3.52897503,CA2a_1966_158,,
158,1966,CA,2a,80.36405139,-2.40125516,CA2a_1966_158,,
159,1966,CA,2b,85.68605284,-7.26708505,CA2b_1966_159,,
159,1966,CA,2b,86.29428157,-3.31359826,CA2b_1966_159,,
159,1966,CA,2b,80.36405139,-2.40125516,CA2b_1966_159,,
159,1966,CA,2b,79.75582265,-6.35474195,CA2b_1966_159,,
160,1967,CA,2c,79.75582265,-6.35474195,CA2c_1967_160,,
160,1967,CA,2c,81.27639449,3.52897503,CA2c_1967_160,,
160,1967,CA,2c,79.2996511,3.8330894,CA2c_1967_160,,
160,1967,CA,2c,77.779,-6.051,CA2c_1967_160,,
161,1967,CA,2d,87.66279623,-7.57119942,CA2d_1967_161,,
161,1967,CA,2d,89.18336808,2.31251756,CA2d_1967_161,,
161,1967,CA,2d,87.20662468,2.61663192,CA2d_1967_161,,
161,1967,CA,2d,85.68605284,-7.26708505,CA2d_1967_161,,
162,1967,CA,2e,77.77907926,-6.05062758,CA2e_1967_162,,
162,1967,CA,2e,79.2996511,3.8330894,CA2e_1967_162,,
162,1967,CA,2e,77.3229077,4.13720377,CA2e_1967_162,,
162,1967,CA,2e,75.80233586,-5.74651321,CA2e_1967_162,,
163,1967,CA,2f,75.80233586,-5.74651321,CA2f_1967_163,,
163,1967,CA,2f,77.3229077,4.13720377,CA2f_1967_163,,
163,1967,CA,2f,75.34616431,4.44131814,CA2f_1967_163,,
163,1967,CA,2f,73.82559247,-5.44239884,CA2f_1967_163,,
164,1968,CA,2g,92.60465472,-8.33148534,CA2g_1968_164,,
164,1968,CA,2g,94.12522656,1.55223164,CA2g_1968_164,,
164,1968,CA,2g,89.18336808,2.31251756,CA2g_1968_164,,
164,1968,CA,2g,87.66279623,-7.57119942,CA2g_1968_164,,
165,1968,CA,2h,97.54651321,-9.09177126,CA2h_1968_165,,
165,1968,CA,2h,99.06708505,0.79194571,CA2h_1968_165,,
165,1968,CA,2h,94.12522656,1.55223164,CA2h_1968_165,,
165,1968,CA,2h,92.60465472,-8.33148534,CA2h_1968_165,,
166,1968,CA,2i,101.5,-9.7,CA2i_1968_166,,
166,1968,CA,2i,103.0205718,0.18371698,CA2i_1968_166,,
166,1968,CA,2i,99.06708505,0.79194571,CA2i_1968_166,,
166,1968,CA,2i,97.54651321,-9.09177126,CA2i_1968_166,,
167,1968,CA,2j,89.18336808,2.31251756,CA2j_1968_167,,
167,1968,CA,2j,89.943654,7.25437604,CA2j_1968_167,,
167,1968,CA,2j,76.10645023,9.38317662,CA2j_1968_167,,
167,1968,CA,2j,75.34616431,4.44131814,CA2j_1968_167,,
168,1968,CA,2k,103.0205718,0.18371698,CA2k_1968_168,,
168,1968,CA,2k,103.7808578,5.12557547,CA2k_1968_168,,
168,1968,CA,2k,89.943654,7.25437604,CA2k_1968_168,,
168,1968,CA,2k,89.18336808,2.31251756,CA2k_1968_168,,
169,1970,CA,24,114.4,-51.9,CA24_1970_169,,
169,1970,CA,24,126.0742629,-14.68828698,CA24_1970_169,,
169,1970,CA,24,119.3952375,-12.59290646,CA24_1970_169,,
169,1970,CA,24,108.6751211,-50.10395955,CA24_1970_169,,
170,1968,CA,10,129.6,-41.84,CA10_1968_170,,
170,1968,CA,10,133.7914328,-29.53423343,CA10_1968_170,,
170,1968,CA,10,124.3254585,-26.31005433,CA10_1968_170,,
170,1968,CA,10,120.1340257,-38.6158209,CA10_1968_170,,
171,1968,CA,11x,128.1201199,-49.92597684,CA11x_1968_171,,
171,1968,CA,11x,129.6,-45.15,CA11x_1968_171,,
171,1968,CA,11x,126.7344139,-44.26207191,CA11x_1968_171,,
171,1968,CA,11x,126.1424618,-46.17246265,CA11x_1968_171,,
171,1968,CA,11x,123.2768757,-45.28453456,CA11x_1968_171,,
171,1968,CA,11x,122.3889476,-48.15012066,CA11x_1968_171,,
172,1968,CA,11,121.7975787,-50.06094789,CA11_1968_172,,
172,1968,CA,11,116.0661574,-48.28589577,CA11_1968_172,,
172,1968,CA,11,115.9057371,-55.56423798,CA11_1968_172,,
172,1968,CA,11,115.609895,-56.51947486,CA11_1968_172,,
172,1968,CA,11,119.4308426,-57.70284294,CA11_1968_172,,
173,1992,CA,33,-40,24,CA33_1992_173,,
173,1992,CA,33,-35,24,CA33_1992_173,,
173,1992,CA,33,-35,26.75,CA33_1992_173,,
173,1992,CA,33,-40,26.75,CA33_1992_173,,
174,1991,CA,33,-41,31,CA33_1991_174,,
174,1991,CA,33,-41,33,CA33_1991_174,,
174,1991,CA,33,-40,33,CA33_1991_174,,
174,1991,CA,33,-40,35,CA33_1991_174,,
174,1991,CA,33,-37,35,CA33_1991_174,,
174,1991,CA,33,-37,33,CA33_1991_174,,
174,1991,CA,33,-33,33,CA33_1991_174,,
174,1991,CA,33,-33,31,CA33_1991_174,,
174,1991,CA,33,-36,31,CA33_1991_174,,
174,1991,CA,33,-36,29,CA33_1991_174,,
174,1991,CA,33,-38,29,CA33_1991_174,,
174,1991,CA,33,-38,31,CA33_1991_174,,
175,1990,CA,33,-39,35.5,CA33_1990_175,,
175,1990,CA,33,-39,36.5,CA33_1990_175,,
175,1990,CA,33,-40.25,36.5,CA33_1990_175,,
175,1990,CA,33,-40.25,44,CA33_1990_175,,
175,1990,CA,33,-36.75,44,CA33_1990_175,,
175,1990,CA,33,-36.75,42,CA33_1990_175,,
175,1990,CA,33,-35.25,42,CA33_1990_175,,
175,1990,CA,33,-35.5,37.5,CA33_1990_175,,
175,1990,CA,33,-32.25,37.75,CA33_1990_175,,
175,1990,CA,33,-32,34,CA33_1990_175,,
175,1990,CA,33,-35,33.75,CA33_1990_175,,
175,1990,CA,33,-35.25,36.5,CA33_1990_175,,
175,1990,CA,33,-36.75,36.25,CA33_1990_175,,
175,1990,CA,33,-36.75,38.25,CA33_1990_175,,
175,1990,CA,33,-37.25,38.25,CA33_1990_175,,
175,1990,CA,33,-37.25,35.5,CA33_1990_175,,
176,1995,CA,33,-32.25,39.25,CA33_1995_176,,
176,1995,CA,33,-34.25,39,CA33_1995_176,,
176,1995,CA,33,-34.75,41.25,CA33_1995_176,,
176,1995,CA,33,-32.75,41.5,CA33_1995_176,,
177,1990,CA,35,-46,41,CA35_1990_177,,
177,1990,CA,35,-49.25,41,CA35_1990_177,,
177,1990,CA,35,-49.25,43.75,CA35_1990_177,,
177,1990,CA,35,-46,43.75,CA35_1990_177,,
178,1990,CA,33,-40.5,46.5,CA33_1990_178,,
178,1990,CA,33,-40.75,49.5,CA33_1990_178,,
178,1990,CA,33,-36.75,50,CA33_1990_178,,
178,1990,CA,33,-36.5,46.75,CA33_1990_178,,
179,1991,CA,36,-2,0,CA36_1991_179,,
179,1991,CA,36,-2,7,CA36_1991_179,,
179,1991,CA,36,1,7,CA36_1991_179,,
179,1991,CA,36,1,0,CA36_1991_179,,
180,1991,CA,37,11.43,0,CA37_1991_180,,
180,1991,CA,37,11.43,-4,CA37_1991_180,,
180,1991,CA,37,10.43,-4,CA37_1991_180,,
180,1991,CA,37,10.43,-7,CA37_1991_180,,
180,1991,CA,37,11.43,-7,CA37_1991_180,,
180,1991,CA,37,11.43,-8,CA37_1991_180,,
180,1991,CA,37,13.43,-8,CA37_1991_180,,
180,1991,CA,37,13.43,-7,CA37_1991_180,,
180,1991,CA,37,14.43,-7,CA37_1991_180,,
180,1991,CA,37,14.43,-5,CA37_1991_180,,
180,1991,CA,37,13.43,-5,CA37_1991_180,,
180,1991,CA,37,13.43,0,CA37_1991_180,,
181,1993,CA,37,7,0,CA37_1993_181,,
181,1993,CA,37,11,0,CA37_1993_181,,
181,1993,CA,37,11,-4,CA37_1993_181,,
181,1993,CA,37,9,-4,CA37_1993_181,,
181,1993,CA,37,9,-1,CA37_1993_181,,
181,1993,CA,37,7,-1,CA37_1993_181,,
182,1991,CA,38,29.43,-11,CA38_1991_182,,
182,1991,CA,38,31.43,-11,CA38_1991_182,,
182,1991,CA,38,31.43,-13,CA38_1991_182,,
182,1991,CA,38,29.43,-13,CA38_1991_182,,
183,1991,CA,39,-4.57,30,CA39_1991_183,,
183,1991,CA,39,-4.57,25,CA39_1991_183,,
183,1991,CA,39,-2.57,25,CA39_1991_183,,
183,1991,CA,39,-2.57,30,CA39_1991_183,,
184,1992,CA,40,82.43,59,CA40_1992_184,,
184,1992,CA,40,82.43,54,CA40_1992_184,,
184,1992,CA,40,85.43,54,CA40_1992_184,,
184,1992,CA,40,85.43,59,CA40_1992_184,,
185,1992,CB,27,-62,-11,CB27_1992_185,,
185,1992,CB,27,-55,-11,CB27_1992_185,,
185,1992,CB,27,-55,-17,CB27_1992_185,,
185,1992,CB,27,-62,-17,CB27_1992_185,,
186,1996,CB,31,-73,-12,CB31_1996_186,,
186,1996,CB,31,-69,-12,CB31_1996_186,,
186,1996,CB,31,-69,-15,CB31_1996_186,,
186,1996,CB,31,-73,-15,CB31_1996_186,,
187,2010,CB,39,-48,-108,CB39_2010_187,,
187,2010,CB,39,-44,-108,CB39_2010_187,,
187,2010,CB,39,-44,-112,CB39_2010_187,,
187,2010,CB,39,-48,-112,CB39_2010_187,,
187,2011,CB,39,-48,-108,CB39_2011_187,,
187,2011,CB,39,-44,-108,CB39_2011_187,,
187,2011,CB,39,-44,-112,CB39_2011_187,,
187,2011,CB,39,-48,-112,CB39_2011_187,,
188,2007,T,45,185,-45,T45_2007_188,,
188,2007,T,45,189,-45,T45_2007_188,,
188,2007,T,45,189,-48,T45_2007_188,,
188,2007,T,45,185,-48,T45_2007_188,,
189,1968,T,1AK,195.955178,21.84565282,T1AK_1968_189,,
189,1968,T,1AK,195.63,20.9,T1AK_1968_189,,
189,1968,T,1AK,206.032181,17.32304184,T1AK_1968_189,,
189,1968,T,1AK,206.3573591,18.26869466,T1AK_1968_189,,
190,1968,T,1AL,196.28,22.79,T1AL_1968_190,,
190,1968,T,1AL,196.6054229,23.73556856,T1AL_1968_190,,
190,1968,T,1AL,207.0066771,20.15591615,T1AL_1968_190,,
190,1968,T,1AL,206.6812542,19.21034759,T1AL_1968_190,,
191,1970,T,15,129.9992935,-42.91,T15_1970_191,,
191,1970,T,15,131.9069496,-43.51070647,T15_1970_191,,
191,1970,T,15,133.4087158,-38.74156627,T15_1970_191,,
191,1970,T,15,131.5010597,-38.14085979,T15_1970_191,,
192,1971,T,15AndPozzo,131.5010597,-38.14085979,T15AndPozzo_1971_192,,
192,1971,T,15AndPozzo,133.4087158,-38.74156627,T15AndPozzo_1971_192,,
192,1971,T,15AndPozzo,132.5076561,-41.60305039,T15AndPozzo_1971_192,,
192,1971,T,15AndPozzo,134.4153122,-42.20375687,T15AndPozzo_1971_192,,
192,1971,T,15AndPozzo,135.6167251,-38.3884447,T15AndPozzo_1971_192,,
192,1971,T,15AndPozzo,131.8014129,-37.18703175,T15AndPozzo_1971_192,,
193,1969,T,10,178.7,-15.5,T10_1969_193,,
193,1969,T,10,174.0439733,-29.75908185,T10_1969_193,,
193,1969,T,10,188.3030551,-34.41510857,T10_1969_193,,
193,1969,T,10,192.9590818,-20.15602672,T10_1969_193,,
194,1972,T,20,194.41,-28.1,T20_1972_194,,
194,1972,T,20,188.6136833,-26.54993151,T20_1972_194,,
194,1972,T,20,183.4467883,-45.87098728,T20_1972_194,,
194,1972,T,20,185.3788939,-46.38767678,T20_1972_194,,
194,1972,T,20,185.6372386,-45.42162399,T20_1972_194,,
194,1972,T,20,188.535397,-46.19665824,T20_1972_194,,
194,1972,T,20,189.0520865,-44.26455266,T20_1972_194,,
194,1972,T,20,190.0181393,-44.52289741,T20_1972_194,,
195,1978,T,23,210.1850763,-45.74931404,T23_1978_195,,
195,1978,T,23,208.7305821,-48.37313694,T23_1978_195,,
195,1978,T,23,209.6051897,-48.85796834,T23_1978_195,,
195,1978,T,23,208.1506955,-51.48179124,T23_1978_195,,
195,1978,T,23,207.2760879,-50.99695983,T23_1978_195,,
195,1978,T,23,206.3064251,-52.7461751,T23_1978_195,,
195,1978,T,23,204.5572098,-51.77651229,T23_1978_195,,
195,1978,T,23,205.5268726,-50.02729703,T23_1978_195,,
195,1978,T,23,198.5300116,-46.14864579,T23_1978_195,,
195,1978,T,23,199.9845058,-43.52482289,T23_1978_195,,
195,1978,T,23,204.3575439,-45.94897992,T23_1978_195,,
195,1978,T,23,205.8120382,-43.32515702,T23_1978_195,,
196,1979,T,23,215.8224983,-50.01774151,T23_1979_196,,
196,1979,T,23,214.9478907,-49.5329101,T23_1979_196,,
196,1979,T,23,214.4630593,-50.40751773,T23_1979_196,,
196,1979,T,23,212.713844,-49.43785493,T23_1979_196,,
196,1979,T,23,209.8048556,-54.68550072,T23_1979_196,,
196,1979,T,23,212.4286785,-56.13999493,T23_1979_196,,
197,1979,T,23,208.4454166,-55.07527694,T23_1979_197,,
197,1979,T,23,206.0212595,-59.4483151,T23_1979_197,,
197,1979,T,23,209.5196901,-61.38764072,T23_1979_197,,
197,1979,T,23,211.9438471,-57.01460256,T23_1979_197,,
198,1980,T,23,204.946986,-53.13595132,T23_1980_198,,
198,1980,T,23,202.522829,-57.50898948,T23_1980_198,,
198,1980,T,23,205.1466519,-58.9634837,T23_1980_198,,
198,1980,T,23,207.5708089,-54.59044554,T23_1980_198,,
199,1980,T,23,208.4454166,-55.07527694,T23_1980_199,,
199,1980,T,23,207.4757538,-56.82449221,T23_1980_199,,
199,1980,T,23,206.6011461,-56.3396608,T23_1980_199,,
199,1980,T,23,207.5708089,-54.59044554,T23_1980_199,,
200,1981,T,23,212.3240678,-48.07841589,T23_1981_200,,
200,1981,T,23,208.930248,-54.20066931,T23_1981_200,,
200,1981,T,23,207.1810327,-53.2310065,T23_1981_200,,
200,1981,T,23,209.6051897,-48.85796834,T23_1981_200,,
200,1981,T,23,208.7305821,-48.37313694,T23_1981_200,,
200,1981,T,23,210.1850763,-45.74931404,T23_1981_200,,
201,1976,TR,1,205.6,25.58,TR1_1976_201,,
201,1976,TR,1,203.9741,20.85173,TR1_1976_201,,
201,1976,TR,1,199.2459,22.47759,TR1_1976_201,,
201,1976,TR,1,200.8717,27.20586,TR1_1976_201,,
202,1976,TR,2,203.65,19.91,TR2_1976_202,,
202,1976,TR,2,202.0265,15.18093,TR2_1976_202,,
202,1976,TR,2,198.2432,16.47976,TR2_1976_202,,
202,1976,TR,2,199.8667,21.20883,TR2_1976_202,,
203,1976,TR,5,152.65,29.62,TR5_1976_203,,
203,1976,TR,5,149.5321,20.11849,TR5_1976_203,,
203,1976,TR,5,169.4853,13.57092,TR5_1976_203,,
203,1976,TR,5,172.6032,23.07243,TR5_1976_203,,
204,1977,TR,1,205.6,25.58,TR1_1977_204,,
204,1977,TR,1,203.9741,20.85173,TR1_1977_204,,
204,1977,TR,1,199.2459,22.47759,TR1_1977_204,,
204,1977,TR,1,200.8717,27.20586,TR1_1977_204,,
205,1977,TR,2,203.65,19.91,TR2_1977_205,,
205,1977,TR,2,202.0265,15.18093,TR2_1977_205,,
205,1977,TR,2,198.2432,16.47976,TR2_1977_205,,
205,1977,TR,2,199.8667,21.20883,TR2_1977_205,,
206,1972,TR,5,152.3382,28.66985,TR5_1972_206,,
206,1972,TR,5,154.2385,28.04627,TR5_1972_206,,
206,1972,TR,5,151.7442,20.44506,TR5_1972_206,,
206,1972,TR,5,149.8439,21.06864,TR5_1972_206,,
207,1972,TR,5,152.65,29.62,TR5_1972_207,,
207,1972,TR,5,149.5321,20.11849,TR5_1972_207,,
207,1972,TR,5,154.2829,18.5554,TR5_1972_207,,
207,1972,TR,5,157.4008,28.06106,TR5_1972_207,,
208,1973,TR,5,152.65,29.62,TR5_1973_208,,
208,1973,TR,5,149.5321,20.11849,TR5_1973_208,,
208,1973,TR,5,154.2829,18.5554,TR5_1973_208,,
208,1973,TR,5,157.4008,28.06106,TR5_1973_208,,
209,1974,TR,5,152.65,29.62,TR5_1974_209,,
209,1974,TR,5,149.5321,20.11849,TR5_1974_209,,
209,1974,TR,5,154.2829,18.5554,TR5_1974_209,,
209,1974,TR,5,157.4008,28.06106,TR5_1974_209,,
210,1996,TR,5,168,16,TR5_1996_210,,
210,1996,TR,5,172,16,TR5_1996_210,,
210,1996,TR,5,172,18,TR5_1996_210,,
210,1996,TR,5,168,18,TR5_1996_210,,
211,1970,TR,6,151.25,29.2,TR6_1970_211,,
211,1970,TR,6,148.0491,20.78843,TR6_1970_211,,
211,1970,TR,6,143.376,22.5669,TR6_1970_211,,
211,1970,TR,6,146.576,30.97826,TR6_1970_211,,
212,1971,TR,7,147.85,18.55,TR7_1971_212,,
212,1971,TR,7,146.0918,13.869,TR7_1971_212,,
212,1971,TR,7,140.475,15.979,TR7_1971_212,,
212,1971,TR,7,142.2332,20.65982,TR7_1971_212,,
213,1972,TR,7,147.85,18.55,TR7_1972_213,,
213,1972,TR,7,146.0918,13.869,TR7_1972_213,,
213,1972,TR,7,140.475,15.979,TR7_1972_213,,
213,1972,TR,7,142.2332,20.65982,TR7_1972_213,,
214,1971,TR,8,145.84,12.52,TR8_1971_214,,
214,1971,TR,8,144.597,8.71809,TR8_1971_214,,
214,1971,TR,8,141.7456,9.650235,TR8_1971_214,,
214,1971,TR,8,142.9885,13.4522,TR8_1971_214,,
215,1972,TR,8,145.84,12.52,TR8_1972_215,,
215,1972,TR,8,144.597,8.71809,TR8_1972_215,,
215,1972,TR,8,141.7456,9.650235,TR8_1972_215,,
215,1972,TR,8,142.9885,13.4522,TR8_1972_215,,
216,1970,TR,9,144.12,7.2,TR9_1970_216,,
216,1970,TR,9,141.3608,-1.36662,TR9_1970_216,,
216,1970,TR,9,135.6497,0.472842,TR9_1970_216,,
216,1970,TR,9,138.4089,9.039457,TR9_1970_216,,
217,1975,TR,9,144.12,7.2,TR9_1975_217,,
217,1975,TR,9,141.3608,-1.36662,TR9_1975_217,,
217,1975,TR,9,135.6497,0.472842,TR9_1975_217,,
217,1975,TR,9,138.4089,9.039457,TR9_1975_217,,
218,1976,TR,10,140.81,-2.16,TR10_1976_218,,
218,1976,TR,10,139.6147,-5.97723,TR10_1976_218,,
218,1976,TR,10,134.8432,-4.48311,TR10_1976_218,,
218,1976,TR,10,136.0385,-0.66588,TR10_1976_218,,
219,1972,TR,18,185.5,-33.14,TR18_1972_219,,
219,1972,TR,18,182.9152,-41.7608,TR18_1972_219,,
219,1972,TR,18,178.1259,-40.3249,TR18_1972_219,,
219,1972,TR,18,180.7106,-31.704,TR18_1972_219,,
220,1979,TR,22,122.093,-49.105,TR22_1979_220,,
220,1979,TR,22,120.021,-55.7913,TR22_1979_220,,
220,1979,TR,22,124.7969,-57.2713,TR22_1979_220,,
220,1979,TR,22,126.8689,-50.585,TR22_1979_220,,
221,1980,TR,22,122.093,-49.105,TR22_1980_221,,
221,1980,TR,22,120.021,-55.7913,TR22_1980_221,,
221,1980,TR,22,124.7969,-57.2713,TR22_1980_221,,
221,1980,TR,22,126.8689,-50.585,TR22_1980_221,,
222,1970,T,17,151.8022405,30.90882758,T17_1970_222,,
222,1970,T,17,154.6048094,39.46134809,T17_1970_222,,
222,1970,T,17,160.3064898,37.59296878,T17_1970_222,,
222,1970,T,17,163.4204553,47.09576935,T17_1970_222,,
222,1970,T,17,164.3707354,46.7843728,T17_1970_222,,
222,1970,T,17,162.1909595,40.1324124,T17_1970_222,,
222,1970,T,17,164.0915196,39.50961929,T17_1970_222,,
222,1970,T,17,162.8459334,35.70849906,T17_1970_222,,
222,1970,T,17,166.6470536,34.46291285,T17_1970_222,,
222,1970,T,17,165.1061613,26.54927584,T17_1970_222,,
223,1971,T,17,144.2,33.4,T17_1971_223,,
223,1971,T,17,147.002569,41.95252051,T17_1971_223,,
223,1971,T,17,160.3064898,37.59296878,T17_1971_223,,
223,1971,T,17,163.4204553,47.09576935,T17_1971_223,,
223,1971,T,17,164.3707354,46.7843728,T17_1971_223,,
223,1971,T,17,162.1909595,40.1324124,T17_1971_223,,
223,1971,T,17,164.0915196,39.50961929,T17_1971_223,,
223,1971,T,17,162.8459334,35.70849906,T17_1971_223,,
223,1971,T,17,166.6470536,34.46291285,T17_1971_223,,
223,1971,T,17,165.1061613,26.54927584,T17_1971_223,,
224,1972,T,17,151.8022405,30.90882758,T17_1972_224,,
224,1972,T,17,154.6048094,39.46134809,T17_1972_224,,
224,1972,T,17,160.3064898,37.59296878,T17_1972_224,,
224,1972,T,17,163.4204553,47.09576935,T17_1972_224,,
224,1972,T,17,164.3707354,46.7843728,T17_1972_224,,
224,1972,T,17,162.1909595,40.1324124,T17_1972_224,,
224,1972,T,17,164.0915196,39.50961929,T17_1972_224,,
224,1972,T,17,162.8459334,35.70849906,T17_1972_224,,
224,1972,T,17,166.6470536,34.46291285,T17_1972_224,,
224,1972,T,17,164.7786743,28.76123251,T17_1972_224,,
224,1972,T,17,168.5797945,27.5156463,T17_1972_224,,
224,1972,T,17,167.9570014,25.61508619,T17_1972_224,,
225,1977,T,17,166.3356571,33.5126328,T17_1977_225,,
225,1977,T,17,167.5812433,37.31375302,T17_1977_225,,
225,1977,T,17,147.6253621,43.85308063,T17_1977_225,,
225,1977,T,17,146.3797759,40.0519604,T17_1977_225,,
226,1977,T,17,150.7393276,53.3558812,T17_1977_226,,
226,1977,T,17,155.4907278,51.79889843,T17_1977_226,,
226,1977,T,17,152.3767624,42.29609787,T17_1977_226,,
226,1977,T,17,147.6253621,43.85308063,T17_1977_226,,
227,1992,T,17,154.3095033,35.34883131,T17_1992_227,,
227,1992,T,17,154.9322964,37.24939143,T17_1992_227,,
227,1992,T,17,156.8328565,36.62659832,T17_1992_227,,
227,1992,T,17,156.2100634,34.72603821,T17_1992_227,,
228,1971,T,18,166.0403509,29.40011601,T18_1971_228,,
228,1971,T,18,167.5973337,34.1515163,T18_1971_228,,
228,1971,T,18,174.2492941,31.97174043,T18_1971_228,,
228,1971,T,18,173.0037079,28.1706202,T18_1971_228,,
228,1971,T,18,173.0037079,28.1706202,T18_1971_228,,
228,1971,T,18,171.1031478,28.79341331,T18_1971_228,,
228,1971,T,18,170.7917512,27.84313325,T18_1971_228,,
229,1972,T,18,172.0373374,31.64425348,T18_1972_229,,
229,1972,T,18,173.2829236,35.44537371,T18_1972_229,,
229,1972,T,18,175.1834837,34.8225806,T18_1972_229,,
229,1972,T,18,173.9378975,31.02146038,T18_1972_229,,
230,1973,T,18,173.2829236,35.44537371,T18_1973_230,,
230,1973,T,18,174.2171133,38.29621388,T18_1973_230,,
230,1973,T,18,178.0182335,37.05062767,T18_1973_230,,
230,1973,T,18,177.0840439,34.1997875,T18_1973_230,,
231,1975,T,18,171.0870574,31.95565003,T18_1975_231,,
231,1975,T,18,173.2668332,38.60761043,T18_1975_231,,
231,1975,T,18,176.1176734,37.67342078,T18_1975_231,,
231,1975,T,18,173.9378975,31.02146038,T18_1975_231,,
232,1975,T,18,169.1864972,32.57844314,T18_1975_232,,
232,1975,T,18,171.3662731,39.23040354,T18_1975_232,,
232,1975,T,18,173.2668332,38.60761043,T18_1975_232,,
232,1975,T,18,171.0870574,31.95565003,T18_1975_232,,
233,1975,T,18,169.8253807,31.31676653,T18_1975_233,,
233,1975,T,18,170.1367773,32.26704659,T18_1975_233,,
233,1975,T,18,178.6892978,29.46447761,T18_1975_233,,
233,1975,T,18,178.3779013,28.51419756,T18_1975_233,,
234,1977,T,18,165.0739805,32.87374929,T18_1977_234,,
234,1977,T,18,166.6309632,37.62514958,T18_1977_234,,
234,1977,T,18,172.3326436,35.75677026,T18_1977_234,,
234,1977,T,18,170.7756608,31.00536998,T18_1977_234,,
235,1989,T,18,156.8489469,33.4643616,T18_1989_235,,
235,1989,T,18,157.7831366,36.31520177,T18_1989_235,,
235,1989,T,18,163.4848169,34.44682245,T18_1989_235,,
235,1989,T,18,162.5506272,31.59598228,T18_1989_235,,
236,2001,T,18,169,29.5,T18_2001_236,,
236,2001,T,18,169,35,T18_2001_236,,
236,2001,T,18,173,35,T18_2001_236,,
236,2001,T,18,173,29.5,T18_2001_236,,
237,1972,T,19,175.1834837,34.8225806,T19_1972_237,,
237,1972,T,19,180.8851641,32.95420129,T19_1972_237,,
237,1972,T,19,179.6395779,29.15308106,T19_1972_237,,
237,1972,T,19,195.7943388,23.85933967,T19_1972_237,,
237,1972,T,19,194.5487526,20.05821944,T19_1972_237,,
237,1972,T,19,182.1951119,24.10637462,T19_1972_237,,
237,1972,T,19,183.1293015,26.95721479,T19_1972_237,,
237,1972,T,19,182.1790215,27.26861134,T19_1972_237,,
237,1972,T,19,181.8676249,26.31833129,T19_1972_237,,
237,1972,T,19,176.1659446,28.1867106,T19_1972_237,,
237,1972,T,19,175.854548,27.23643055,T19_1972_237,,
237,1972,T,19,173.0037079,28.1706202,T19_1972_237,,
238,1975,T,19,170.7756608,31.00536998,T19_1975_238,,
238,1975,T,19,171.0870574,31.95565003,T19_1975_238,,
238,1975,T,19,178.6892978,29.46447761,T19_1975_238,,
238,1975,T,19,178.3779013,28.51419756,T19_1975_238,,
239,1975,T,19,174.6089618,23.43531032,T19_1975_239,,
239,1975,T,19,176.7887377,30.08727072,T19_1975_239,,
239,1975,T,19,178.6892978,29.46447761,T19_1975_239,,
239,1975,T,19,178.3779013,28.51419756,T19_1975_239,,
240,1975,T,19,175.1834837,34.8225806,T19_1975_240,,
240,1975,T,19,176.1176734,37.67342078,T19_1975_240,,
240,1975,T,19,180.8690737,36.11643801,T19_1975_240,,
240,1975,T,19,179.934884,33.26559784,T19_1975_240,,
241,1975,T,19,178.6892978,29.46447761,T19_1975_241,,
241,1975,T,19,180.8690737,36.11643801,T19_1975_241,,
241,1975,T,19,185.620474,34.55945525,T19_1975_241,,
241,1975,T,19,183.4406981,27.90749485,T19_1975_241,,
242,1975,T,19,183.4406981,27.90749485,T19_1975_242,,
242,1975,T,19,185.620474,34.55945525,T19_1975_242,,
242,1975,T,19,188.4713141,33.62526559,T19_1975_242,,
242,1975,T,19,186.2915383,26.97330519,T19_1975_242,,
243,1977,T,19,186.570754,34.2480587,T19_1977_243,,
243,1977,T,19,182.2112023,20.9441379,T19_1977_243,,
243,1977,T,19,192.6642829,17.51877582,T19_1977_243,,
243,1977,T,19,197.0238347,30.82269662,T19_1977_243,,
244,1978,T,21,154.62166,-35.1410192,T21_1978_244,,
244,1978,T,21,148.3175088,-54.12147436,T21_1978_244,,
244,1978,T,21,151.1645771,-55.06709703,T21_1978_244,,
244,1978,T,21,153.37103,-48.42393773,T21_1978_244,,
244,1978,T,21,157.167121,-49.68476796,T21_1978_244,,
244,1978,T,21,161.2648193,-37.34747211,T21_1978_244,,
245,1993,T,21,159.3735739,-43.04160866,T21_1993_245,,
245,1993,T,21,158.4279513,-45.88867693,T21_1993_245,,
245,1993,T,21,162.2240423,-47.14950717,T21_1993_245,,
245,1993,T,21,163.169665,-44.30243889,T21_1993_245,,
246,1993,T,21,160.3327969,-52.84364371,T21_1993_246,,
246,1993,T,21,159.7023818,-54.74168923,T21_1993_246,,
246,1993,T,21,152.1101998,-52.22002876,T21_1993_246,,
246,1993,T,21,152.7406149,-50.32198324,T21_1993_246,,
247,1997,T,21,147,-35,T21_1997_247,,
247,1997,T,21,147,-56,T21_1997_247,,
247,1997,T,21,155,-56,T21_1997_247,,
247,1997,T,21,155,-35,T21_1997_247,,
248,1978,T,22,175.5001607,-42.07558549,T22_1978_248,,
248,1978,T,22,171.4024624,-54.41288134,T22_1978_248,,
248,1978,T,22,174.2495307,-55.35850402,T22_1978_248,,
248,1978,T,22,178.3472289,-43.02120817,T22_1978_248,,
249,1991,T,22,165.0711106,-48.09512984,T22_1991_249,,
249,1991,T,22,166.0167332,-45.24806157,T22_1991_249,,
249,1991,T,22,175.5069608,-48.40013715,T22_1991_249,,
249,1991,T,22,174.5613381,-51.24720543,T22_1991_249,,
250,1992,T,22,165.0677105,-44.93285401,T22_1992_250,,
250,1992,T,22,164.1220878,-47.77992228,T22_1992_250,,
250,1992,T,22,162.2240423,-47.14950717,T22_1992_250,,
250,1992,T,22,163.169665,-44.30243889,T22_1992_250,,
251,1993,T,22,163.169665,-44.30243889,T22_1993_251,,
251,1993,T,22,162.2240423,-47.14950717,T22_1993_251,,
251,1993,T,22,160.3259968,-46.51909205,T22_1993_251,,
251,1993,T,22,161.2716194,-43.67202378,T22_1993_251,,
252,1991,CA,38,33.43,-4,CA38_1991_252,,
252,1991,CA,38,35.43,-4,CA38_1991_252,,
252,1991,CA,38,35.43,-10,CA38_1991_252,,
252,1991,CA,38,33.43,-10,CA38_1991_252,,
253,1996,CC,7,200.09,-119,CC7_1996_253,,
253,1996,CC,7,200.09,-123,CC7_1996_253,,
253,1996,CC,7,204.09,-123,CC7_1996_253,,
253,1996,CC,7,204.09,-119,CC7_1996_253,,
254,1996,CC,8,221,-93,CC8_1996_254,,
254,1996,CC,8,221,-96,CC8_1996_254,,
254,1996,CC,8,224,-96,CC8_1996_254,,
254,1996,CC,8,224,-93,CC8_1996_254,,
255,1972,Courtyard,,149.749,17.87464,Courtyard_1972_255,,
255,1972,Courtyard,,146.5953,8.38493,Courtyard_1972_255,,
255,1972,Courtyard,,153.2381,6.177367,Courtyard_1972_255,,
255,1972,Courtyard,,156.3918,15.66708,Courtyard_1972_255,,
256,1978,NT,1,149.1823,48.60448,NT1_1978_256,,
256,1978,NT,1,150.4279,52.4056,NT1_1978_256,,
256,1978,NT,1,154.2291,51.16001,NT1_1978_256,,
256,1978,NT,1,152.9835,47.35889,NT1_1978_256,,
257,1988,NT,3,207.4769,27.39733,NT3_1988_257,,
257,1988,NT,3,209.0339,32.14873,NT3_1988_257,,
257,1988,NT,3,217.5864,29.34617,NT3_1988_257,,
257,1988,NT,3,216.0294,24.59477,NT3_1988_257,,
258,1968,A,1,144,35.9,A1_1968_258,,
258,1968,A,1,151.8,33.55,A1_1968_258,,
258,1968,A,1,147.3,24.85,A1_1968_258,,
258,1968,A,1,141.9,27,A1_1968_258,,
259,1968,A,2A,147.3,24.85,A2A_1968_259,,
259,1968,A,2A,141.9,27,A2A_1968_259,,
259,1968,A,2A,141,23.2,A2A_1968_259,,
259,1968,A,2A,146.2,20.95,A2A_1968_259,,
260,1968,A,2B,141,23.2,A2B_1968_260,,
260,1968,A,2B,146.2,20.95,A2B_1968_260,,
260,1968,A,2B,146.1,18.7,A2B_1968_260,,
260,1968,A,2B,139.5,20.7,A2B_1968_260,,
261,1968,A,2C,139.5,20.7,A2C_1968_261,,
261,1968,A,2C,146.7,18.2,A2C_1968_261,,
261,1968,A,2C,145.9,13.9,A2C_1968_261,,
261,1968,A,2C,138.33,15.5,A2C_1968_261,,
262,1968,A,2D,145.9,13.9,A2D_1968_262,,
262,1968,A,2D,138.33,15.5,A2D_1968_262,,
262,1968,A,2D,136.2,7.7,A2D_1968_262,,
262,1968,A,2D,142.9,5.4,A2D_1968_262,,
263,1969,A,3,136.2,7.7,A3_1969_263,,
263,1969,A,3,142.9,5.4,A3_1969_263,,
263,1969,A,3,140.8,-2.1,A3_1969_263,,
263,1969,A,3,132.7,1.7,A3_1969_263,,
264,1969,A,4,136.7,-0.7,A4_1969_264,,
264,1969,A,4,141,-2.7,A4_1969_264,,
264,1969,A,4,139.5,-13.4,A4_1969_264,,
264,1969,A,4,133.2,-11.45,A4_1969_264,,
265,1969,A,5,133.7,-10.5,A5_1969_265,,
265,1969,A,5,139.6,-12.4,A5_1969_265,,
265,1969,A,5,133.85,-17.75,A5_1969_265,,
265,1969,A,5,131.9,-11.6,A5_1969_265,,
266,1969,A,6,133,0.7,A6_1969_266,,
266,1969,A,6,163.3,-0.7,A6_1969_266,,
266,1969,A,6,133.85,-17.75,A6_1969_266,,
266,1969,A,6,141.4,-14.3,A6_1969_266,,
267,1969,A,7,135.4,8.5,A7_1969_267,,
267,1969,A,7,142.9,5.4,A7_1969_267,,
267,1969,A,7,136.7,-0.7,A7_1969_267,,
267,1969,A,7,133,0.7,A7_1969_267,,
268,1969,A,8,143.5,35.3,A8_1969_268,,
268,1969,A,8,147.5,35.2,A8_1969_268,,
268,1969,A,8,142.9,5.4,A8_1969_268,,
268,1969,A,8,135.4,8.5,A8_1969_268,,
269,1970,A,9A,134.5,-16.3,A9A_1970_269,,
269,1970,A,9A,137.5,-17.6,A9A_1970_269,,
269,1970,A,9A,133.1,-29.4,A9A_1970_269,,
269,1970,A,9A,130.6,-28.5,A9A_1970_269,,
270,1970,A,9B,133.85,-17.75,A9B_1970_270,,
270,1970,A,9B,134.5,-16.3,A9B_1970_270,,
270,1970,A,9B,130.6,-28.5,A9B_1970_270,,
270,1970,A,9B,127.7,-27.5,A9B_1970_270,,
271,1970,A,9C,141.4,-14.3,A9C_1970_271,,
271,1970,A,9C,133.85,-17.75,A9C_1970_271,,
271,1970,A,9C,128.8,-28.5,A9C_1970_271,,
271,1970,A,9C,135.4,8.5,A9C_1970_271,,
272,1997,A,9Ext,137.5,-17.6,A9Ext_1997_272,,
272,1997,A,9Ext,141.1,-18.9,A9Ext_1997_272,,
272,1997,A,9Ext,136.6,-30.7,A9Ext_1997_272,,
272,1997,A,9Ext,133.1,-29.4,A9Ext_1997_272,,
273,1966,T,1,161.04,31.1,T1_1966_273,,
273,1966,T,1,162.2,29.8,T1_1966_273,,
273,1966,T,1,157.18,22.9,T1_1966_273,,
273,1966,T,1,155.85,24.1,T1_1966_273,,
274,1966,T,1A,162.2,29.8,T1A_1966_274,,
274,1966,T,1A,163.88,28.5,T1A_1966_274,,
274,1966,T,1A,158.47,21.6,T1A_1966_274,,
274,1966,T,1A,157.18,22.9,T1A_1966_274,,
275,1966,T,1B,163.88,28.5,T1B_1966_275,,
275,1966,T,1B,165.86,27.1,T1B_1966_275,,
275,1966,T,1B,159.96,20.4,T1B_1966_275,,
275,1966,T,1B,158.47,21.6,T1B_1966_275,,
276,1966,T,1C,165.86,27.1,T1C_1966_276,,
276,1966,T,1C,167.06,26,T1C_1966_276,,
276,1966,T,1C,161.51,19.1,T1C_1966_276,,
276,1966,T,1C,159.96,20.4,T1C_1966_276,,
277,1966,T,1D,161.87,32.5,T1D_1966_277,,
277,1966,T,1D,168.24,27.5,T1D_1966_277,,
277,1966,T,1D,167.06,26,T1D_1966_277,,
277,1966,T,1D,161.04,31.1,T1D_1966_277,,
278,1966,T,1E,158.84,35,T1E_1966_278,,
278,1966,T,1E,161.87,32.5,T1E_1966_278,,
278,1966,T,1E,155.85,24.1,T1E_1966_278,,
278,1966,T,1E,154,26.5,T1E_1966_278,,
279,1966,T,1F,165.08,32.8,T1F_1966_279,,
279,1966,T,1F,169.63,29.1,T1F_1966_279,,
279,1966,T,1F,168.24,27.5,T1F_1966_279,,
279,1966,T,1F,163.32,31.5,T1F_1966_279,,
280,1967,T,1G,154.51,33.7,T1G_1967_280,,
280,1967,T,1G,156.68,31.5,T1G_1967_280,,
280,1967,T,1G,154,26.5,T1G_1967_280,,
280,1967,T,1G,152.4,28.8,T1G_1967_280,,
281,1967,T,1H,152.61,34,T1H_1967_281,,
281,1967,T,1H,145.55,32.8,T1H_1967_281,,
281,1967,T,1H,147.6,28.8,T1H_1967_281,,
281,1967,T,1H,146.53,30,T1H_1967_281,,
282,1967,T,1K,169.63,29.1,T1K_1967_282,,
282,1967,T,1K,172.63,26.7,T1K_1967_282,,
282,1967,T,1K,165.14,16.1,T1K_1967_282,,
282,1967,T,1K,161.51,19.1,T1K_1967_282,,
283,1967,T,1L,172.63,26.7,T1L_1967_283,,
283,1967,T,1L,175.66,24.1,T1L_1967_283,,
283,1967,T,1L,167.74,14,T1L_1967_283,,
283,1967,T,1L,165.14,16.1,T1L_1967_283,,
284,1967,T,1M,174,22,T1M_1967_284,,
284,1967,T,1M,172,21.6,T1M_1967_284,,
284,1967,T,1M,170,10,T1M_1967_284,,
284,1967,T,1M,174,10,T1M_1967_284,,
285,1967,T,1N,175,25,T1N_1967_285,,
285,1967,T,1N,180,24,T1N_1967_285,,
285,1967,T,1N,176,24,T1N_1967_285,,
285,1967,T,1N,178,21,T1N_1967_285,,
286,1967,T,1P,161.51,19.1,T1P_1967_286,,
286,1967,T,1P,168.54,13.1,T1P_1967_286,,
286,1967,T,1P,167.89,11.4,T1P_1967_286,,
286,1967,T,1P,156.89,14.1,T1P_1967_286,,
287,1967,T,1Q,154.97,24.5,T1Q_1967_287,,
287,1967,T,1Q,161.51,19.1,T1Q_1967_287,,
287,1967,T,1Q,156.89,14.1,T1Q_1967_287,,
287,1967,T,1Q,153.16,16.5,T1Q_1967_287,,
288,1967,T,1R,182.5,25,T1R_1967_288,,
288,1967,T,1R,187.5,23.4,T1R_1967_288,,
288,1967,T,1R,185.72,18,T1R_1967_288,,
288,1967,T,1R,180.97,19.5,T1R_1967_288,,
289,1967,T,1S,153.27,26.6,T1S_1967_289,,
289,1967,T,1S,154.97,24.5,T1S_1967_289,,
289,1967,T,1S,153.16,16.5,T1S_1967_289,,
289,1967,T,1S,148.8,17.6,T1S_1967_289,,
290,1967,T,1T,190.15,23.5,T1T_1967_290,,
290,1967,T,1T,192.26,21.9,T1T_1967_290,,
290,1967,T,1T,190.55,16.4,T1T_1967_290,,
290,1967,T,1T,186.08,18,T1T_1967_290,,
291,1967,T,1U,147.61,28.6,T1U_1967_291,,
291,1967,T,1U,153.27,26.6,T1U_1967_291,,
291,1967,T,1U,148.8,17.6,T1U_1967_291,,
291,1967,T,1U,146.12,18.6,T1U_1967_291,,
292,1967,T,1V,192.26,21.9,T1V_1967_292,,
292,1967,T,1V,196.83,20.6,T1V_1967_292,,
292,1967,T,1V,195.12,15,T1V_1967_292,,
292,1967,T,1V,190.55,16.4,T1V_1967_292,,
293,1967,T,1W,184.12,21,T1W_1967_293,,
293,1967,T,1W,181.41,19.85,T1W_1967_293,,
293,1967,T,1W,187.01,8.5,T1W_1967_293,,
293,1967,T,1W,187.47,9.9,T1W_1967_293,,
294,1967,T,1X,181.41,19.85,T1X_1967_294,,
294,1967,T,1X,195.12,15,T1X_1967_294,,
294,1967,T,1X,194.31,12.5,T1X_1967_294,,
294,1967,T,1X,181.87,17.4,T1X_1967_294,,
295,1967,T,1Y,178.14,17.3,T1Y_1967_295,,
295,1967,T,1Y,182.55,16.1,T1Y_1967_295,,
295,1967,T,1Y,180,7.4,T1Y_1967_295,,
295,1967,T,1Y,175.99,8.5,T1Y_1967_295,,
296,1967,T,1Z,192.27,13.8,T1Z_1967_296,,
296,1967,T,1Z,195.31,12.5,T1Z_1967_296,,
296,1967,T,1Z,190.99,4,T1Z_1967_296,,
296,1967,T,1Z,187.22,5.2,T1Z_1967_296,,
297,1967,T,1AA,182.55,16.1,T1AA_1967_297,,
297,1967,T,1AA,187.09,14.9,T1AA_1967_297,,
297,1967,T,1AA,183.88,6.3,T1AA_1967_297,,
297,1967,T,1AA,180,7.4,T1AA_1967_297,,
298,1967,T,1AB,197.11,20.5,T1AB_1967_298,,
298,1967,T,1AB,202.72,18.5,T1AB_1967_298,,
298,1967,T,1AB,197.18,2,T1AB_1967_298,,
298,1967,T,1AB,191.1,4,T1AB_1967_298,,
299,1967,T,1AC,187.09,14.9,T1AC_1967_299,,
299,1967,T,1AC,190.27,13.8,T1AC_1967_299,,
299,1967,T,1AC,187.22,5.5,T1AC_1967_299,,
299,1967,T,1AC,182.16,5.3,T1AC_1967_299,,
300,1967,T,1AD,146.12,18.6,T1AD_1967_300,,
300,1967,T,1AD,156.4,15.1,T1AD_1967_300,,
300,1967,T,1AD,155.1,12.5,T1AD_1967_300,,
300,1967,T,1AD,144.89,15.9,T1AD_1967_300,,
301,1967,T,1AE,202.72,18.5,T1AE_1967_301,,
301,1967,T,1AE,206.39,17.2,T1AE_1967_301,,
301,1967,T,1AE,200.88,0.8,T1AE_1967_301,,
301,1967,T,1AE,197.18,2,T1AE_1967_301,,
302,1967,T,1AF,156.4,15.1,T1AF_1967_302,,
302,1967,T,1AF,173.3,9.6,T1AF_1967_302,,
302,1967,T,1AF,172.49,6.8,T1AF_1967_302,,
302,1967,T,1AF,155.1,12.5,T1AF_1967_302,,
303,1967,T,1AG,190.53,4.1,T1AG_1967_303,,
303,1967,T,1AG,200.88,0.8,T1AG_1967_303,,
303,1967,T,1AG,200,-2,T1AG_1967_303,,
303,1967,T,1AG,189.52,1.2,T1AG_1967_303,,
304,1967,T,1AH,173.3,9.6,T1AH_1967_304,,
304,1967,T,1AH,190.49,4.1,T1AH_1967_304,,
304,1967,T,1AH,189.48,1.2,T1AH_1967_304,,
304,1967,T,1AH,172.49,6.8,T1AH_1967_304,,
305,1967,T,1AJ,193.5,0,T1AJ_1967_305,,
305,1967,T,1AJ,200,-2,T1AJ_1967_305,,
305,1967,T,1AJ,198.17,6.2,T1AJ_1967_305,,
305,1967,T,1AJ,192.05,4,T1AJ_1967_305,,
306,1968,T,1AK,196,21.8,T1AK_1968_306,,
306,1968,T,1AK,209.43,20.9,T1AK_1968_306,,
306,1968,T,1AK,206.39,17.2,T1AK_1968_306,,
306,1968,T,1AK,204.5,17.8,T1AK_1968_306,,
307,1967,T,5A,146.06,15.3,T5A_1967_307,,
307,1967,T,5A,148.31,14.2,T5A_1967_307,,
307,1967,T,5A,147.08,6.8,T5A_1967_307,,
307,1967,T,5A,143.66,7.6,T5A_1967_307,,
308,1967,T,5B,148.31,14.2,T5B_1967_308,,
308,1967,T,5B,155.1,12.5,T5B_1967_308,,
308,1967,T,5B,154.08,9.35,T5B_1967_308,,
308,1967,T,5B,148.15,11.3,T5B_1967_308,,
309,1967,T,5C,143.66,7.6,T5C_1967_309,,
309,1967,T,5C,147.08,6.8,T5C_1967_309,,
309,1967,T,5C,143.24,-3,T5C_1967_309,,
309,1967,T,5C,141.15,-2.1,T5C_1967_309,,
310,1967,T,5D,148.15,11.3,T5D_1967_310,,
310,1967,T,5D,150,10.55,T5D_1967_310,,
310,1967,T,5D,145.36,-3.8,T5D_1967_310,,
310,1967,T,5D,143.24,-3,T5D_1967_310,,
311,1968,T,6A,139,-44.7,T6A_1968_311,,
311,1968,T,6A,140.7,-45.7,T6A_1968_311,,
311,1968,T,6A,132.5,-58.3,T6A_1968_311,,
311,1968,T,6A,130.8,-57.2,T6A_1968_311,,
312,1968,T,6B,149.3,-28.7,T6B_1968_312,,
312,1968,T,6B,151,-29.8,T6B_1968_312,,
312,1968,T,6B,140.7,-45.7,T6B_1968_312,,
312,1968,T,6B,139,-44.7,T6B_1968_312,,
313,1968,T,6C,139.2,-23.3,T6C_1968_313,,
313,1968,T,6C,151.6,-26.2,T6C_1968_313,,
313,1968,T,6C,145.8,-37.1,T6C_1968_313,,
313,1968,T,6C,133.8,-33.8,T6C_1968_313,,
314,1966,T,2,145.9,-21.1,T2_1966_314,,
314,1966,T,2,152.1,-22.5,T2_1966_314,,
314,1966,T,2,153.1,-23.9,T2_1966_314,,
314,1966,T,2,145.2,-22.6,T2_1966_314,,
315,1969,CA,28,133.2621509,25.302376,CA28_1969_315,,
315,1969,CA,28,133.4,29.3,CA28_1969_315,,
315,1969,CA,28,123.40594,29.64462276,CA28_1969_315,,
315,1969,CA,28,123.3025532,26.64640476,CA28_1969_315,,
315,1969,CA,28,130.2983952,26.40516883,CA28_1969_315,,
315,1969,CA,28,130.2639329,25.40576283,CA28_1969_315,,
316,1970,CA,28,142.6,31.5,CA28_1970_316,,
316,1970,CA,28,133.9296206,33.91340457,CA28_1970_316,,
316,1970,CA,28,134.7837474,29.5235905,CA28_1970_316,,
316,1970,CA,28,132.8569964,30.05990262,CA28_1970_316,,
316,1970,CA,28,131.5162161,25.2430252,CA28_1970_316,,
316,1970,CA,28,132.4795916,24.97486913,CA28_1970_316,,
316,1970,CA,28,131.6751234,22.08474268,CA28_1970_316,,
316,1970,CA,28,139.3821272,19.93949417,CA28_1970_316,,
317,1971,CA,28a,142.6,31.5,CA28a_1971_317,,
317,1971,CA,28a,140.1865954,22.82962063,CA28a_1971_317,,
317,1971,CA,28a,131.5162161,25.2430252,CA28a_1971_317,,
317,1971,CA,28a,133.9296206,33.91340457,CA28a_1971_317,,
318,1970,CA,28b,132.2114355,24.01149365,CA28b_1970_318,,
318,1970,CA,28b,130.8706552,19.19461622,CA28b_1970_318,,
318,1970,CA,28b,138.5776591,17.04936772,CA28b_1970_318,,
318,1970,CA,28b,139.9184394,21.86624515,CA28b_1970_318,,
319,1971,CA,28c,137.2368787,12.23249029,CA28c_1971_319,,
319,1971,CA,28c,136.4324106,9.34236384,CA28c_1971_319,,
319,1971,CA,28c,128.7254067,11.48761234,CA28c_1971_319,,
319,1971,CA,28c,130.6024991,18.23124074,CA28c_1971_319,,
319,1971,CA,28c,135.4193765,16.89046042,CA28c_1971_319,,
319,1971,CA,28c,134.3467523,13.03695848,CA28c_1971_319,,
320,1968,T,1AM,204.8506717,26.18431362,T1AM_1968_320,,
320,1968,T,1AM,208.632946,24.88262183,T1AM_1968_320,,
320,1968,T,1AM,207.3312542,21.10034759,T1AM_1968_320,,
320,1968,T,1AM,203.5489799,22.40203937,T1AM_1968_320,,
321,1969,T,1AN,198.2316918,28.46227425,T1AN_1969_321,,
321,1969,T,1AN,204.8506717,26.18431362,T1AN_1969_321,,
321,1969,T,1AN,203.5489799,22.40203937,T1AN_1969_321,,
321,1969,T,1AN,196.93,24.68,T1AN_1969_321,,
322,1970,T,5E,159.9,10.9,T5E_1970_322,,
322,1970,T,5E,155.1565835,12.48113883,T5E_1970_322,,
322,1970,T,5E,154.2079002,9.63508894,T5E_1970_322,,
322,1970,T,5E,150.413167,10.9,T5E_1970_322,,
322,1970,T,5E,145.6697505,-3.33024947,T5E_1970_322,,
322,1970,T,5E,154.2079002,-6.17629937,T5E_1970_322,,
323,1982,T,26,199.5545,-61.6559,T26_1982_323,,
323,1982,T,26,196.0873,-72.0951,T26_1982_323,,
323,1982,T,26,186.597,-68.943,T26_1982_323,,
323,1982,T,26,185.021,-73.6881,T26_1982_323,,
323,1982,T,26,172.3685,-70.5395,T26_1982_323,,
323,1982,T,26,174.2597,-64.8453,T26_1982_323,,
323,1982,T,26,177.1068,-65.791,T26_1982_323,,
323,1982,T,26,178.998,-60.0968,T26_1982_323,,
323,1982,T,26,190.3863,-63.8793,T26_1982_323,,
323,1982,T,26,191.0167,-61.9813,T26_1982_323,,
323,1982,T,26,193.8638,-62.9269,T26_1982_323,,
323,1982,T,26,194.8094,-60.0798,T26_1982_323,,
324,1981,T,26,200.174,-50.271,T26_1981_324,,
324,1981,T,26,202.0728,-50.9014,T26_1981_324,,
324,1981,T,26,200.496,-55.6465,T26_1981_324,,
324,1981,T,26,198.5987,-55.0161,T26_1981_324,,
325,1984,T,26,171.1043,-71.1733,T26_1984_325,,
325,1984,T,26,173.6259,-63.5811,T26_1984_325,,
325,1984,T,26,175.524,-64.2115,T26_1984_325,,
325,1984,T,26,177.4152,-58.5174,T26_1984_325,,
325,1984,T,26,180.2623,-59.463,T26_1984_325,,
325,1984,T,26,179.6319,-61.361,T26_1984_325,,
325,1984,T,26,191.0201,-65.1435,T26_1984_325,,
325,1984,T,26,191.9658,-62.2965,T26_1984_325,,
325,1984,T,26,194.812,-63.2421,T26_1984_325,,
325,1984,T,26,195.4432,-61.344,T26_1984_325,,
325,1984,T,26,204.933,-64.49,T26_1984_325,,
325,1984,T,26,205.24,-63.547,T26_1984_325,,
325,1984,T,26,207.146,-64.177,T26_1984_325,,
325,1984,T,26,206.201,-67.024,T26_1984_325,,
325,1984,T,26,203.35,-66.079,T26_1984_325,,
325,1984,T,26,203.038,-67.028,T26_1984_325,,
325,1984,T,26,203.987,-67.343,T26_1984_325,,
325,1984,T,26,203.357,-69.241,T26_1984_325,,
325,1984,T,26,202.408,-68.926,T26_1984_325,,
325,1984,T,26,202.093,-69.875,T26_1984_325,,
325,1984,T,26,204.94,-70.8207,T26_1984_325,,
325,1984,T,26,205.255,-69.8717,T26_1984_325,,
325,1984,T,26,207.153,-70.502,T26_1984_325,,
325,1984,T,26,206.523,-72.4001,T26_1984_325,,
325,1984,T,26,204.625,-71.769,T26_1984_325,,
325,1984,T,26,204.3099,-72.7187,T26_1984_325,,
325,1984,T,26,198.0615,-70.8275,T26_1984_325,,
325,1984,T,26,197.6701,-73.6745,T26_1984_325,,
325,1984,T,26,191.0269,-71.4681,T26_1984_325,,
325,1984,T,26,190.0813,-74.3152,T26_1984_325,,
325,1984,T,26,186.285,-73.0543,T26_1984_325,,
325,1984,T,26,185.3396,-75.914,T26_1984_325,,
325,1984,T,26,175.798,-73.0645,T26_1984_325,,
325,1984,T,26,176.483,-74.0136,T26_1984_325,,
325,1984,T,26,174.585,-73.3831,T26_1984_325,,
325,1984,T,26,174.9003,-72.4341,T26_1984_325,,
326,1985,T,26,201.459,-68.6108,T26_1985_326,,
326,1985,T,26,203.6726,-68.2922,T26_1985_326,,
326,1985,T,26,203.987,-67.3432,T26_1985_326,,
326,1985,T,26,203.0388,-67.028,T26_1985_326,,
326,1985,T,26,203.6692,-65.1299,T26_1985_326,,
326,1985,T,26,206.5163,-66.0756,T26_1985_326,,
326,1985,T,26,207.1467,-64.1775,T26_1985_326,,
326,1985,T,26,205.2487,-63.5471,T26_1985_326,,
326,1985,T,26,205.5639,-62.5981,T26_1985_326,,
326,1985,T,26,207.4619,-63.2285,T26_1985_326,,
326,1985,T,26,207.777,-62.2795,T26_1985_326,,
326,1985,T,26,209.675,-62.909,T26_1985_326,,
326,1985,T,26,209.0448,-64.8079,T26_1985_326,,
326,1985,T,26,210.9428,-65.4383,T26_1985_326,,
326,1985,T,26,209.0516,-71.1325,T26_1985_326,,
326,1985,T,26,206.2045,-70.1869,T26_1985_326,,
326,1985,T,26,206.5197,-69.2378,T26_1985_326,,
326,1985,T,26,205.5705,-68.9226,T26_1985_326,,
326,1985,T,26,205.255,-69.8717,T26_1985_326,,
327,1986,T,26,206.8281,-61.9643,T26_1986_327,,
327,1986,T,26,210.6242,-63.2251,T26_1986_327,,
327,1986,T,26,210.9394,-62.2761,T26_1986_327,,
327,1986,T,26,214.7355,-63.5369,T26_1986_327,,
327,1986,T,26,213.7899,-66.384,T26_1986_327,,
327,1986,T,26,212.8409,-66.0688,T26_1986_327,,
327,1986,T,26,212.5256,-67.0178,T26_1986_327,,
327,1986,T,26,214.4237,-67.6482,T26_1986_327,,
327,1986,T,26,214.1085,-68.5972,T26_1986_327,,
327,1986,T,26,212.2104,-67.9668,T26_1986_327,,
327,1986,T,26,211.8952,-68.9158,T26_1986_327,,
327,1986,T,26,209.9972,-68.2854,T26_1986_327,,
327,1986,T,26,209.682,-69.2344,T26_1986_327,,
327,1986,T,26,204.9369,-67.6584,T26_1986_327,,
328,1988,T,26,191.6471,-60.0832,T26_1988_328,,
328,1988,T,26,191.0167,-61.9813,T26_1988_328,,
328,1988,T,26,194.8128,-63.2421,T26_1988_328,,
328,1988,T,26,195.4432,-61.344,T26_1988_328,,
329,1988,T,26,166.9828,-61.3746,T26_1988_329,,
329,1988,T,26,166.3532,-63.2727,T26_1988_329,,
329,1988,T,26,172.0465,-65.1639,T26_1988_329,,
329,1988,T,26,172.6769,-63.2659,T26_1988_329,,
330,1988,T,26,127.1,-26,T26_1988_330,,
330,1988,T,26,125.524,-30.7451,T26_1988_330,,
330,1988,T,26,131.2181,-32.6364,T26_1988_330,,
330,1988,T,26,132.7941,-27.8912,T26_1988_330,,
331,1989,T,26,170.4602,-60.4222,T26_1989_331,,
331,1989,T,26,176.1544,-62.3135,T26_1989_331,,
331,1989,T,26,174.8935,-66.31096,T26_1989_331,,
331,1989,T,26,169.1994,-64.2183,T26_1989_331,,
332,1989,T,26,218.8434,-60.6864,T26_1989_332,,
332,1989,T,26,218.213,-62.5845,T26_1989_332,,
332,1989,T,26,220.111,-63.2149,T26_1989_332,,
332,1989,T,26,220.7414,-61.3168,T26_1989_332,,
333,1990,T,26,197.6497,-54.7009,T26_1990_333,,
333,1990,T,26,201.4458,-55.9617,T26_1990_333,,
333,1990,T,26,200.5002,-58.8088,T26_1990_333,,
333,1990,T,26,198.6021,-58.1784,T26_1990_333,,
333,1990,T,26,197.9717,-60.0764,T26_1990_333,,
333,1990,T,26,196.0737,-59.446,T26_1990_333,,
334,1990,T,26,183.7364,-55.3483,T26_1990_334,,
334,1990,T,26,182.7907,-58.1954,T26_1990_334,,
334,1990,T,26,188.4849,-60.0866,T26_1990_334,,
334,1990,T,26,189.4305,-57.2395,T26_1990_334,,
335,1992,T,26,181.8383,-54.7179,T26_1992_335,,
335,1992,T,26,189.4305,-57.2395,T26_1992_335,,
335,1992,T,26,188.4849,-60.0866,T26_1992_335,,
335,1992,T,26,183.1059,-57.2463,T26_1992_335,,
335,1992,T,26,181.2079,-56.6159,T26_1992_335,,
336,1994,T,26,189.4305,-57.2395,T26_1994_336,,
336,1994,T,26,188.4849,-60.0866,T26_1994_336,,
336,1994,T,26,194.179,-61.9779,T26_1994_336,,
336,1994,T,26,195.1246,-59.1308,T26_1994_336,,
337,1995,T,26,172.3447,-48.4035,T26_1995_337,,
337,1995,T,26,170.4534,-54.0977,T26_1995_337,,
337,1995,T,26,173.3005,-55.0433,T26_1995_337,,
337,1995,T,26,175.1918,-49.3492,T26_1995_337,,
338,1997,TSF,0,136,-27,TSF0_1997_338,,
338,1997,TSF,0,136,-29,TSF0_1997_338,,
338,1997,TSF,0,138,-29,TSF0_1997_338,,
338,1997,TSF,0,138,-27,TSF0_1997_338,,
339,1996,TSF,0,139,-18,TSF0_1996_339,,
339,1996,TSF,0,139,-22,TSF0_1996_339,,
339,1996,TSF,0,141,-22,TSF0_1996_339,,
339,1996,TSF,0,141,-18,TSF0_1996_339,,
340,1971,TR,13,131.0095,-16.028,TR13_1971_340,,
340,1971,TR,13,128.4318,-24.6509,TR13_1971_340,,
340,1971,TR,13,132.2642,-25.7966,TR13_1971_340,,
340,1971,TR,13,133.1234,-22.9222,TR13_1971_340,,
340,1971,TR,13,129.291,-21.7766,TR13_1971_340,,
340,1971,TR,13,129.5774,-20.8185,TR13_1971_340,,
340,1971,TR,13,134.368,-22.2505,TR13_1971_340,,
340,1971,TR,13,135.8,-17.46,TR13_1971_340,,
341,1970,TR,13,135.8,-17.46,TR13_1970_341,,
341,1970,TR,13,133.2223,-26.083,TR13_1970_341,,
341,1970,TR,13,128.4318,-24.6509,TR13_1970_341,,
341,1970,TR,13,131.0095,-16.028,TR13_1970_341,,
342,1977,TR,12,132.0668,-9.33102,TR12_1977_342,,
342,1977,TR,12,137.83,-11,TR12_1977_342,,
342,1977,TR,12,136.995,-13.8816,TR12_1977_342,,
342,1977,TR,12,132.1928,-12.4908,TR12_1977_342,,
342,1977,TR,12,131.6365,-14.4119,TR12_1977_342,,
342,1977,TR,12,130.676,-14.1337,TR12_1977_342,,
343,1977,TR,11,141,-4.48311,TR11_1977_343,,
343,1977,TR,11,140.4402,-10.4,TR11_1977_343,,
343,1977,TR,11,132.76,-8.16067,TR11_1977_343,,
343,1977,TR,11,133.3198,-6.24062,TR11_1977_343,,
344,1976,TR,12,137.83,-11,TR12_1976_344,,
344,1976,TR,12,136.4392,-15.8027,TR12_1976_344,,
344,1976,TR,12,130.676,-14.1337,TR12_1976_344,,
344,1976,TR,12,132.0668,-9.33102,TR12_1976_344,,
345,1981,T,25,136.936,-56.6635,T25_1981_345,,
345,1981,T,25,135.36,-61.4086,T25_1981_345,,
345,1981,T,25,137.258,-62.0391,T25_1981_345,,
345,1981,T,25,138.8341,-57.294,T25_1981_345,,
346,1982,T,25,150.8562,-62.3407,T25_1982_346,,
346,1982,T,25,149.5953,-66.1368,T25_1982_346,,
346,1982,T,25,151.4934,-66.7672,T25_1982_346,,
346,1982,T,25,152.7542,-62.9711,T25_1982_346,,
347,1984,T,25,158.4484,-64.8623,T25_1984_347,,
347,1984,T,25,157.5027,-67.7094,T25_1984_347,,
347,1984,T,25,159.4008,-68.3395,T25_1984_347,,
347,1984,T,25,159.0856,-69.2888,T25_1984_347,,
347,1984,T,25,162.8817,-70.5497,T25_1984_347,,
347,1984,T,25,164.1425,-66.7536,T25_1984_347,,
348,1984,T,25,164.4611,-68.9668,T25_1984_348,,
348,1984,T,25,168.257,-70.227,T25_1984_348,,
348,1984,T,25,167.942,-71.1767,T25_1984_348,,
348,1984,T,25,168.891,-71.4919,T25_1984_348,,
348,1984,T,25,168.2606,-73.3899,T25_1984_348,,
348,1984,T,25,166.3625,-72.7595,T25_1984_348,,
348,1984,T,25,166.677,-71.8105,T25_1984_348,,
348,1984,T,25,163.8307,-70.8649,T25_1984_348,,
349,1985,T,25,161.2954,-65.808,T25_1985_349,,
349,1985,T,25,172.6837,-69.5904,T25_1985_349,,
349,1985,T,25,171.1077,-74.3356,T25_1985_349,,
349,1985,T,25,166.3625,-72.7595,T25_1985_349,,
349,1985,T,25,166.677,-71.8105,T25_1985_349,,
349,1985,T,25,163.8307,-70.8649,T25_1985_349,,
349,1985,T,25,163.5155,-71.8139,T25_1985_349,,
349,1985,T,25,160.6684,-70.8683,T25_1985_349,,
349,1985,T,25,160.6684,-70.8683,T25_1985_349,,
349,1985,T,25,160.6684,-70.8683,T25_1985_349,,
349,1985,T,25,160.6684,-70.8683,T25_1985_349,,
349,1985,T,25,160.3498,-68.655,T25_1985_349,,
350,1994,T,25,130.2895,-51.2948,T25_1994_350,,
350,1994,T,25,129.6591,-53.1929,T25_1994_350,,
350,1994,T,25,137.2512,-55.7145,T25_1994_350,,
350,1994,T,25,137.8817,-53.8165,T25_1994_350,,
351,1994,TNE,25,143.2402,-37.6831,TNE25_1994_351,,
351,1994,TNE,25,142.6098,-39.5811,TNE25_1994_351,,
351,1994,TNE,25,150.202,-42.1028,TNE25_1994_351,,
351,1994,TNE,25,150.8324,-40.2047,TNE25_1994_351,,
352,1994,TNE,25,139.441,-36.4222,TNE25_1994_352,,
352,1994,TNE,25,138.4985,-39.2693,TNE25_1994_352,,
352,1994,TNE,25,142.2946,-40.5301,TNE25_1994_352,,
352,1994,TNE,25,143.2402,-37.6831,TNE25_1994_352,,
353,1995,T,25,130.2895,-51.2948,T25_1995_353,,
353,1995,T,25,129.6591,-53.1929,T25_1995_353,,
353,1995,T,25,135.3532,-55.0841,T25_1995_353,,
353,1995,T,25,135.9836,-53.1861,T25_1995_353,,
354,1997,T,25,151.7,-61.2,T25_1997_354,,
354,1997,T,25,154.6,-62.2,T25_1997_354,,
354,1997,T,25,153.6,-65,T25_1997_354,,
354,1997,T,25,150.8,-64,T25_1997_354,,
355,1981,T,23,208.8256,-46.1391,T23_1981_355,,
355,1981,T,23,205.4318,-52.2613,T23_1981_355,,
355,1981,T,23,208.0556,-53.7158,T23_1981_355,,
355,1981,T,23,211.4495,-47.5936,T23_1981_355,,
356,1969,T,8,159.9,10.9,T8_1969_356,,
356,1969,T,8,154.3457,-6.22161,T8_1969_356,,
356,1969,T,8,193.3449,-18.8731,T8_1969_356,,
356,1969,T,8,198.8992,-1.75153,T8_1969_356,,
357,1970,T,8,179.0259,-7.92018,T8_1970_357,,
357,1970,T,8,177.1745,-13.6274,T8_1970_357,,
357,1970,T,8,184.7841,-16.096,T8_1970_357,,
357,1970,T,8,186.6355,-10.3888,T8_1970_357,,
358,1969,T,9,206.6,19.7,T9_1969_358,,
358,1969,T,9,211.3724,18.20863,T9_1969_358,,
358,1969,T,9,210.7758,16.29967,T9_1969_358,,
358,1969,T,9,218.4117,13.91347,T9_1969_358,,
358,1969,T,9,214.5341,1.5052,T9_1969_358,,
358,1969,T,9,209.7617,2.9966,T9_1969_358,,
358,1969,T,9,207.673,-3.68476,T9_1969_358,,
358,1969,T,9,208.6283,-3.983,T9_1969_358,,
358,1969,T,9,208.0317,-5.891,T9_1969_358,,
358,1969,T,9,204.2138,-4.6988,T9_1969_358,,
358,1969,T,9,206.8983,3.891425,T9_1969_358,,
358,1969,T,9,202.1259,5.3828,T9_1969_358,,
359,1970,T,9,206.6,19.7,T9_1970_359,,
359,1970,T,9,211.372,18.208,T9_1970_359,,
359,1970,T,9,210.775,16.299,T9_1970_359,,
359,1970,T,9,218.4117,13.91347,T9_1970_359,,
359,1970,T,9,211.8496,-7.08509,T9_1970_359,,
359,1970,T,9,204.2138,-4.698,T9_1970_359,,
359,1970,T,9,206.8983,-3.891,T9_1970_359,,
359,1970,T,9,202.1259,5.3828,T9_1970_359,,
360,1969,T,6F,172.6,-30.2,T6F_1969_360,,
360,1969,T,6F,177.1981,-32.164,T6F_1969_360,,
360,1969,T,6F,172.8773,-42.2799,T6F_1969_360,,
360,1969,T,6F,168.2792,-40.3158,T6F_1969_360,,
361,1969,T,6E_1,170.9856,-25.5109,T6E_1_1969_361,,
361,1969,T,6E_1,169.2899,-30.2146,T6E_1_1969_361,,
361,1969,T,6E_1,172.1121,-31.232,T6E_1_1969_361,,
361,1969,T,6E_1,173.8078,-26.5284,T6E_1_1969_361,,
362,1969,T,6D,168.3131,-30.3122,T6D_1969_362,,
362,1969,T,6D,165.3059,-39.8494,T6D_1969_362,,
362,1969,T,6D,168.167,-40.7515,T6D_1969_362,,
362,1969,T,6D,171.1742,-31.2142,T6D_1969_362,,
363,1970,T,6E_2,163.6879,-13.3137,T6E_2_1970_363,,
363,1970,T,6E_2,162.333,-17.076,T6E_2_1970_363,,
363,1970,T,6E_2,165.1555,-18.0941,T6E_2_1970_363,,
363,1970,T,6E_2,166.5121,-14.3311,T6E_2_1970_363,,
364,2009,T,26,186,-66,T26_2009_364,,
364,2009,T,26,190,-66,T26_2009_364,,
364,2009,T,26,190,-69,T26_2009_364,,
364,2009,T,26,186,-69,T26_2009_364,,
365,1969,T,7,140.054026,-11.65794069,T7_1969_365,,
365,1969,T,7,146.0688724,-12.5643744,T7_1969_365,,
365,1969,T,7,145.4497671,-14.46613899,T7_1969_365,,
365,1969,T,7,151.1550609,-16.323455,T7_1969_365,,
365,1969,T,7,154.2505876,-6.81463202,T7_1969_365,,
365,1969,T,7,142.84,-3.1,T7_1969_365,,
366,1985,T,27,181.5435,-74.6406,T27_1985_366,,
366,1985,T,27,176.1849715,-90.77398688,T27_1985_366,,
366,1985,T,27,179.9810625,-92.03481712,T27_1985_366,,
366,1985,T,27,182.502723,-84.44263506,T27_1985_366,,
366,1985,T,27,181.5537002,-84.1274275,T27_1985_366,,
366,1985,T,27,182.1841154,-82.22938198,T27_1985_366,,
366,1985,T,27,185.9802064,-83.49021222,T27_1985_366,,
366,1985,T,27,186.6106215,-81.5921667,T27_1985_366,,
366,1985,T,27,182.8145305,-80.33133647,T27_1985_366,,
366,1985,T,27,184.3905683,-75.58622268,T27_1985_366,,
367,1990,T,27,189.4576898,-82.53778938,T27_1990_367,,
367,1990,T,27,191.3557353,-83.16820449,T27_1990_367,,
367,1990,T,27,190.4101126,-86.01527277,T27_1990_367,,
367,1990,T,27,188.5120671,-85.38485765,T27_1990_367,,
368,1988,T,27,184.3905683,-75.58622268,T27_1988_368,,
368,1988,T,27,182.8145305,-80.33133647,T27_1988_368,,
368,1988,T,27,186.6106215,-81.5921667,T27_1988_368,,
368,1988,T,27,188.1866593,-76.84705291,T27_1988_368,,
369,1989,T,27,182.1841154,-82.22938198,T27_1989_369,,
369,1989,T,27,185.9802064,-83.49021222,T27_1989_369,,
369,1989,T,27,182.8281308,-92.98043979,T27_1989_369,,
369,1989,T,27,179.9810625,-92.03481712,T27_1989_369,,
369,1989,T,27,182.502723,-84.44263506,T27_1989_369,,
369,1989,T,27,181.5537002,-84.1274275,T27_1989_369,,
370,2012,CA,70,56,-36,CA70_2012_370,,
370,2012,CA,70,62,-36,CA70_2012_370,,
370,2012,CA,70,62,-39,CA70_2012_370,,
370,2012,CA,70,56,-39,CA70_2012_370,,
371,2012,CA,72,62,-36,CA72_2012_371,,
371,2012,CA,72,66,-36,CA72_2012_371,,
371,2012,CA,72,66,-39,CA72_2012_371,,
371,2012,CA,72,62,-39,CA72_2012_371,,
372,2012,CB,52,58,-49,CB52_2012_372,,
372,2012,CB,52,62,-49,CB52_2012_372,,
372,2012,CB,52,62,-53,CB52_2012_372,,
372,2012,CB,52,58,-53,CB52_2012_372,,
373,2012,CB,57,50,-53,CB57_2012_373,,
373,2012,CB,57,54,-53,CB57_2012_373,,
373,2012,CB,57,54,-57,CB57_2012_373,,
373,2012,CB,57,50,-57,CB57_2012_373,,
374,2012,CB,56,54,-53,CB56_2012_374,,
374,2012,CB,56,58,-53,CB56_2012_374,,
374,2012,CB,56,58,-57,CB56_2012_374,,
374,2012,CB,56,54,-57,CB56_2012_374,,
375,2012,CB,58,42,-53,CB58_2012_375,,
375,2012,CB,58,46,-53,CB58_2012_375,,
375,2012,CB,58,46,-57,CB58_2012_375,,
375,2012,CB,58,42,-57,CB58_2012_375,,
376,2012,CB,54,50,-49,CB54_2012_376,,
376,2012,CB,54,54,-49,CB54_2012_376,,
376,2012,CB,54,54,-53,CB54_2012_376,,
376,2012,CB,54,50,-53,CB54_2012_376,,
377,2012,CB,60,50,-57,CB60_2012_377,,
377,2012,CB,60,54,-57,CB60_2012_377,,
377,2012,CB,60,54,-59,CB60_2012_377,,
377,2012,CB,60,50,-59,CB60_2012_377,,
378,2012,CB,59,54,-57,CB59_2012_378,,
378,2012,CB,59,58,-57,CB59_2012_378,,
378,2012,CB,59,58,-60,CB59_2012_378,,
378,2012,CB,59,54,-60,CB59_2012_378,,
379,2012,CB,55,46,-49,CB55_2012_379,,
379,2012,CB,55,50,-49,CB55_2012_379,,
379,2012,CB,55,50,-58,CB55_2012_379,,
379,2012,CB,55,48.4,-58,CB55_2012_379,,
379,2012,CB,55,48.4,-57,CB55_2012_379,,
379,2012,CB,55,46,-57,CB55_2012_379,,
380,2012,CB,56,54,-53,CB56_2012_380,,
380,2012,CB,56,58,-53,CB56_2012_380,,
380,2012,CB,56,58,-57,CB56_2012_380,,
380,2012,CB,56,54,-57,CB56_2012_380,,
381,2012,CA,71,59,-33.5,CA71_2012_381,,
381,2012,CA,71,62,-33.5,CA71_2012_381,,
381,2012,CA,71,62,-34,CA71_2012_381,,
381,2012,CA,71,63,-34,CA71_2012_381,,
381,2012,CA,71,63,-36,CA71_2012_381,,
381,2012,CA,71,59,-36,CA71_2012_381,,
382,2012,CA,73,63,-34,CA73_2012_382,,
382,2012,CA,73,66,-34,CA73_2012_382,,
382,2012,CA,73,66,-36,CA73_2012_382,,
382,2012,CA,73,63,-36,CA73_2012_382,,
383,2012,CA,74,56,-33.5,CA74_2012_383,,
383,2012,CA,74,59,-33.5,CA74_2012_383,,
383,2012,CA,74,59,-36,CA74_2012_383,,
383,2012,CA,74,56,-36,CA74_2012_383,,
384,2012,CB,53,58,-53,CB53_2012_384,,
384,2012,CB,53,58,-49,CB53_2012_384,,
384,2012,CB,53,54,-49,CB53_2012_384,,
384,2012,CB,53,54,-53,CB53_2012_384,,
385,2012,CA,75,60,-28,CA75_2012_385,,
385,2012,CA,75,60,-26,CA75_2012_385,,
385,2012,CA,75,58,-26,CA75_2012_385,,
385,2012,CA,75,58,-28,CA75_2012_385,,
386,2013,CA,80,51,-31,CA80_2013_386,,
386,2013,CA,80,55,-31,CA80_2013_386,,
386,2013,CA,80,55,-32,CA80_2013_386,,
386,2013,CA,80,56,-32,CA80_2013_386,,
386,2013,CA,80,56,-36,CA80_2013_386,,
386,2013,CA,80,52,-36,CA80_2013_386,,
386,2013,CA,80,52,-33.5,CA80_2013_386,,
386,2013,CA,80,51,-33.5,CA80_2013_386,,
386,2013,CA,80,51,-31,CA80_2013_386,,
387,2013,CA,81,59,-41,CA81_2013_387,,
387,2013,CA,81,59,-39,CA81_2013_387,,
387,2013,CA,81,63,-39,CA81_2013_387,,
387,2013,CA,81,63,-43,CA81_2013_387,,
387,2013,CA,81,61,-43,CA81_2013_387,,
387,2013,CA,81,61,-41,CA81_2013_387,,
387,2013,CA,81,59,-41,CA81_2013_387,,
388,2013,CA,82,64,-30,CA82_2013_388,,
388,2013,CA,82,64,-26,CA82_2013_388,,
388,2013,CA,82,68,-26,CA82_2013_388,,
388,2013,CA,82,68,-30,CA82_2013_388,,
388,2013,CA,82,64,-30,CA82_2013_388,,
389,2013,CA,83,54,-41,CA83_2013_389,,
389,2013,CA,83,54,-36,CA83_2013_389,,
389,2013,CA,83,56,-36,CA83_2013_389,,
389,2013,CA,83,56,-39,CA83_2013_389,,
389,2013,CA,83,59,-39,CA83_2013_389,,
389,2013,CA,83,59,-41,CA83_2013_389,,
389,2013,CA,83,54,-41,CA83_2013_389,,
390,2013,CA,76,66,-41,CA76_2013_390,,
390,2013,CA,76,66,-39,CA76_2013_390,,
390,2013,CA,76,71,-39,CA76_2013_390,,
390,2013,CA,76,71,-41,CA76_2013_390,,
390,2013,CA,76,66,-41,CA76_2013_390,,
391,2013,CA,77,65,-44,CA77_2013_391,,
391,2013,CA,77,65,-41,CA77_2013_391,,
391,2013,CA,77,71,-41,CA77_2013_391,,
391,2013,CA,77,71,-44,CA77_2013_391,,
391,2013,CA,77,65,-44,CA77_2013_391,,
392,2013,CA,78,66,-34,CA78_2013_392,,
392,2013,CA,78,66,-30,CA78_2013_392,,
392,2013,CA,78,70,-30,CA78_2013_392,,
392,2013,CA,78,70,-34,CA78_2013_392,,
392,2013,CA,78,66,-34,CA78_2013_392,,
393,2013,CA,79,63,-43,CA79_2013_393,,
393,2013,CA,79,63,-39,CA79_2013_393,,
393,2013,CA,79,66,-39,CA79_2013_393,,
393,2013,CA,79,66,-41,CA79_2013_393,,
393,2013,CA,79,65,-41,CA79_2013_393,,
393,2013,CA,79,65,-43,CA79_2013_393,,
393,2013,CA,79,63,-43,CA79_2013_393,,
394,2013,CA,71,59,-34,CA71_2013_394,,
394,2013,CA,71,59,-33.5,CA71_2013_394,,
394,2013,CA,71,63,-33.5,CA71_2013_394,,
394,2013,CA,71,63,-34,CA71_2013_394,,
394,2013,CA,71,59,-34,CA71_2013_394,,
395,2013,CA,72,66,-39,CA72_2013_395,,
395,2013,CA,72,66,-36,CA72_2013_395,,
395,2013,CA,72,71,-36,CA72_2013_395,,
395,2013,CA,72,71,-39,CA72_2013_395,,
395,2013,CA,72,66,-39,CA72_2013_395,,
396,2013,CA,73,66,-36,CA73_2013_396,,
396,2013,CA,73,66,-34,CA73_2013_396,,
396,2013,CA,73,71,-34,CA73_2013_396,,
396,2013,CA,73,71,-36,CA73_2013_396,,
396,2013,CA,73,66,-36,CA73_2013_396,,
397,2013,CA,74,56,-34,CA74_2013_397,,
397,2013,CA,74,56,-33.5,CA74_2013_397,,
397,2013,CA,74,59,-33.5,CA74_2013_397,,
397,2013,CA,74,59,-34,CA74_2013_397,,
397,2013,CA,74,56,-34,CA74_2013_397,,
398,1993,CB,27,-62,-11,CB27_1993_398,,
398,1993,CB,27,-55,-11,CB27_1993_398,,
398,1993,CB,27,-55,-17,CB27_1993_398,,
398,1993,CB,27,-62,-17,CB27_1993_398,,
399,2014,T,66,106.8956522,-46.75043478,T66_2014_399,,
399,2014,T,66,109.8682609,-46.79217391,T66_2014_399,,
399,2014,T,66,109.91,-49.77,T66_2014_399,,
399,2014,T,66,106.9373913,-49.72826087,T66_2014_399,,
400,2014,T,66,105.9047826,-46.73652174,T66_2014_400,,
400,2014,T,66,106.8956522,-46.75043478,T66_2014_400,,
400,2014,T,66,106.9373913,-49.72826087,T66_2014_400,,
400,2014,T,66,105.9465217,-49.71434783,T66_2014_400,,
401,2014,T,66,105.8908696,-45.74391304,T66_2014_401,,
401,2014,T,66,109.8543478,-45.79956522,T66_2014_401,,
401,2014,T,66,109.8682609,-46.79217391,T66_2014_401,,
401,2014,T,66,105.9047826,-46.73652174,T66_2014_401,,
402,2015,T,66,105.8908696,-45.74391304,T66_2015_402,,
402,2015,T,66,109.8543478,-45.79956522,T66_2015_402,,
402,2015,T,66,109.8682609,-46.79217391,T66_2015_402,,
402,2015,T,66,105.9047826,-46.73652174,T66_2015_402,,
403,2015,T,66,105.8630435,-43.75869565,T66_2015_403,,
403,2015,T,66,108.8356522,-43.80043478,T66_2015_403,,
403,2015,T,66,108.8773913,-46.77826087,T66_2015_403,,
403,2015,T,66,105.9047826,-46.73652174,T66_2015_403,,
404,2015,T,66,108.8356522,-43.80043478,T66_2015_404,,
404,2015,T,66,109.8265217,-43.81434783,T66_2015_404,,
404,2015,T,66,109.8682609,-46.79217391,T66_2015_404,,
404,2015,T,66,108.8773913,-46.77826087,T66_2015_404,,
405,2014,T,61,92.04652174,-47.53434783,T61_2014_405,,
405,2014,T,61,96.01,-47.59,T61_2014_405,,
405,2014,T,61,96.03782609,-49.57521739,T61_2014_405,,
405,2014,T,61,92.07434783,-49.51956522,T61_2014_405,,
406,2014,T,61,92.07434783,-49.51956522,T61_2014_406,,
406,2014,T,61,96.03782609,-49.57521739,T61_2014_406,,
406,2014,T,61,96.06565217,-51.56043478,T61_2014_406,,
406,2014,T,61,92.10217391,-51.50478261,T61_2014_406,,
407,2014,T,62,92.10217391,-51.50478261,T62_2014_407,,
407,2014,T,62,96.06565217,-51.56043478,T62_2014_407,,
407,2014,T,62,96.09347826,-53.54565217,T62_2014_407,,
407,2014,T,62,92.13,-53.49,T62_2014_407,,
408,2014,T,62,92.13,-53.49,T62_2014_408,,
408,2014,T,62,95.1026087,-53.53173913,T62_2014_408,,
408,2014,T,62,95.13043478,-55.51695652,T62_2014_408,,
408,2014,T,62,92.15782609,-55.47521739,T62_2014_408,,
409,2014,T,62,95.1026087,-53.53173913,T62_2014_409,,
409,2014,T,62,96.09347826,-53.54565217,T62_2014_409,,
409,2014,T,62,96.07956522,-52.55304348,T62_2014_409,,
409,2014,T,62,98.06130435,-52.58086957,T62_2014_409,,
409,2014,T,62,98.10304348,-55.55869565,T62_2014_409,,
409,2014,T,62,95.13043478,-55.51695652,T62_2014_409,,
410,2014,T,69,87.98565217,-40.53043478,T69_2014_410,,
410,2014,T,69,90.95826087,-40.57217391,T69_2014_410,,
410,2014,T,69,90.98608696,-42.5573913,T69_2014_410,,
410,2014,T,69,88.01347826,-42.51565217,T69_2014_410,,
411,2014,T,69,87.97173913,-39.53782609,T69_2014_411,,
411,2014,T,69,90.94434783,-39.57956522,T69_2014_411,,
411,2014,T,69,90.95826087,-40.57217391,T69_2014_411,,
411,2014,T,69,87.98565217,-40.53043478,T69_2014_411,,
412,2014,T,67,189,-45,T67_2014_412,,
412,2014,T,67,190,-45,T67_2014_412,,
412,2014,T,67,190,-48,T67_2014_412,,
412,2014,T,67,189,-48,T67_2014_412,,
413,2014,T,63,98.07521739,-53.57347826,T63_2014_413,,
413,2014,T,63,101.0478261,-53.61521739,T63_2014_413,,
413,2014,T,63,101.006087,-50.6373913,T63_2014_413,,
413,2014,T,63,98.03347826,-50.59565217,T63_2014_413,,
414,2014,T,63,98.10304348,-55.55869565,T63_2014_414,,
414,2014,T,63,101.0756522,-55.60043478,T63_2014_414,,
414,2014,T,63,101.0478261,-53.61521739,T63_2014_414,,
414,2014,T,63,98.07521739,-53.57347826,T63_2014_414,,
415,2014,T,68,190,-54,T68_2014_415,,
415,2014,T,68,188,-54,T68_2014_415,,
415,2014,T,68,188,-56,T68_2014_415,,
415,2014,T,68,190,-56,T68_2014_415,,
416,2014,T,65,97.92217391,-42.65478261,T65_2014_416,,
416,2014,T,65,100.8947826,-42.69652174,T65_2014_416,,
416,2014,T,65,100.9365217,-45.67434783,T65_2014_416,,
416,2014,T,65,97.96391304,-45.6326087,T65_2014_416,,
417,2014,T,65,100.8947826,-42.69652174,T65_2014_417,,
417,2014,T,65,101.8856522,-42.71043478,T65_2014_417,,
417,2014,T,65,101.9413043,-46.68086957,T65_2014_417,,
417,2014,T,65,97.97782609,-46.62521739,T65_2014_417,,
417,2014,T,65,97.96391304,-45.6326087,T65_2014_417,,
417,2014,T,65,100.9365217,-45.67434783,T65_2014_417,,
418,2014,T,64,97.97782609,-46.62521739,T64_2014_418,,
418,2014,T,64,100.9504348,-46.66695652,T64_2014_418,,
418,2014,T,64,100.9921739,-49.64478261,T64_2014_418,,
418,2014,T,64,98.01956522,-49.60304348,T64_2014_418,,
419,2014,T,59,92.92608696,-39.6073913,T59_2014_419,,
419,2014,T,59,94.90782609,-39.63521739,T59_2014_419,,
419,2014,T,59,94.96347826,-43.60565217,T59_2014_419,,
419,2014,T,59,92.98173913,-43.57782609,T59_2014_419,,
420,2014,T,59,90.94434783,-39.57956522,T59_2014_420,,
420,2014,T,59,92.92608696,-39.6073913,T59_2014_420,,
420,2014,T,59,92.98173913,-43.57782609,T59_2014_420,,
420,2014,T,59,91,-43.55,T59_2014_420,,
421,2014,T,59,94.90782609,-39.63521739,T59_2014_421,,
421,2014,T,59,96.42385652,-39.65650435,T59_2014_421,,
421,2014,T,59,96.43220435,-40.25206957,T59_2014_421,,
421,2014,T,59,96.89791304,-40.2586087,T59_2014_421,,
421,2014,T,59,96.94521739,-43.63347826,T59_2014_421,,
421,2014,T,59,94.96347826,-43.60565217,T59_2014_421,,
422,2014,T,60,92.98173913,-43.57782609,T60_2014_422,,
422,2014,T,60,96.94521739,-43.63347826,T60_2014_422,,
422,2014,T,60,96.97304348,-45.61869565,T60_2014_422,,
422,2014,T,60,93.00956522,-45.56304348,T60_2014_422,,
423,2014,T,60,96.94521739,-43.63347826,T60_2014_423,,
423,2014,T,60,97.93608696,-43.6473913,T60_2014_423,,
423,2014,T,60,97.96391304,-45.6326087,T60_2014_423,,
423,2014,T,60,96.97304348,-45.61869565,T60_2014_423,,
424,2014,T,57,90.86086957,-33.62391304,T57_2014_424,,
424,2014,T,57,94.82434783,-33.67956522,T57_2014_424,,
424,2014,T,57,94.85217391,-35.66478261,T57_2014_424,,
424,2014,T,57,90.88869565,-35.60913043,T57_2014_424,,
425,2014,T,57,94.82434783,-33.67956522,T57_2014_425,,
425,2014,T,57,96.80608696,-33.7073913,T57_2014_425,,
425,2014,T,57,96.86173913,-37.67782609,T57_2014_425,,
425,2014,T,57,93.88913043,-37.63608696,T57_2014_425,,
425,2014,T,57,93.86130435,-35.65086957,T57_2014_425,,
425,2014,T,57,94.85217391,-35.66478261,T57_2014_425,,
426,2014,T,57,88.87913043,-33.59608696,T57_2014_426,,
426,2014,T,57,90.86086957,-33.62391304,T57_2014_426,,
426,2014,T,57,90.88869565,-35.60913043,T57_2014_426,,
426,2014,T,57,88.90695652,-35.58130435,T57_2014_426,,
427,2014,T,58,90.91652174,-37.59434783,T58_2014_427,,
427,2014,T,58,94.88,-37.65,T58_2014_427,,
427,2014,T,58,94.90782609,-39.63521739,T58_2014_427,,
427,2014,T,58,90.94434783,-39.57956522,T58_2014_427,,
428,2015,T,62,92.13,-53.49,T62_2015_428,,
428,2015,T,62,96.09347826,-53.54565217,T62_2015_428,,
428,2015,T,62,96.13521739,-56.52347826,T62_2015_428,,
428,2015,T,62,92.17173913,-56.46782609,T62_2015_428,,
429,2015,T,73,88.86521739,-32.60347826,T73_2015_429,,
429,2015,T,73,92.82869565,-32.65913043,T73_2015_429,,
429,2015,T,73,92.85652174,-34.64434783,T73_2015_429,,
429,2015,T,73,88.89304348,-34.58869565,T73_2015_429,,
430,2015,T,80,94.88,-37.65,T80_2015_430,,
430,2015,T,80,96.86173913,-37.67782609,T80_2015_430,,
430,2015,T,80,96.90347826,-40.65565217,T80_2015_430,,
430,2015,T,80,94.92173913,-40.62782609,T80_2015_430,,
431,2015,T,74,96.84782609,-36.68521739,T74_2015_431,,
431,2015,T,74,99.82043478,-36.72695652,T74_2015_431,,
431,2015,T,74,99.86217391,-39.70478261,T74_2015_431,,
431,2015,T,74,96.88956522,-39.66304348,T74_2015_431,,
432,2015,T,75,101.9134783,-44.69565217,T75_2015_432,,
432,2015,T,75,103.8952174,-44.72347826,T75_2015_432,,
432,2015,T,75,103.9508696,-48.69391304,T75_2015_432,,
432,2015,T,75,101.9691304,-48.66608696,T75_2015_432,,
433,2015,T,75,101.8856522,-42.71043478,T75_2015_433,,
433,2015,T,75,105.8491304,-42.76608696,T75_2015_433,,
433,2015,T,75,105.8769565,-44.75130435,T75_2015_433,,
433,2015,T,75,101.9134783,-44.69565217,T75_2015_433,,
434,2015,T,78,105.8213043,-40.78086957,T78_2015_434,,
434,2015,T,78,108.793913,-40.8226087,T78_2015_434,,
434,2015,T,78,108.8356522,-43.80043478,T78_2015_434,,
434,2015,T,78,105.8630435,-43.75869565,T78_2015_434,,
435,2015,T,71,85.92043478,-34.54695652,T71_2015_435,,
435,2015,T,71,88.89304348,-34.58869565,T71_2015_435,,
435,2015,T,71,88.93478261,-37.56652174,T71_2015_435,,
435,2015,T,71,85.96217391,-37.52478261,T71_2015_435,,
436,2015,T,79,102.8208696,-38.75391304,T79_2015_436,,
436,2015,T,79,105.7934783,-38.79565217,T79_2015_436,,
436,2015,T,79,105.8352174,-41.77347826,T79_2015_436,,
436,2015,T,79,102.8626087,-41.73173913,T79_2015_436,,
437,2015,T,70,87.94391304,-37.5526087,T70_2015_437,,
437,2015,T,70,90.91652174,-37.59434783,T70_2015_437,,
437,2015,T,70,90.95826087,-40.57217391,T70_2015_437,,
437,2015,T,70,87.98565217,-40.53043478,T70_2015_437,,
438,2015,T,70,90.91652174,-37.59434783,T70_2015_438,,
438,2015,T,70,92.89826087,-37.62217391,T70_2015_438,,
438,2015,T,70,92.9066087,-38.21773913,T70_2015_438,,
438,2015,T,70,90.92486957,-38.18991304,T70_2015_438,,
439,2015,T,58,90.92486957,-38.18991304,T58_2015_439,,
439,2015,T,58,92.9066087,-38.21773913,T58_2015_439,,
439,2015,T,58,92.89826087,-37.62217391,T58_2015_439,,
439,2015,T,58,94.88,-37.65,T58_2015_439,,
439,2015,T,58,94.91533913,-40.17122609,T58_2015_439,,
439,2015,T,58,90.95186087,-40.11557391,T58_2015_439,,
440,2015,T,58,90.95186087,-40.11557391,T58_2015_440,,
440,2015,T,58,92.93262609,-40.07391739,T58_2015_440,,
440,2015,T,58,92.94,-40.6,T58_2015_440,,
440,2015,T,58,90.95826087,-40.57217391,T58_2015_440,,
441,2015,T,71,85.92043478,-34.54695652,T71_2015_441,,
441,2015,T,71,88.89304348,-34.58869565,T71_2015_441,,
441,2015,T,71,88.93478261,-37.56652174,T71_2015_441,,
441,2015,T,71,85.96217391,-37.52478261,T71_2015_441,,
442,2015,T,78,105.7934783,-38.79565217,T78_2015_442,,
442,2015,T,78,108.766087,-38.8373913,T78_2015_442,,
442,2015,T,78,108.793913,-40.8226087,T78_2015_442,,
442,2015,T,78,105.8213043,-40.78086957,T78_2015_442,,
443,2015,T,74,96.88956522,-39.66304348,T74_2015_443,,
443,2015,T,74,99.86217391,-39.70478261,T74_2015_443,,
443,2015,T,74,99.87608696,-40.6973913,T74_2015_443,,
443,2015,T,74,96.90347826,-40.65565217,T74_2015_443,,
444,2015,T,74,96.90347826,-40.65565217,T74_2015_444,,
444,2015,T,74,98.88521739,-40.68347826,T74_2015_444,,
444,2015,T,74,98.92695652,-43.66130435,T74_2015_444,,
444,2015,T,74,96.94521739,-43.63347826,T74_2015_444,,
445,2015,T,66,109.8265217,-43.81434783,T66_2015_445,,
445,2015,T,66,110.8173913,-43.82826087,T66_2015_445,,
445,2015,T,66,110.8730435,-47.79869565,T66_2015_445,,
445,2015,T,66,109.8821739,-47.78478261,T66_2015_445,,
446,2015,T,76,103.8952174,-44.72347826,T76_2015_446,,
446,2015,T,76,105.8769565,-44.75130435,T76_2015_446,,
446,2015,T,76,105.9326087,-48.72173913,T76_2015_446,,
446,2015,T,76,103.9508696,-48.69391304,T76_2015_446,,
447,2015,T,72,85.8926087,-32.56173913,T72_2015_447,,
447,2015,T,72,88.86521739,-32.60347826,T72_2015_447,,
447,2015,T,72,88.89304348,-34.58869565,T72_2015_447,,
447,2015,T,72,85.92043478,-34.54695652,T72_2015_447,,
448,2015,T,77,99.83434783,-37.71956522,T77_2015_448,,
448,2015,T,77,102.8069565,-37.76130435,T77_2015_448,,
448,2015,T,77,102.8486957,-40.73913043,T77_2015_448,,
448,2015,T,77,99.87608696,-40.6973913,T77_2015_448,,
449,2015,T,77,99.87608696,-40.6973913,T77_2015_449,,
449,2015,T,77,102.8486957,-40.73913043,T77_2015_449,,
449,2015,T,77,102.8765217,-42.72434783,T77_2015_449,,
449,2015,T,77,99.90391304,-42.6826087,T77_2015_449,,
450,2015,T,81,108.793913,-40.8226087,T81_2015_450,,
450,2015,T,81,111.7665217,-40.86434783,T81_2015_450,,
450,2015,T,81,111.8082609,-43.84217391,T81_2015_450,,
450,2015,T,81,108.8356522,-43.80043478,T81_2015_450,,
451,2015,T,81,108.8356522,-43.80043478,T81_2015_451,,
451,2015,T,81,109.7076174,-43.81267826,T81_2015_451,,
451,2015,T,81,109.5422304,-44.02868696,T81_2015_451,,
451,2015,T,81,108.8381565,-43.97910435,T81_2015_451,,
452,2015,T,57,88.93478261,-37.56652174,T57_2015_452,,
452,2015,T,57,88.89304348,-34.58869565,T57_2015_452,,
452,2015,T,57,92.85652174,-34.64434783,T57_2015_452,,
452,2015,T,57,92.85234783,-34.34656522,T57_2015_452,,
452,2015,T,57,96.81304348,-34.20369565,T57_2015_452,,
452,2015,T,57,96.86173913,-37.67782609,T57_2015_452,,
452,2015,T,57,94.88,-37.65,T57_2015_452,,
452,2015,T,57,94.88695652,-38.14630435,T57_2015_452,,
452,2015,T,57,93.89608696,-38.1323913,T57_2015_452,,
452,2015,T,57,93.86826087,-36.14717391,T57_2015_452,,
452,2015,T,57,92.8773913,-36.13326087,T57_2015_452,,
452,2015,T,57,92.89826087,-37.62217391,T57_2015_452,,
453,2015,T,57,92.8773913,-36.13326087,T57_2015_453,,
453,2015,T,57,93.86826087,-36.14717391,T57_2015_453,,
453,2015,T,57,93.89608696,-38.1323913,T57_2015_453,,
453,2015,T,57,92.90521739,-38.11847826,T57_2015_453,,
454,2016,T,66,105,-43,T66_2016_454,,
454,2016,T,66,107,-43,T66_2016_454,,
454,2016,T,66,107,-43.5,T66_2016_454,,
454,2016,T,66,109,-43.5,T66_2016_454,,
454,2016,T,66,109,-46,T66_2016_454,,
454,2016,T,66,107,-46,T66_2016_454,,
454,2016,T,66,107,-45,T66_2016_454,,
454,2016,T,66,105,-45,T66_2016_454,,
455,2016,T,82,74,-38,T82_2016_455,,
455,2016,T,82,79,-38,T82_2016_455,,
455,2016,T,82,79,-42,T82_2016_455,,
455,2016,T,82,74,-42,T82_2016_455,,
456,2016,T,83,80,-43,T83_2016_456,,
456,2016,T,83,84,-43,T83_2016_456,,
456,2016,T,83,84,-47,T83_2016_456,,
456,2016,T,83,85,-47,T83_2016_456,,
456,2016,T,83,85,-50,T83_2016_456,,
456,2016,T,83,83,-50,T83_2016_456,,
456,2016,T,83,83,-49,T83_2016_456,,
456,2016,T,83,80,-49,T83_2016_456,,
457,2016,T,84,33,-35,T84_2016_457,,
457,2016,T,84,35,-35,T84_2016_457,,
457,2016,T,84,35,-37,T84_2016_457,,
457,2016,T,84,33,-37,T84_2016_457,,
458,2016,T,85,91,-16,T85_2016_458,,
458,2016,T,85,93,-16,T85_2016_458,,
458,2016,T,85,93,-19,T85_2016_458,,
458,2016,T,85,91,-19,T85_2016_458,,
459,2016,T,86,91,-37,T86_2016_459,,
459,2016,T,86,95,-37,T86_2016_459,,
459,2016,T,86,95,-41,T86_2016_459,,
459,2016,T,86,91,-41,T86_2016_459,,
460,2016,T,87,70,-45,T87_2016_460,,
460,2016,T,87,73,-45,T87_2016_460,,
460,2016,T,87,73,-47,T87_2016_460,,
460,2016,T,87,75,-47,T87_2016_460,,
460,2016,T,87,75,-49,T87_2016_460,,
460,2016,T,87,70,-49,T87_2016_460,,
461,2016,T,88,102,-40,T88_2016_461,,
461,2016,T,88,107,-40,T88_2016_461,,
461,2016,T,88,107,-43,T88_2016_461,,
461,2016,T,88,102,-43,T88_2016_461,,
462,2016,CB,61,54,-72,CB61_2016_462,,
462,2016,CB,61,57,-72,CB61_2016_462,,
462,2016,CB,61,57,-74,CB61_2016_462,,
462,2016,CB,61,54,-74,CB61_2016_462,,
463,2016,CB,62,54,-69,CB62_2016_463,,
463,2016,CB,62,57,-69,CB62_2016_463,,
463,2016,CB,62,57,-71,CB62_2016_463,,
463,2016,CB,62,54,-71,CB62_2016_463,,
464,2016,TSF,4,136,-30,TSF4_2016_464,,
464,2016,TSF,4,140,-30,TSF4_2016_464,,
464,2016,TSF,4,140,-37,TSF4_2016_464,,
464,2016,TSF,4,136,-37,TSF4_2016_464,,
465,2017,CA,85,43,-29,CA85_2017_465,,
465,2017,CA,85,47,-29,CA85_2017_465,,
465,2017,CA,85,47,-33,CA85_2017_465,,
465,2017,CA,85,43,-33,CA85_2017_465,,
466,2017,CA,86,47,-27,CA86_2017_466,,
466,2017,CA,86,51,-27,CA86_2017_466,,
466,2017,CA,86,51,-29,CA86_2017_466,,
466,2017,CA,86,47,-29,CA86_2017_466,,
467,2017,CA,87,28,-25,CA87_2017_467,,
467,2017,CA,87,30,-25,CA87_2017_467,,
467,2017,CA,87,30,-27,CA87_2017_467,,
467,2017,CA,87,32,-27,CA87_2017_467,,
467,2017,CA,87,32,-30,CA87_2017_467,,
467,2017,CA,87,28,-30,CA87_2017_467,,
468,2017,CA,88,81,14,CA88_2017_468,,
468,2017,CA,88,87,14,CA88_2017_468,,
468,2017,CA,88,87,10,CA88_2017_468,,
468,2017,CA,88,81,10,CA88_2017_468,,
469,2017,CA,89,25,-23,CA89_2017_469,,
469,2017,CA,89,28,-23,CA89_2017_469,,
469,2017,CA,89,28,-27,CA89_2017_469,,
469,2017,CA,89,25,-27,CA89_2017_469,,
470,2017,CB,63,-80,0,CB63_2017_470,,
470,2017,CB,63,-75,0,CB63_2017_470,,
470,2017,CB,63,-75,-5,CB63_2017_470,,
470,2017,CB,63,-80,-5,CB63_2017_470,,
471,2017,T,89,102,-60,T89_2017_471,,
471,2017,T,89,107,-60,T89_2017_471,,
471,2017,T,89,107,-62,T89_2017_471,,
471,2017,T,89,102,-62,T89_2017_471,,
472,2017,T,90,103,-41,T90_2017_472,,
472,2017,T,90,110,-41,T90_2017_472,,
472,2017,T,90,110,-47,T90_2017_472,,
472,2017,T,90,103,-47,T90_2017_472,,
473,2018,T,90,103,-41,T90_2018_473,,
473,2018,T,90,110,-41,T90_2018_473,,
473,2018,T,90,110,-47,T90_2018_473,,
473,2018,T,90,103,-47,T90_2018_473,,
474,2018,T,91,171,-46,T91_2018_474,,
474,2018,T,91,174,-46,T91_2018_474,,
474,2018,T,91,174,-49,T91_2018_474,,
474,2018,T,91,170,-49,T91_2018_474,,
475,2018,T,92,168,-46,T92_2018_475,,
475,2018,T,92,171,-46,T92_2018_475,,
475,2018,T,92,171,-49,T92_2018_475,,
475,2018,T,92,168,-49,T92_2018_475,,
476,2018,T,93,170,-49,T93_2018_476,,
476,2018,T,93,174,-49,T93_2018_476,,
476,2018,T,93,174,-52,T93_2018_476,,
476,2018,T,93,170,-52,T93_2018_476,,
477,2019,T,96,142,-92,T96_2019_477,,
477,2019,T,96,142,-96,T96_2019_477,,
477,2019,T,96,138,-96,T96_2019_477,,
477,2019,T,96,138,-92,T96_2019_477,,
478,2019,T,26,175.81,-64.5,T26_2019_478,,
478,2019,T,26,175.81,-66.5,T26_2019_478,,
478,2019,T,26,177.81,-66.5,T26_2019_478,,
478,2019,T,26,177.81,-67.92,T26_2019_478,,
478,2019,T,26,175.81,-67.92,T26_2019_478,,
478,2019,T,26,175.81,-69.5,T26_2019_478,,
478,2019,T,26,173.31,-69.5,T26_2019_478,,
478,2019,T,26,173.31,-66.5,T26_2019_478,,
478,2019,T,26,174.31,-66.5,T26_2019_478,,
478,2019,T,26,174.31,-64.5,T26_2019_478,,
479,2019,T,98,148,-89,T98_2019_479,,
479,2019,T,98,148,-94,T98_2019_479,,
479,2019,T,98,146,-94,T98_2019_479,,
479,2019,T,98,146,-89,T98_2019_479,,
480,2019,T,22,173,-52,T22_2019_480,,
480,2019,T,22,173,-60,T22_2019_480,,
480,2019,T,22,170,-60,T22_2019_480,,
480,2019,T,22,170,-52,T22_2019_480,,
481,2019,T,97,142,-94,T97_2019_481,,
481,2019,T,97,146,-94,T97_2019_481,,
481,2019,T,97,146,-98,T97_2019_481,,
481,2019,T,97,142,-98,T97_2019_481,,
482,2019,T,99,100,-71,T99_2019_482,,
482,2019,T,99,103,-71,T99_2019_482,,
482,2019,T,99,103,-75,T99_2019_482,,
482,2019,T,99,102,-75,T99_2019_482,,
482,2019,T,99,102,-74,T99_2019_482,,
482,2019,T,99,100,-74,T99_2019_482,,
483,2019,T,94,106,-69,T94_2019_483,,
483,2019,T,94,106,-77,T94_2019_483,,
483,2019,T,94,103,-77,T94_2019_483,,
483,2019,T,94,103,-69,T94_2019_483,,
484,2019,T,95,110,-69,T95_2019_484,,
484,2019,T,95,110,-78,T95_2019_484,,
484,2019,T,95,106,-78,T95_2019_484,,
484,2019,T,95,106,-69,T95_2019_484,,
485,2019,T,90,103,-38,T90_2019_485,,
485,2019,T,90,110,-38,T90_2019_485,,
485,2019,T,90,110,-48,T90_2019_485,,
485,2019,T,90,103,-48,T90_2019_485,,
486,2022,T,100,173,-56,T100_2022_486,,
486,2022,T,100,174,-56,T100_2022_486,,
486,2022,T,100,174,-58,T100_2022_486,,
486,2022,T,100,176,-58,T100_2022_486,,
486,2022,T,100,176,-64,T100_2022_486,,
486,2022,T,100,174,-64,T100_2022_486,,
486,2022,T,100,174,-60,T100_2022_486,,
486,2022,T,100,173,-60,T100_2022_486,,
487,2022,CA,91,23,-5,CA91_2022_487,,
487,2022,CA,91,28,-5,CA91_2022_487,,
487,2022,CA,91,28,-9,CA91_2022_487,,
487,2022,CA,91,23,-9,CA91_2022_487,,
488,2022,CA,92,17,7,CA92_2022_488,,
488,2022,CA,92,22,7,CA92_2022_488,,
488,2022,CA,92,22,4,CA92_2022_488,,
488,2022,CA,92,17,4,CA92_2022_488,,
489,2022,CA,90,23,-1,CA90_2022_489,,
489,2022,CA,90,25,-1,CA90_2022_489,,
489,2022,CA,90,25,-5,CA90_2022_489,,
489,2022,CA,90,20,-5,CA90_2022_489,,
489,2022,CA,90,20,-2,CA90_2022_489,,
489,2022,CA,90,23,-2,CA90_2022_489,,
490,2022,T,101,168,-40,T101_2022_490,,
490,2022,T,101,172,-40,T101_2022_490,,
490,2022,T,101,172,-42,T101_2022_490,,
490,2022,T,101,168,-42,T101_2022_490,,
491,2022,T,90,103,-38,T90_2022_491,,
491,2022,T,90,110,-38,T90_2022_491,,
491,2022,T,90,110,-48,T90_2022_491,,
491,2022,T,90,103,-48,T90_2022_491,,
492,2022,T,102,190,-53,T102_2022_492,,
492,2022,T,102,191,-53,T102_2022_492,,
492,2022,T,102,191,-56,T102_2022_492,,
492,2022,T,102,190,-56,T102_2022_492,,
493,2022,T,26,174,-64,T26_2022_493,,
493,2022,T,26,174,-71,T26_2022_493,,
493,2022,T,26,177,-71,T26_2022_493,,
493,2022,T,26,177,-68,T26_2022_493,,
493,2022,T,26,179,-68,T26_2022_493,,
493,2022,T,26,179,-66,T26_2022_493,,
493,2022,T,26,177,-66,T26_2022_493,,
493,2022,T,26,177,-64,T26_2022_493,,
494,2023,T,103,177,-64,T103_2023_494,,
494,2023,T,103,182,-64,T103_2023_494,,
494,2023,T,103,182,-67,T103_2023_494,,
494,2023,T,103,179,-67,T103_2023_494,,
494,2023,T,103,179,-66,T103_2023_494,,
494,2023,T,103,177,-66,T103_2023_494,,
495,2023,CA,94,20,17,CA94_2023_495,,
495,2023,CA,94,22,17,CA94_2023_495,,
495,2023,CA,94,22,16,CA94_2023_495,,
495,2023,CA,94,24,16,CA94_2023_495,,
495,2023,CA,94,24,13,CA94_2023_495,,
495,2023,CA,94,22,13,CA94_2023_495,,
495,2023,CA,94,22,12,CA94_2023_495,,
495,2023,CA,94,20,12,CA94_2023_495,,
496,2023,CA,93,27,12,CA93_2023_496,,
496,2023,CA,93,30,12,CA93_2023_496,,
496,2023,CA,93,30,9,CA93_2023_496,,
496,2023,CA,93,27,9,CA93_2023_496,,
497,2023,T,104,191,-53,T104_2023_497,,
497,2023,T,104,194,-53,T104_2023_497,,
497,2023,T,104,194,-56,T104_2023_497,,
497,2023,T,104,191,-56,T104_2023_497,,
498,2023,CA,95,44,-16,CA95_2023_498,,
498,2023,CA,95,47,-16,CA95_2023_498,,
498,2023,CA,95,47,-20,CA95_2023_498,,
498,2023,CA,95,44,-20,CA95_2023_498,,
499,2023,T,102,190,-53,T102_2023_499,,
499,2023,T,102,191,-53,T102_2023_499,,
499,2023,T,102,191,-56,T102_2023_499,,
499,2023,T,102,190,-56,T102_2023_499,,
500,2023,T,101,169,-41.12,T101_2023_500,,
500,2023,T,101,171,-41.9,T101_2023_500,,
500,2023,T,101,171,-44,T101_2023_500,,
500,2023,T,101,169,-44,T101_2023_500,,
501,2023,T,90,103,-38,T90_2023_501,,
501,2023,T,90,110,-38,T90_2023_501,,
501,2023,T,90,110,-48,T90_2023_501,,
501,2023,T,90,103,-48,T90_2023_501,,
502,2023,T,26,174,-64,T26_2023_502,,
502,2023,T,26,177,-64,T26_2023_502,,
502,2023,T,26,177,-66,T26_2023_502,,
502,2023,T,26,179,-66,T26_2023_502,,
502,2023,T,26,179,-68,T26_2023_502,,
502,2023,T,26,177,-68,T26_2023_502,,
502,2023,T,26,177,-73,T26_2023_502,,
502,2023,T,26,174,-73,T26_2023_502,,
502,2023,T,26,174,-71,T26_2023_502,,
502,2023,T,26,172.5,-71,T26_2023_502,,
502,2023,T,26,172.5,-68,T26_2023_502,,
502,2023,T,26,174,-68,T26_2023_502,,
503,2024,T,108,216,-33,T108_2024_503,,
503,2024,T,108,221,-33,T108_2024_503,,
503,2024,T,108,221,-37,T108_2024_503,,
503,2024,T,108,219,-37,T108_2024_503,,
503,2024,T,108,219,-39,T108_2024_503,,
503,2024,T,108,216.84,-39,T108_2024_503,,
503,2024,T,108,216.84,-39,T108_2024_503,,
503,2024,T,108,215,-38,T108_2024_503,,
503,2024,T,108,215,-35,T108_2024_503,,
503,2024,T,108,216,-35,T108_2024_503,,
504,2024,T,109,216,-26,T109_2024_504,,
504,2024,T,109,220,-26,T109_2024_504,,
504,2024,T,109,220,-30,T109_2024_504,,
504,2024,T,109,223,-30,T109_2024_504,,
504,2024,T,109,223,-33,T109_2024_504,,
504,2024,T,109,216,-33,T109_2024_504,,
505,2024,T,104,190,-53,T104_2024_505,,
505,2024,T,104,194,-53,T104_2024_505,,
505,2024,T,104,194,-56,T104_2024_505,,
505,2024,T,104,190,-56,T104_2024_505,,
506,2024,T,107,212,-38,T107_2024_506,,
506,2024,T,107,216,-38,T107_2024_506,,
506,2024,T,107,216,-39,T107_2024_506,,
506,2024,T,107,221,-39,T107_2024_506,,
506,2024,T,107,221,-42,T107_2024_506,,
506,2024,T,107,216,-42,T107_2024_506,,
506,2024,T,107,216,-40,T107_2024_506,,
506,2024,T,107,212,-40,T107_2024_506,,
507,2024,T,105,206,-27,T105_2024_507,,
507,2024,T,105,209,-27,T105_2024_507,,
507,2024,T,105,209,-29,T105_2024_507,,
507,2024,T,105,211,-29,T105_2024_507,,
507,2024,T,105,211,-35,T105_2024_507,,
507,2024,T,105,208,-35,T105_2024_507,,
507,2024,T,105,208,-34,T105_2024_507,,
507,2024,T,105,205,-34,T105_2024_507,,
507,2024,T,105,205,-32,T105_2024_507,,
507,2024,T,105,208,-32,T105_2024_507,,
507,2024,T,105,208,-30,T105_2024_507,,
507,2024,T,105,206,-30,T105_2024_507,,
508,2024,T,26,170,-64,T26_2024_508,,
508,2024,T,26,174,-64,T26_2024_508,,
508,2024,T,26,174,-68,T26_2024_508,,
508,2024,T,26,170,-68,T26_2024_508,,
509,2024,T,106,211,-29,T106_2024_509,,
509,2024,T,106,214,-29,T106_2024_509,,
509,2024,T,106,214,-30,T106_2024_509,,
509,2024,T,106,216,-30,T106_2024_509,,
509,2024,T,106,216,-35,T106_2024_509,,
509,2024,T,106,212,-35,T106_2024_509,,
509,2024,T,106,212,-39,T106_2024_509,,
509,2024,T,106,211,-39,T106_2024_509,,
509,2024,T,106,211,-33,T106_2024_509,,
509,2024,T,106,213,-33,T106_2024_509,,
509,2024,T,106,213,-32,T106_2024_509,,
509,2024,T,106,211,-32,T106_2024_509,,
510,1993,CA,36,-2,0,CA36_1993_510,,
510,1993,CA,36,-2,7,CA36_1993_510,,
510,1993,CA,36,1,7,CA36_1993_510,,
510,1993,CA,36,1,0,CA36_1993_510,,
511,1994,CA,36,-2,0,CA36_1994_511,,
511,1994,CA,36,-2,7,CA36_1994_511,,
511,1994,CA,36,1,7,CA36_1994_511,,
511,1994,CA,36,1,0,CA36_1994_511,,
512,2002,T,28 North,192,-80,T28_North_2002_512,,
512,2002,T,28 North,194,-80,T28_North_2002_512,,
512,2002,T,28 North,194,-81,T28_North_2002_512,,
512,2002,T,28 North,196,-81,T28_North_2002_512,,
512,2002,T,28 North,196,-82,T28_North_2002_512,,
512,2002,T,28 North,194,-82,T28_North_2002_512,,
512,2002,T,28 North,194,-85,T28_North_2002_512,,
512,2002,T,28 North,192,-85,T28_North_2002_512,,
513,2003,CA,50,-10,8,CA50_2003_513,,
513,2003,CA,50,-16,8,CA50_2003_513,,
513,2003,CA,50,-16,14,CA50_2003_513,,
513,2003,CA,50,-10,14,CA50_2003_513,,
514,2003,CA,51,-33,60,CA51_2003_514,,
514,2003,CA,51,-30,60,CA51_2003_514,,
514,2003,CA,51,-30,57,CA51_2003_514,,
514,2003,CA,51,-33,57,CA51_2003_514,,
514,2003,CA,51,-33,53,CA51_2003_514,,
514,2003,CA,51,-35,53,CA51_2003_514,,
514,2003,CA,51,-35,55,CA51_2003_514,,
514,2003,CA,51,-33,55,CA51_2003_514,,
514,2003,CA,51,-43,49,CA51_2003_514,,
514,2003,CA,51,-45,49,CA51_2003_514,,
514,2003,CA,51,-45,51,CA51_2003_514,,
514,2003,CA,51,-43,51,CA51_2003_514,,
515,2003,CA,52,130,41,CA52_2003_515,,
515,2003,CA,52,133,41,CA52_2003_515,,
515,2003,CA,52,133,38,CA52_2003_515,,
515,2003,CA,52,130,38,CA52_2003_515,,
516,2003,CA,53,-27,11,CA53_2003_516,,
516,2003,CA,53,-30,11,CA53_2003_516,,
516,2003,CA,53,-30,14,CA53_2003_516,,
516,2003,CA,53,-27,14,CA53_2003_516,,
517,2003,CD,10,284,-278,CD10_2003_517,,
517,2003,CD,10,287,-278,CD10_2003_517,,
517,2003,CD,10,287,-282,CD10_2003_517,,
517,2003,CD,10,284,-282,CD10_2003_517,,
518,2003,CD,11,285,-266,CD11_2003_518,,
518,2003,CD,11,288,-266,CD11_2003_518,,
518,2003,CD,11,288,-268,CD11_2003_518,,
518,2003,CD,11,285,-268,CD11_2003_518,,
519,2003,TNF,2,174,74,TNF2_2003_519,,
519,2003,TNF,2,176,74,TNF2_2003_519,,
519,2003,TNF,2,176,76,TNF2_2003_519,,
519,2003,TNF,2,174,76,TNF2_2003_519,,
520,2002,T,26,185,-54,T26_2002_520,CED I,
520,2002,T,26,188,-54,T26_2002_520,CED I,
520,2002,T,26,188,-56.5,T26_2002_520,CED I,
520,2002,T,26,185,-55.4,T26_2002_520,CED I,
521,2003,T,26,184.5,-48.29,T26_2003_521,CED I,
521,2003,T,26,188,-47.9,T26_2003_521,CED I,
521,2003,T,26,188,-49.7,T26_2003_521,CED I,
521,2003,T,26,188,-52.11,T26_2003_521,CED I,
521,2003,T,26,188,-53.66,T26_2003_521,CED I,
521,2003,T,26,188,-56.1,T26_2003_521,CED I,
521,2003,T,26,184.5,-55.22,T26_2003_521,CED I,
521,2003,T,26,184.5,-53.7,T26_2003_521,CED I,
521,2003,T,26,184.5,-52,T26_2003_521,CED I,
521,2003,T,26,184.5,-49.74,T26_2003_521,CED I,
522,1989,T,26,183.1059,-57.2463,T26_1989_522,NM II,
522,1989,T,26,189.749,-59.453,T26_1989_522,NM II,
522,1989,T,26,189.119,-61.351,T26_1989_522,NM II,
522,1989,T,26,182.476,-59.144,T26_1989_522,NM II,
522,1989,T,26,199.236,-59.443,T26_1989_522,MW V,
522,1989,T,26,203.981,-61.019,T26_1989_522,MW V,
522,1989,T,26,203.035,-63.866,T26_1989_522,MW V,
522,1989,T,26,201.137,-63.235,T26_1989_522,MW V,
522,1989,T,26,201.453,-62.286,T26_1989_522,MW V,
522,1989,T,26,200.504,-61.971,T26_1989_522,MW V,
522,1989,T,26,200.819,-61.022,T26_1989_522,MW V,
522,1989,T,26,198.921,-60.392,T26_1989_522,MW V,
523,2004,T,32,167,-58.5,T32_2004_523,,
523,2004,T,32,170,-58.5,T32_2004_523,,
523,2004,T,32,170,-60.5,T32_2004_523,,
523,2004,T,32,167,-60.5,T32_2004_523,,
524,2002,T,28 South 1,193,-88,T28_South_1_2002_524,,
524,2002,T,28 South 1,198,-88,T28_South_1_2002_524,,
524,2002,T,28 South 1,198,-91,T28_South_1_2002_524,,
524,2002,T,28 South 1,193,-91,T28_South_1_2002_524,,
525,2003,T,28 South 1,192,-88,T28_South_1_2003_525,,
525,2003,T,28 South 1,198,-88,T28_South_1_2003_525,,
525,2003,T,28 South 1,198,-91,T28_South_1_2003_525,,
525,2003,T,28 South 1,192,-91,T28_South_1_2003_525,,
