"Item Label","URI","Citation URI","Project","Project URI","Context","Context [2]","Context [3]","Context [4]","Context [5]","Context URI","Latitude (WGS 84)","Longitude (WGS 84)","Early BCE/CE","Late BCE/CE","Item Category","icon","Thumbnail","Published Date","Updated Date"
"1971, ID:286","http://opencontext.org/subjects/f81f3432-2a5c-40e4-ce78-b40e4be7a3f7","https://n2t.net/ark:/28722/k28k78x7d","Murlo","https://opencontext.org/projects/df043419-f23b-41da-7e4d-ee52af22f92f","Europe","Italy","Poggio Civitate","Tesoro Rectangle","Tesoro Rectangle 8","https://opencontext.org/subjects/d9f0545a-a48b-4dbf-daca-c78abb6e3441","43.15333300786795","11.4013814554399","-700","-535","Excavation Unit","https://opencontext.org/static/oc/icons-v2/oc-context-icon.svg","https://artiraq.org/static/opencontext/poggio-civitate/thumbs/trenchbookimages/uncropped/IEdlundIV_244,245.JPG","2012-12-28T00:00:00Z","2025-04-05T15:48:53Z"
"1979, ID:83","http://opencontext.org/subjects/21bd6d20-9202-4d7e-8238-6e06bce587d2","https://n2t.net/ark:/28722/k2445nd49","Murlo","https://opencontext.org/projects/df043419-f23b-41da-7e4d-ee52af22f92f","Europe","Italy","Poggio Civitate","Tesoro","Tesoro 21","https://opencontext.org/subjects/d1d5cd18-52e4-4df6-3996-57c51161bcb2","43.152510561262","11.402454384006","-700","-535","Excavation Unit","https://opencontext.org/static/oc/icons-v2/oc-context-icon.svg","https://artiraq.org/static/opencontext/poggio-civitate/thumbs/trenchbookimages/FAlbertsonI/FAlbertsonI_362,363.jpg","2012-12-28T00:00:00Z","2025-04-05T15:49:02Z"
"1970, ID:442","http://opencontext.org/subjects/3afaaab3-24c6-4f5d-d993-da4006935924","https://n2t.net/ark:/28722/k22v2hb66","Murlo","https://opencontext.org/projects/df043419-f23b-41da-7e4d-ee52af22f92f","Europe","Italy","Poggio Civitate","Tesoro","Tesoro 6E (2)","https://opencontext.org/subjects/4c6c9143-1ca5-4a6a-980e-87f5f07a088e","43.15307900633446","11.401610277743854","-700","-535","Excavation Unit","https://opencontext.org/static/oc/icons-v2/oc-context-icon.svg","https://artiraq.org/static/opencontext/poggio-civitate/thumbs/trenchbookimages/uncropped/IEdlundI_290,291.JPG","2012-12-28T00:00:00Z","2025-04-05T15:48:50Z"
"1983, ID:116","http://opencontext.org/subjects/e41e9373-bad4-4064-a200-bfeaeca5fabd","https://n2t.net/ark:/28722/k2xs5pj46","Murlo","https://opencontext.org/projects/df043419-f23b-41da-7e4d-ee52af22f92f","Europe","Italy","Poggio Civitate","Tesoro","Tesoro 26","https://opencontext.org/subjects/85992e07-7da1-4af7-f0b8-2209cbe4f57f","43.15265000000001","11.401850000000001","-700","-535","Excavation Unit","https://opencontext.org/static/oc/icons-v2/oc-context-icon.svg","https://artiraq.org/static/opencontext/poggio-civitate/thumbs/trenchbookimages/uncropped/MTobeyVIII_400,401.JPG","2012-12-28T00:00:00Z","2025-07-02T10:34:36Z"
"1969, ID:463","http://opencontext.org/subjects/a96fbda0-9054-4140-9622-cb07ce613758","https://n2t.net/ark:/28722/k2pn92g97","Murlo","https://opencontext.org/projects/df043419-f23b-41da-7e4d-ee52af22f92f","Europe","Italy","Poggio Civitate","Civitate A","Civitate A 13","https://opencontext.org/subjects/4d14cdaf-5e48-47a9-242f-a19071009b4c","43.153556055504","11.40012431958","-700","-535","Excavation Unit","https://opencontext.org/static/oc/icons-v2/oc-context-icon.svg","https://artiraq.org/static/opencontext/poggio-civitate/thumbs/trenchbookimages/BBridgesI/BBridgesI_26,27.jpg","2012-12-28T00:00:00Z","2025-04-05T15:48:47Z"
"1980, ID:417","http://opencontext.org/subjects/66ebb4f3-2e71-49d9-002d-ee6079231f29","https://n2t.net/ark:/28722/k2jq0xw33","Murlo","https://opencontext.org/projects/df043419-f23b-41da-7e4d-ee52af22f92f","Europe","Italy","Poggio Civitate","Agger","Agger 11","https://opencontext.org/subjects/7b70ad0d-f25b-428d-41ea-ae9fff2a1c86","43.15276897316347","11.401003881109087","-700","-535","Excavation Unit","https://opencontext.org/static/oc/icons-v2/oc-context-icon.svg","https://artiraq.org/static/opencontext/poggio-civitate/thumbs/trenchbookimages/uncropped/LRLacyI_392,393.JPG","2012-12-28T00:00:00Z","2025-04-05T15:49:04Z"
"1981, ID:419","http://opencontext.org/subjects/171aa8d2-bc5f-4d17-f3b0-5a49dd4e3db2","https://n2t.net/ark:/28722/k23b61916","Murlo","https://opencontext.org/projects/df043419-f23b-41da-7e4d-ee52af22f92f","Europe","Italy","Poggio Civitate","Tesoro","Tesoro 23","https://opencontext.org/subjects/7d95d727-e50a-412a-0129-5d4f57812599","43.15274389475852","11.402132283576838","-700","-535","Excavation Unit","https://opencontext.org/static/oc/icons-v2/oc-context-icon.svg","https://artiraq.org/static/opencontext/poggio-civitate/thumbs/trenchbookimages/MTobeyIV/MTobeyIV_108,109.jpg","2012-12-28T00:00:00Z","2025-04-05T15:49:05Z"
"1977, ID:454","http://opencontext.org/subjects/42a76947-22b6-4ac1-c96b-46a543a98dfc","https://n2t.net/ark:/28722/k2jw8bp15","Murlo","https://opencontext.org/projects/df043419-f23b-41da-7e4d-ee52af22f92f","Europe","Italy","Poggio Civitate","Tesoro Rectangle","Tesoro Rectangle 2","https://opencontext.org/subjects/2ec1808c-2404-42de-bf5b-1a53e8ed8f7b","43.15335951972235","11.402088752286172","-700","-535","Excavation Unit","https://opencontext.org/static/oc/icons-v2/oc-context-icon.svg","https://artiraq.org/static/opencontext/poggio-civitate/thumbs/trenchbookimages/uncropped/JMcCallumII_133,133.JPG","2012-12-28T00:00:00Z","2025-04-05T15:49:00Z"
"1970, ID:195","http://opencontext.org/subjects/ba4dd0ac-d9fc-43ae-b343-7a100244fce0","https://n2t.net/ark:/28722/k2319x41r","Murlo","https://opencontext.org/projects/df043419-f23b-41da-7e4d-ee52af22f92f","Europe","Italy","Poggio Civitate","Civitate A","Civitate A 28","https://opencontext.org/subjects/e6c393f9-9543-431e-7af9-3625e7c58884","43.15342329969112","11.401286983386424","-700","-535","Excavation Unit","https://opencontext.org/static/oc/icons-v2/oc-context-icon.svg","https://artiraq.org/static/opencontext/poggio-civitate/thumbs/trenchbookimages/uncropped/ENielsenI_214,215.JPG","2012-12-28T00:00:00Z","2025-04-05T15:48:48Z"
"1968, ID:485","http://opencontext.org/subjects/5153b969-2077-4e31-edd1-abb4f764abc7","https://n2t.net/ark:/28722/k2mk69922","Murlo","https://opencontext.org/projects/df043419-f23b-41da-7e4d-ee52af22f92f","Europe","Italy","Poggio Civitate","Civitate A","Civitate A 2","https://opencontext.org/subjects/1c62135e-c1d0-4eef-e640-30862635d42f","43.153422927856","11.401146316528","-700","-535","Excavation Unit","https://opencontext.org/static/oc/icons-v2/oc-context-icon.svg","https://artiraq.org/static/opencontext/poggio-civitate/thumbs/trenchbookimages/uncropped/JWrightI_145,145.JPG","2012-12-28T00:00:00Z","2025-04-05T15:48:41Z"
"1980, ID:93","http://opencontext.org/subjects/ab508f4f-df85-45d9-c8b1-3147603347e5","https://n2t.net/ark:/28722/k2q23w19h","Murlo","https://opencontext.org/projects/df043419-f23b-41da-7e4d-ee52af22f92f","Europe","Italy","Poggio Civitate","Tesoro","Tesoro 23","https://opencontext.org/subjects/7d95d727-e50a-412a-0129-5d4f57812599","43.152690219673104","11.402072077458424","-700","-535","Excavation Unit","https://opencontext.org/static/oc/icons-v2/oc-context-icon.svg","https://artiraq.org/static/opencontext/poggio-civitate/thumbs/trenchbookimages/uncropped/MTobeyI_372,373.JPG","2012-12-28T00:00:00Z","2025-04-05T15:49:03Z"
"T89 2017","http://opencontext.org/subjects/85b795fd-d5ef-406e-bce7-0a695b656fd6","https://n2t.net/ark:/28722/k2kd26g5z","Murlo","https://opencontext.org/projects/df043419-f23b-41da-7e4d-ee52af22f92f","Europe","Italy","Poggio Civitate","Tesoro","Tesoro 89","https://opencontext.org/subjects/9063c53a-ec0f-441c-a721-2d10a90fd03a","43.1527114291744","11.400834598938832","-700","-535","Excavation Unit","https://opencontext.org/static/oc/icons-v2/oc-context-icon.svg","https://artiraq.org/static/opencontext/poggio-civitate/2017-media/thumbs/tb-T89-2017-08-27-p-197-214-img-6.jpg","2017-10-04T02:34:02Z","2025-04-05T15:48:18Z"
"1971, ID:394","http://opencontext.org/subjects/c1effcc9-3fbd-46c0-2160-38a6273dfdeb","https://n2t.net/ark:/28722/k26t0mx66","Murlo","https://opencontext.org/projects/df043419-f23b-41da-7e4d-ee52af22f92f","Europe","Italy","Poggio Civitate","Civitate A","Civitate A 28","https://opencontext.org/subjects/e6c393f9-9543-431e-7af9-3625e7c58884","43.15336155059146","11.401261043055696","-700","-535","Excavation Unit","https://opencontext.org/static/oc/icons-v2/oc-context-icon.svg","https://artiraq.org/static/opencontext/poggio-civitate/thumbs/trenchbookimages/uncropped/JWrightIII_252,253.JPG","2012-12-28T00:00:00Z","2025-04-05T15:48:53Z"
"1982, ID:112","http://opencontext.org/subjects/ddf93ae8-2cb7-4fc8-0d49-a204d6d19451","https://n2t.net/ark:/28722/k2t14zq98","Murlo","https://opencontext.org/projects/df043419-f23b-41da-7e4d-ee52af22f92f","Europe","Italy","Poggio Civitate","Tesoro","Tesoro 26","https://opencontext.org/subjects/85992e07-7da1-4af7-f0b8-2209cbe4f57f","43.15261697788677","11.401838189830078","-700","-535","Excavation Unit","https://opencontext.org/static/oc/icons-v2/oc-context-icon.svg","https://artiraq.org/static/opencontext/poggio-civitate/thumbs/trenchbookimages/uncropped/MTobeyVI_256,257.JPG","2012-12-28T00:00:00Z","2025-04-05T15:49:06Z"
"1969, ID:264","http://opencontext.org/subjects/05cab086-0e36-478c-f72c-22a15abcfb19","https://n2t.net/ark:/28722/k2hq3x06q","Murlo","https://opencontext.org/projects/df043419-f23b-41da-7e4d-ee52af22f92f","Europe","Italy","Poggio Civitate","Agger","Agger 8","https://opencontext.org/subjects/d8d10b44-0bed-41b9-83c2-c15cde68b95f","43.1534238860867","11.401372483285956","-700","-535","Excavation Unit","https://opencontext.org/static/oc/icons-v2/oc-context-icon.svg","https://artiraq.org/static/opencontext/poggio-civitate/thumbs/trenchbookimages/MBergI/MBergI_230,231.jpg","2012-12-28T00:00:00Z","2025-04-05T15:48:46Z"
"1978, ID:453","http://opencontext.org/subjects/39e93c14-2dfe-4ff4-bcec-7a4f30de064a","https://n2t.net/ark:/28722/k2125v997","Murlo","https://opencontext.org/projects/df043419-f23b-41da-7e4d-ee52af22f92f","Europe","Italy","Poggio Civitate","Tesoro Rectangle","Tesoro Rectangle 6,7 Doorway","https://opencontext.org/subjects/8b068f16-a415-4ca5-bc12-f165e4679b0b","43.153402960082","11.402370545803","-700","-535","Excavation Unit","https://opencontext.org/static/oc/icons-v2/oc-context-icon.svg","https://artiraq.org/static/opencontext/poggio-civitate/thumbs/trenchbookimages/uncropped/JHareI_205,206.JPG","2012-12-28T00:00:00Z","2025-04-05T15:49:01Z"
"1967, ID:523","http://opencontext.org/subjects/2cea9c34-d5e1-4467-2ce7-27d269ba845c","https://n2t.net/ark:/28722/k2c53k295","Murlo","https://opencontext.org/projects/df043419-f23b-41da-7e4d-ee52af22f92f","Europe","Italy","Poggio Civitate","Tesoro","Tesoro 1AN","https://opencontext.org/subjects/dc735f34-a8dd-4cd2-d1be-1efe17598e1b","43.153869247437","11.403235244751","-700","-535","Excavation Unit","https://opencontext.org/static/oc/icons-v2/oc-context-icon.svg","https://artiraq.org/static/opencontext/poggio-civitate/thumbs/trenchbookimages/uncropped/TGantzII_269,270.JPG","2012-12-28T00:00:00Z","2025-04-05T15:48:34Z"
"1971, ID:68","http://opencontext.org/subjects/a7f2ccbf-3a83-4aa0-2bd0-0e2e99900624","https://n2t.net/ark:/28722/k2qr4sr70","Murlo","https://opencontext.org/projects/df043419-f23b-41da-7e4d-ee52af22f92f","Europe","Italy","Poggio Civitate","Tesoro","Tesoro 17","https://opencontext.org/subjects/87ec8abc-82e3-43b0-e451-9c388bf98524","43.153566936844115","11.401604987362457","-700","-535","Excavation Unit","https://opencontext.org/static/oc/icons-v2/oc-context-icon.svg","https://artiraq.org/static/opencontext/poggio-civitate/thumbs/trenchbookimages/uncropped/ENielsenII_272,273.JPG","2012-12-28T00:00:00Z","2025-04-05T15:48:52Z"
"1998, ID:406","http://opencontext.org/subjects/78bb679e-20f6-499c-c274-16bb6a3cd53d","https://n2t.net/ark:/28722/k2xd0vz6x","Murlo","https://opencontext.org/projects/df043419-f23b-41da-7e4d-ee52af22f92f","Europe","Italy","Poggio Civitate","Tesoro South Flank","Tesoro South Flank 0","https://opencontext.org/subjects/cf9d182a-abd0-4cb0-1564-acef6e30da65","43.15301827574437","11.40131048152031","-700","-535","Excavation Unit","https://opencontext.org/static/oc/icons-v2/oc-context-icon.svg","https://artiraq.org/static/opencontext/poggio-civitate/thumbs/trenchbookimages/AMChristensenVII/AMChristensenVII_222,223.jpg","2012-12-28T00:00:00Z","2025-04-05T15:49:22Z"
"1999, ID:365","http://opencontext.org/subjects/646f3438-9bbf-46f1-71e9-0bec2e095ea4","https://n2t.net/ark:/28722/k2v40q10w","Murlo","https://opencontext.org/projects/df043419-f23b-41da-7e4d-ee52af22f92f","Europe","Italy","Poggio Civitate","Tesoro","Tesoro 26 South","https://opencontext.org/subjects/7c41430b-5204-42f5-48ff-e8f519045669","43.152724899952446","11.401853067189244","-700","-535","Excavation Unit","https://opencontext.org/static/oc/icons-v2/oc-context-icon.svg","https://artiraq.org/static/opencontext/poggio-civitate/thumbs/trenchbookimages/uncropped/PSegalI_304,305.JPG","2012-12-28T00:00:00Z","2025-04-05T15:49:23Z"
"2001, ID:445","http://opencontext.org/subjects/c0f52f4c-8161-4db6-0175-1bcae89cdc1d","https://n2t.net/ark:/28722/k22b90d0g","Murlo","https://opencontext.org/projects/df043419-f23b-41da-7e4d-ee52af22f92f","Europe","Italy","Poggio Civitate","Tesoro","Tesoro 22 West Extension","https://opencontext.org/subjects/7657e3b1-bd3b-4ca1-dde9-283320549b59","43.152544631958","11.402595291138","-700","-535","Excavation Unit","https://opencontext.org/static/oc/icons-v2/oc-context-icon.svg","https://artiraq.org/static/opencontext/poggio-civitate/thumbs/trenchbookimages/uncropped/KHostetlerII_360,361.JPG","2012-12-28T00:00:00Z","2025-04-05T15:49:25Z"
"1985, ID:434","http://opencontext.org/subjects/fd6f81c4-2b2f-4de9-3294-c4a39ff2520f","https://n2t.net/ark:/28722/k2hq3x08p","Murlo","https://opencontext.org/projects/df043419-f23b-41da-7e4d-ee52af22f92f","Europe","Italy","Poggio Civitate","Tesoro","Tesoro 26","https://opencontext.org/subjects/85992e07-7da1-4af7-f0b8-2209cbe4f57f","43.15265000000001","11.401850000000001","-700","-535","Excavation Unit","https://opencontext.org/static/oc/icons-v2/oc-context-icon.svg","https://artiraq.org/static/opencontext/poggio-civitate/thumbs/trenchbookimages/uncropped/LRLacyII_250,251.JPG","2012-12-28T00:00:00Z","2025-07-02T10:34:44Z"
"1967, ID:158","http://opencontext.org/subjects/4500ca4a-4b5a-41e8-5337-1c77990375af","https://n2t.net/ark:/28722/k25h7gv8v","Murlo","https://opencontext.org/projects/df043419-f23b-41da-7e4d-ee52af22f92f","Europe","Italy","Poggio Civitate","Civitate A","Civitate A 2F","https://opencontext.org/subjects/b0cea7fe-e8c0-4712-397a-31cb0c01f35b","43.15327216149038","11.400534292203886","-700","-535","Excavation Unit","https://opencontext.org/static/oc/icons-v2/oc-context-icon.svg","https://artiraq.org/static/opencontext/poggio-civitate/thumbs/trenchbookimages/uncropped/BHillII_149,149.JPG","2012-12-28T00:00:00Z","2025-04-05T15:48:33Z"
"1988, ID:431","http://opencontext.org/subjects/44d03eae-759a-4c90-0b20-cab6bc8e010f","https://n2t.net/ark:/28722/k2862gc71","Murlo","https://opencontext.org/projects/df043419-f23b-41da-7e4d-ee52af22f92f","Europe","Italy","Poggio Civitate","Tesoro","Tesoro 26","https://opencontext.org/subjects/85992e07-7da1-4af7-f0b8-2209cbe4f57f","43.15264847368646","11.401822792426865","-700","-535","Excavation Unit","https://opencontext.org/static/oc/icons-v2/oc-context-icon.svg","https://artiraq.org/static/opencontext/poggio-civitate/thumbs/trenchbookimages/HDAndersenII/HDAndersenII_140,141.jpg","2012-12-28T00:00:00Z","2025-07-03T07:05:00Z"
"1974, ID:387","http://opencontext.org/subjects/e2ee71f0-755c-474d-3f02-d8e0b67b73de","https://n2t.net/ark:/28722/k2k64fv02","Murlo","https://opencontext.org/projects/df043419-f23b-41da-7e4d-ee52af22f92f","Europe","Italy","Poggio Civitate","Tesoro","Tesoro 20","https://opencontext.org/subjects/264836f4-3e66-4b0e-4e6c-0c8d3da7b445","43.15287191631766","11.401891611366105","-700","-535","Excavation Unit","https://opencontext.org/static/oc/icons-v2/oc-context-icon.svg","https://artiraq.org/static/opencontext/poggio-civitate/thumbs/trenchbookimages/uncropped/HHalbergI_263,264.JPG","2012-12-28T00:00:00Z","2025-07-01T06:56:36Z"
"1986, ID:123","http://opencontext.org/subjects/3b1b5bdc-9cea-4f21-46cf-a1698373cede","https://n2t.net/ark:/28722/k29z94d0h","Murlo","https://opencontext.org/projects/df043419-f23b-41da-7e4d-ee52af22f92f","Europe","Italy","Poggio Civitate","Tesoro","Tesoro 26","https://opencontext.org/subjects/85992e07-7da1-4af7-f0b8-2209cbe4f57f","43.152593667509116","11.402140652717092","-700","-535","Excavation Unit","https://opencontext.org/static/oc/icons-v2/oc-context-icon.svg","https://artiraq.org/static/opencontext/poggio-civitate/thumbs/trenchbookimages/uncropped/ACollinsVI_214,215.JPG","2012-12-28T00:00:00Z","2025-04-05T15:49:08Z"
"1984, ID:117","http://opencontext.org/subjects/ac23fdfa-a661-4eaf-5b68-64409f2dee3c","https://n2t.net/ark:/28722/k22j6d564","Murlo","https://opencontext.org/projects/df043419-f23b-41da-7e4d-ee52af22f92f","Europe","Italy","Poggio Civitate","Tesoro","Tesoro 26","https://opencontext.org/subjects/85992e07-7da1-4af7-f0b8-2209cbe4f57f","43.152588083251715","11.401915899917533","-700","-535","Excavation Unit","https://opencontext.org/static/oc/icons-v2/oc-context-icon.svg","https://artiraq.org/static/opencontext/poggio-civitate/thumbs/trenchbookimages/ACollinsI/ACollinsI_338,339.jpg","2012-12-28T00:00:00Z","2025-04-05T15:49:07Z"
"1987, ID:432","http://opencontext.org/subjects/278f96d8-b34a-4b46-90ba-1c67a7a1a81d","https://n2t.net/ark:/28722/k20p11s13","Murlo","https://opencontext.org/projects/df043419-f23b-41da-7e4d-ee52af22f92f","Europe","Italy","Poggio Civitate","Tesoro","Tesoro 26","https://opencontext.org/subjects/85992e07-7da1-4af7-f0b8-2209cbe4f57f","43.15265000000001","11.401850000000001","-700","-535","Excavation Unit","https://opencontext.org/static/oc/icons-v2/oc-context-icon.svg","https://artiraq.org/static/opencontext/poggio-civitate/thumbs/trenchbookimages/uncropped/MSWilcoxII_60,61.JPG","2012-12-28T00:00:00Z","2025-07-02T10:34:47Z"
"1990, ID:146","http://opencontext.org/subjects/b1aae78e-acd4-4b1f-ca46-ef64f7310195","https://n2t.net/ark:/28722/k2dz07345","Murlo","https://opencontext.org/projects/df043419-f23b-41da-7e4d-ee52af22f92f","Europe","Italy","Poggio Civitate","Tesoro","Tesoro 27","https://opencontext.org/subjects/a004469d-dcd9-4219-425d-07e87490e01c","43.152446647362936","11.401861292696854","-700","-535","Excavation Unit","https://opencontext.org/static/oc/icons-v2/oc-context-icon.svg","https://artiraq.org/static/opencontext/poggio-civitate/thumbs/trenchbookimages/JBerkinII/JBerkinII_260,261.jpg","2012-12-28T00:00:00Z","2025-04-05T15:49:12Z"
"1991, ID:198","http://opencontext.org/subjects/5879c9ed-5fcf-4062-4477-fa5b44250143","https://n2t.net/ark:/28722/k2cf9p767","Murlo","https://opencontext.org/projects/df043419-f23b-41da-7e4d-ee52af22f92f","Europe","Italy","Poggio Civitate","Civitate A","Civitate A 33","https://opencontext.org/subjects/905a30a8-a71d-44df-3181-437816b64864","43.15363915955863","11.399177069773133","-700","-535","Excavation Unit","https://opencontext.org/static/oc/icons-v2/oc-context-icon.svg","https://artiraq.org/static/opencontext/poggio-civitate/thumbs/trenchbookimages/JBerkinIII/JBerkinIII_234,235.jpg","2012-12-28T00:00:00Z","2025-04-05T15:49:14Z"
"1989, ID:430","http://opencontext.org/subjects/f8795e75-7c05-4883-3c6c-4f8ad3d7e9b8","https://n2t.net/ark:/28722/k2w091h7m","Murlo","https://opencontext.org/projects/df043419-f23b-41da-7e4d-ee52af22f92f","Europe","Italy","Poggio Civitate","Tesoro","Tesoro 26","https://opencontext.org/subjects/85992e07-7da1-4af7-f0b8-2209cbe4f57f","43.15265000000001","11.401850000000001","-700","-535","Excavation Unit","https://opencontext.org/static/oc/icons-v2/oc-context-icon.svg","https://artiraq.org/static/opencontext/poggio-civitate/thumbs/trenchbookimages/uncropped/MSWilcoxV_310,311.JPG","2012-12-28T00:00:00Z","2025-07-02T10:34:47Z"
"1982, ID:423","http://opencontext.org/subjects/1d751acc-a48d-4256-0898-2556e5280c56","https://n2t.net/ark:/28722/k2ff3r157","Murlo","https://opencontext.org/projects/df043419-f23b-41da-7e4d-ee52af22f92f","Europe","Italy","Poggio Civitate","Tesoro","Tesoro 19","https://opencontext.org/subjects/2c8ea052-ea7e-4eef-c09e-15b4aa761fa0","43.153909673446","11.402903659527","-700","-535","Excavation Unit","https://opencontext.org/static/oc/icons-v2/oc-context-icon.svg","https://artiraq.org/static/opencontext/poggio-civitate/thumbs/trenchbookimages/uncropped/GWardenV_280,281.JPG","2012-12-28T00:00:00Z","2025-04-05T15:49:06Z"
"1988, ID:427","http://opencontext.org/subjects/e85194e8-b3f6-4c41-453a-c7ed3650dfb4","https://n2t.net/ark:/28722/k2gq6w36g","Murlo","https://opencontext.org/projects/df043419-f23b-41da-7e4d-ee52af22f92f","Europe","Italy","Poggio Civitate","Tesoro","Tesoro 26","https://opencontext.org/subjects/85992e07-7da1-4af7-f0b8-2209cbe4f57f","43.15265000000001","11.401850000000001","-700","-535","Excavation Unit","https://opencontext.org/static/oc/icons-v2/oc-context-icon.svg","https://artiraq.org/static/opencontext/poggio-civitate/thumbs/trenchbookimages/uncropped/MSWilcoxIV_196,197.JPG","2012-12-28T00:00:00Z","2025-07-02T10:34:49Z"
"1972, ID:76","http://opencontext.org/subjects/e8d8a984-800a-43b5-e524-87a8e2e85275","https://n2t.net/ark:/28722/k2sq8vk1g","Murlo","https://opencontext.org/projects/df043419-f23b-41da-7e4d-ee52af22f92f","Europe","Italy","Poggio Civitate","Tesoro","Tesoro 19","https://opencontext.org/subjects/2c8ea052-ea7e-4eef-c09e-15b4aa761fa0","43.153909673446","11.402903659527","-700","-535","Excavation Unit","https://opencontext.org/static/oc/icons-v2/oc-context-icon.svg","https://artiraq.org/static/opencontext/poggio-civitate/thumbs/trenchbookimages/ABoothI/ABoothI_189,190.jpg","2012-12-28T00:00:00Z","2025-04-05T15:48:54Z"
"1985, ID:104","http://opencontext.org/subjects/51ee0e7f-dc67-4911-2e53-57af8f5068b9","https://n2t.net/ark:/28722/k2n877127","Murlo","https://opencontext.org/projects/df043419-f23b-41da-7e4d-ee52af22f92f","Europe","Italy","Poggio Civitate","Tesoro","Tesoro 25","https://opencontext.org/subjects/700fa3fc-e0b5-4268-b5a9-ff35cd5d4fd4","43.15258320013436","11.401561638663429","-700","-535","Excavation Unit","https://opencontext.org/static/oc/icons-v2/oc-context-icon.svg","https://artiraq.org/static/opencontext/poggio-civitate/thumbs/trenchbookimages/uncropped/CTuttIII_128,128.JPG","2012-12-28T00:00:00Z","2025-04-05T15:49:07Z"
"1969, ID:243","http://opencontext.org/subjects/8db613b1-9160-4a26-1f84-ef45c8403e0a","https://n2t.net/ark:/28722/k2fj2ff04","Murlo","https://opencontext.org/projects/df043419-f23b-41da-7e4d-ee52af22f92f","Europe","Italy","Poggio Civitate","Civitate C","Civitate C 6","https://opencontext.org/subjects/216d2d9c-e333-482f-eacc-e150297f15c3","43.151725587034","11.402415508694","-700","-535","Excavation Unit","https://opencontext.org/static/oc/icons-v2/oc-context-icon.svg","https://artiraq.org/static/opencontext/poggio-civitate/thumbs/trenchbookimages/uncropped/SWrightNWinterI_186,187.JPG","2012-12-28T00:00:00Z","2025-04-05T15:48:46Z"
"1987, ID:126","http://opencontext.org/subjects/08d96c71-10e5-4c1e-245f-26d84bdc3426","https://n2t.net/ark:/28722/k2q818t5r","Murlo","https://opencontext.org/projects/df043419-f23b-41da-7e4d-ee52af22f92f","Europe","Italy","Poggio Civitate","Tesoro","Tesoro 26","https://opencontext.org/subjects/85992e07-7da1-4af7-f0b8-2209cbe4f57f","43.15268933854785","11.401921153711783","-700","-535","Excavation Unit","https://opencontext.org/static/oc/icons-v2/oc-context-icon.svg","https://artiraq.org/static/opencontext/poggio-civitate/thumbs/trenchbookimages/AACarpinoI/AACarpinoI_84.jpg","2012-12-28T00:00:00Z","2025-07-02T09:48:12Z"
"1990, ID:137","http://opencontext.org/subjects/9f5548ef-c05a-471a-2531-99d056c0392e","https://n2t.net/ark:/28722/k2zs2qf10","Murlo","https://opencontext.org/projects/df043419-f23b-41da-7e4d-ee52af22f92f","Europe","Italy","Poggio Civitate","Tesoro","Tesoro 26","https://opencontext.org/subjects/85992e07-7da1-4af7-f0b8-2209cbe4f57f","43.15268761200152","11.401838358055976","-700","-535","Excavation Unit","https://opencontext.org/static/oc/icons-v2/oc-context-icon.svg","https://artiraq.org/static/opencontext/poggio-civitate/thumbs/trenchbookimages/uncropped/NMeyerIII_234,235.JPG","2012-12-28T00:00:00Z","2025-04-05T15:49:12Z"
"T106 2024","http://opencontext.org/subjects/543c2a92-9262-47b4-9d08-9769e1a3e9af","","Murlo","https://opencontext.org/projects/df043419-f23b-41da-7e4d-ee52af22f92f","Europe","Italy","Poggio Civitate","Tesoro","Tesoro 106","https://opencontext.org/subjects/6835f007-eefa-4419-a31d-d5152a1a6184","43.15288814984292","11.402190841881808","-700","-535","Excavation Unit","https://opencontext.org/static/oc/icons-v2/oc-context-icon.svg","https://storage.googleapis.com/opencontext-media/poggio-civitate/2024-media/thumbs/trench-book-trench-closing-pg-331-9-20-12.jpg","2012-07-06T00:00:00Z","2025-04-05T15:48:21Z"
"2001, ID:483","http://opencontext.org/subjects/cd34e501-2845-41c1-6068-0330a6d6947e","https://n2t.net/ark:/28722/k2639q65q","Murlo","https://opencontext.org/projects/df043419-f23b-41da-7e4d-ee52af22f92f","Europe","Italy","Poggio Civitate","Tesoro","Tesoro 22 West Extension","https://opencontext.org/subjects/7657e3b1-bd3b-4ca1-dde9-283320549b59","43.152544631958","11.402595291138","-700","-535","Excavation Unit","https://opencontext.org/static/oc/icons-v2/oc-context-icon.svg","https://artiraq.org/static/opencontext/poggio-civitate/thumbs/trenchbookimages/uncropped/MSmithI_220,221.JPG","2012-12-28T00:00:00Z","2025-04-05T15:49:27Z"
"1996, ID:250","http://opencontext.org/subjects/0d24da34-1ace-4ea7-1a08-864c3771d57a","https://n2t.net/ark:/28722/k2sx68b1m","Murlo","https://opencontext.org/projects/df043419-f23b-41da-7e4d-ee52af22f92f","Europe","Italy","Poggio Civitate","Civitate D","Civitate D 7","https://opencontext.org/subjects/a8918907-a652-4cdb-628e-62a7a57296fa","43.151234054565","11.403251266479","-700","-535","Excavation Unit","https://opencontext.org/static/oc/icons-v2/oc-context-icon.svg","https://artiraq.org/static/opencontext/poggio-civitate/thumbs/trenchbookimages/EClarkI/EClarkI_248,249.jpg","2012-12-28T00:00:00Z","2025-04-05T15:49:19Z"
"1996, ID:236","http://opencontext.org/subjects/eae75fe0-a422-450d-ecfa-d6e755d13cdc","https://n2t.net/ark:/28722/k2qj7d027","Murlo","https://opencontext.org/projects/df043419-f23b-41da-7e4d-ee52af22f92f","Europe","Italy","Poggio Civitate","Civitate B","Civitate B 32","https://opencontext.org/subjects/18e8536c-adac-44d3-8fce-87f7af56ec59","43.152775083269","11.39832896278","-700","-535","Excavation Unit","https://opencontext.org/static/oc/icons-v2/oc-context-icon.svg","https://artiraq.org/static/opencontext/poggio-civitate/thumbs/trenchbookimages/uncropped/JALomasI_152,153.JPG","2012-12-28T00:00:00Z","2025-04-05T15:49:19Z"
"1985, ID:119","http://opencontext.org/subjects/1715f935-44f4-46b0-458a-ca73117b66f7","https://n2t.net/ark:/28722/k2668dk9h","Murlo","https://opencontext.org/projects/df043419-f23b-41da-7e4d-ee52af22f92f","Europe","Italy","Poggio Civitate","Tesoro","Tesoro 26","https://opencontext.org/subjects/85992e07-7da1-4af7-f0b8-2209cbe4f57f","43.152596904314926","11.40207692675808","-700","-535","Excavation Unit","https://opencontext.org/static/oc/icons-v2/oc-context-icon.svg","https://artiraq.org/static/opencontext/poggio-civitate/thumbs/trenchbookimages/uncropped/ACollinsIV_154,155.JPG","2012-12-28T00:00:00Z","2025-04-05T15:49:07Z"
"1968, ID:467","http://opencontext.org/subjects/e651cbef-b83d-4ed4-21fd-a8a9ae2c18bd","https://n2t.net/ark:/28722/k2mp50p2x","Murlo","https://opencontext.org/projects/df043419-f23b-41da-7e4d-ee52af22f92f","Europe","Italy","Poggio Civitate","Agger","Agger 2D","https://opencontext.org/subjects/43826afc-e21a-429c-d3d9-cc24ef6cd615","43.153330809736715","11.401344735594241","-700","-535","Excavation Unit","https://opencontext.org/static/oc/icons-v2/oc-context-icon.svg","https://artiraq.org/static/opencontext/poggio-civitate/thumbs/trenchbookimages/uncropped/PSmallI_117,118.JPG","2012-12-28T00:00:00Z","2025-04-05T15:48:41Z"
"1993, ID:395","http://opencontext.org/subjects/f143fa0b-93c8-435f-d34a-bbf4725708af","https://n2t.net/ark:/28722/k2sq8vk00","Murlo","https://opencontext.org/projects/df043419-f23b-41da-7e4d-ee52af22f92f","Europe","Italy","Poggio Civitate","Civitate A","Civitate A 36","https://opencontext.org/subjects/c388d8db-69cb-498e-6159-5dc0d6b33b44","43.15335911298063","11.399605117835264","-700","-535","Excavation Unit","https://opencontext.org/static/oc/icons-v2/oc-context-icon.svg","https://artiraq.org/static/opencontext/poggio-civitate/thumbs/trenchbookimages/JBerkinIV/JBerkinIV_184,185.jpg","2012-12-28T00:00:00Z","2025-04-05T15:49:16Z"
"1979, ID:91","http://opencontext.org/subjects/8c7bcd69-dfda-4b40-fafa-ed89718a99da","https://n2t.net/ark:/28722/k2gh9gb2s","Murlo","https://opencontext.org/projects/df043419-f23b-41da-7e4d-ee52af22f92f","Europe","Italy","Poggio Civitate","Tesoro","Tesoro 23 Extension","https://opencontext.org/subjects/df6744d2-3ab9-4597-d2f3-8e8b5becf815","43.152452141898","11.403396279472","-700","-535","Excavation Unit","https://opencontext.org/static/oc/icons-v2/oc-context-icon.svg","https://artiraq.org/static/opencontext/poggio-civitate/thumbs/trenchbookimages/MCarasII/MCarasII_266,267.jpg","2012-12-28T00:00:00Z","2025-04-05T15:49:02Z"
"1988, ID:130","http://opencontext.org/subjects/c6841408-c4d0-4f1f-b163-0f093bd2ec6f","https://n2t.net/ark:/28722/k2fq9v648","Murlo","https://opencontext.org/projects/df043419-f23b-41da-7e4d-ee52af22f92f","Europe","Italy","Poggio Civitate","Tesoro","Tesoro 26","https://opencontext.org/subjects/85992e07-7da1-4af7-f0b8-2209cbe4f57f","43.15264754048876","11.401922107089998","-700","-535","Excavation Unit","https://opencontext.org/static/oc/icons-v2/oc-context-icon.svg","https://artiraq.org/static/opencontext/poggio-civitate/thumbs/trenchbookimages/uncropped/SpencerIII_126,127.JPG","2012-12-28T00:00:00Z","2025-04-05T15:49:09Z"
"1998, ID:363","http://opencontext.org/subjects/b98e614b-da64-41be-1ce8-9e5d3496c96d","https://n2t.net/ark:/28722/k2b56j57z","Murlo","https://opencontext.org/projects/df043419-f23b-41da-7e4d-ee52af22f92f","Europe","Italy","Poggio Civitate","Agger","Agger 9 Extension","https://opencontext.org/subjects/5f3f7e8b-7d93-4295-9c09-5ddcb9f88508","43.15312739164687","11.401159933193957","-700","-535","Excavation Unit","https://opencontext.org/static/oc/icons-v2/oc-context-icon.svg","https://artiraq.org/static/opencontext/poggio-civitate/thumbs/trenchbookimages/uncropped/GMeyersIII_266,267.JPG","2012-12-28T00:00:00Z","2025-04-05T15:49:22Z"
"1972, ID:77","http://opencontext.org/subjects/8161df34-30a4-4b36-977f-ed68ea59ca5a","https://n2t.net/ark:/28722/k22809073","Murlo","https://opencontext.org/projects/df043419-f23b-41da-7e4d-ee52af22f92f","Europe","Italy","Poggio Civitate","Tesoro","Tesoro 19","https://opencontext.org/subjects/2c8ea052-ea7e-4eef-c09e-15b4aa761fa0","43.15345495618916","11.401861100630533","-700","-535","Excavation Unit","https://opencontext.org/static/oc/icons-v2/oc-context-icon.svg","https://artiraq.org/static/opencontext/poggio-civitate/thumbs/trenchbookimages/uncropped/JNeilsI_190,191.JPG","2012-12-28T00:00:00Z","2025-04-05T15:48:54Z"
"1997, ID:351","http://opencontext.org/subjects/ca7d40fe-8c09-47f7-7a9a-db887b1c6f87","https://n2t.net/ark:/28722/k2t43p42m","Murlo","https://opencontext.org/projects/df043419-f23b-41da-7e4d-ee52af22f92f","Europe","Italy","Poggio Civitate","Tesoro","Tesoro 25 Extension","https://opencontext.org/subjects/56cd4812-9012-4051-8b4b-1e978ba0e54e","43.152370834351","11.402318954468","-700","-535","Excavation Unit","https://opencontext.org/static/oc/icons-v2/oc-context-icon.svg","https://artiraq.org/static/opencontext/poggio-civitate/thumbs/trenchbookimages/uncropped/LSiscoII_98,99.JPG","2012-12-28T00:00:00Z","2025-04-05T15:49:20Z"
"1968, ID:379","http://opencontext.org/subjects/199e7140-260e-4ab0-f8fc-7c604f8e35ee","https://n2t.net/ark:/28722/k25m6680q","Murlo","https://opencontext.org/projects/df043419-f23b-41da-7e4d-ee52af22f92f","Europe","Italy","Poggio Civitate","Tesoro","Tesoro 1 Test 9","https://opencontext.org/subjects/bc2cd55e-3b95-4992-f4b8-fb462b382f82","43.152609876758","11.402819672617","-700","-535","Excavation Unit","https://opencontext.org/static/oc/icons-v2/oc-context-icon.svg","https://artiraq.org/static/opencontext/poggio-civitate/thumbs/trenchbookimages/uncropped/TGantzIII_88,89.JPG","2012-12-28T00:00:00Z","2025-04-05T15:48:40Z"
"1972, ID:72","http://opencontext.org/subjects/aee1b762-b568-47fc-646a-76f7406fee0f","https://n2t.net/ark:/28722/k2nz84r4n","Murlo","https://opencontext.org/projects/df043419-f23b-41da-7e4d-ee52af22f92f","Europe","Italy","Poggio Civitate","Tesoro","Tesoro 18 Northern Extension","https://opencontext.org/subjects/37818d11-51f7-403e-8254-ff29d7711fb4","43.15352735003442","11.401774096249923","-700","-535","Excavation Unit","https://opencontext.org/static/oc/icons-v2/oc-context-icon.svg","https://artiraq.org/static/opencontext/poggio-civitate/thumbs/trenchbookimages/uncropped/JNeilsII_134,135.JPG","2012-12-28T00:00:00Z","2025-07-01T06:32:54Z"
"T109 2024","http://opencontext.org/subjects/1e1bfab8-4b00-4c8e-b2c1-13a26cb119cb","","Murlo","https://opencontext.org/projects/df043419-f23b-41da-7e4d-ee52af22f92f","Europe","Italy","Poggio Civitate","Tesoro","Tesoro 109","https://opencontext.org/subjects/95de05be-1164-4397-8942-f98269bc96d5","43.1529183348426","11.402272102211509","-700","-535","Excavation Unit","https://opencontext.org/static/oc/icons-v2/oc-context-icon.svg","https://storage.googleapis.com/opencontext-media/poggio-civitate/2024-media/thumbs/trench-book-img-20240803-170351759-4-21-31.jpg","2012-07-06T00:00:00Z","2025-04-05T15:48:22Z"
"1992, ID:139","http://opencontext.org/subjects/8c6d0960-e44d-4c77-eb65-b1bf15b23c1c","https://n2t.net/ark:/28722/k2v120m9w","Murlo","https://opencontext.org/projects/df043419-f23b-41da-7e4d-ee52af22f92f","Europe","Italy","Poggio Civitate","Tesoro","Tesoro 26","https://opencontext.org/subjects/85992e07-7da1-4af7-f0b8-2209cbe4f57f","43.15269327355365","11.401822935274415","-700","-535","Excavation Unit","https://opencontext.org/static/oc/icons-v2/oc-context-icon.svg","https://artiraq.org/static/opencontext/poggio-civitate/thumbs/trenchbookimages/uncropped/TTuckIII_124,125.JPG","2012-12-28T00:00:00Z","2025-04-05T15:49:15Z"
"1998, ID:359","http://opencontext.org/subjects/c7823aac-4e80-48b0-a6e6-b772c58873a4","https://n2t.net/ark:/28722/k2bp0241q","Murlo","https://opencontext.org/projects/df043419-f23b-41da-7e4d-ee52af22f92f","Europe","Italy","Poggio Civitate","Civitate A","Civitate A 42","https://opencontext.org/subjects/e0bab177-42ec-49e1-d4fc-25e7f2b3f31b","43.15337176047818","11.399452279863224","-700","-535","Excavation Unit","https://opencontext.org/static/oc/icons-v2/oc-context-icon.svg","https://artiraq.org/static/opencontext/poggio-civitate/thumbs/trenchbookimages/LSiscoI/LSiscoI_242,243.jpg","2012-12-28T00:00:00Z","2025-04-05T15:49:21Z"
"1989, ID:134","http://opencontext.org/subjects/c2df07ac-7fbd-47f6-4d82-328bada0cc8d","https://n2t.net/ark:/28722/k2kh0k08z","Murlo","https://opencontext.org/projects/df043419-f23b-41da-7e4d-ee52af22f92f","Europe","Italy","Poggio Civitate","Tesoro","Tesoro 26","https://opencontext.org/subjects/85992e07-7da1-4af7-f0b8-2209cbe4f57f","43.152665133643424","11.401948133474562","-700","-535","Excavation Unit","https://opencontext.org/static/oc/icons-v2/oc-context-icon.svg","https://artiraq.org/static/opencontext/poggio-civitate/thumbs/trenchbookimages/uncropped/NMeyerII_318,319.JPG","2012-12-28T00:00:00Z","2025-07-02T10:10:08Z"
"1971, ID:66","http://opencontext.org/subjects/6ca4122d-0af2-4f2b-d8bf-c77584ad386d","https://n2t.net/ark:/28722/k2bk1bq9v","Murlo","https://opencontext.org/projects/df043419-f23b-41da-7e4d-ee52af22f92f","Europe","Italy","Poggio Civitate","Tesoro","Tesoro 15 and Pozzo","https://opencontext.org/subjects/207fff9c-d526-4f0d-beaf-a606a21e7316","43.152886825985384","11.40120615044646","-700","-535","Excavation Unit","https://opencontext.org/static/oc/icons-v2/oc-context-icon.svg","https://artiraq.org/static/opencontext/poggio-civitate/thumbs/trenchbookimages/uncropped/JMacIntoshII_124,125.JPG","2012-12-28T00:00:00Z","2025-04-05T15:48:51Z"
"1993, ID:397","http://opencontext.org/subjects/cefdf473-5b63-4b3f-b16f-c4e77e03f2be","https://n2t.net/ark:/28722/k2rv0j231","Murlo","https://opencontext.org/projects/df043419-f23b-41da-7e4d-ee52af22f92f","Europe","Italy","Poggio Civitate","Civitate A","Civitate A 37","https://opencontext.org/subjects/0bcb4d5b-1824-4005-2db0-7d4a8e82ff0d","43.15330651858312","11.399716962480726","-700","-535","Excavation Unit","https://opencontext.org/static/oc/icons-v2/oc-context-icon.svg","https://artiraq.org/static/opencontext/poggio-civitate/thumbs/trenchbookimages/uncropped/TTuckI_208,209.JPG","2012-12-28T00:00:00Z","2025-04-05T15:49:16Z"
"1994, ID:105","http://opencontext.org/subjects/49f45331-eb08-4e19-fa31-4c9ac639c388","https://n2t.net/ark:/28722/k2s17xt6k","Murlo","https://opencontext.org/projects/df043419-f23b-41da-7e4d-ee52af22f92f","Europe","Italy","Poggio Civitate","Tesoro","Tesoro 25","https://opencontext.org/subjects/700fa3fc-e0b5-4268-b5a9-ff35cd5d4fd4","43.15275961793427","11.401200305112464","-700","-535","Excavation Unit","https://opencontext.org/static/oc/icons-v2/oc-context-icon.svg","https://artiraq.org/static/opencontext/poggio-civitate/thumbs/trenchbookimages/AMChristensenI/AMChristensenI_230,231.jpg","2012-12-28T00:00:00Z","2025-04-05T15:49:17Z"
"1997, ID:354","http://opencontext.org/subjects/83304a03-52e2-411f-4e36-dbeac7a441d1","https://n2t.net/ark:/28722/k26d5tc2b","Murlo","https://opencontext.org/projects/df043419-f23b-41da-7e4d-ee52af22f92f","Europe","Italy","Poggio Civitate","Agger","Agger 9 Extension","https://opencontext.org/subjects/5f3f7e8b-7d93-4295-9c09-5ddcb9f88508","43.15302102912415","11.401267300609089","-700","-535","Excavation Unit","https://opencontext.org/static/oc/icons-v2/oc-context-icon.svg","https://artiraq.org/static/opencontext/poggio-civitate/thumbs/trenchbookimages/uncropped/GMeyersI_286,287.JPG","2012-12-28T00:00:00Z","2025-04-05T15:49:20Z"
"1992, ID:200","http://opencontext.org/subjects/6ec9e1ca-1595-4b39-de94-07669e96d51b","https://n2t.net/ark:/28722/k2h70d18z","Murlo","https://opencontext.org/projects/df043419-f23b-41da-7e4d-ee52af22f92f","Europe","Italy","Poggio Civitate","Civitate A","Civitate A 33","https://opencontext.org/subjects/905a30a8-a71d-44df-3181-437816b64864","43.15357967651871","11.399171100534057","-700","-535","Excavation Unit","https://opencontext.org/static/oc/icons-v2/oc-context-icon.svg","https://artiraq.org/static/opencontext/poggio-civitate/thumbs/trenchbookimages/JBerkinVII/JBerkinVII_48,49.jpg","2012-12-28T00:00:00Z","2025-04-05T15:49:15Z"
"1999, ID:364","http://opencontext.org/subjects/4454f19d-c295-4e35-7124-98a6661cff51","https://n2t.net/ark:/28722/k2kp7zs48","Murlo","https://opencontext.org/projects/df043419-f23b-41da-7e4d-ee52af22f92f","Europe","Italy","Poggio Civitate","Tesoro","Tesoro 26 North","https://opencontext.org/subjects/151a307c-e8c9-4542-271f-ab14d6b378e8","43.15276081378198","11.401856675601335","-700","-535","Excavation Unit","https://opencontext.org/static/oc/icons-v2/oc-context-icon.svg","https://artiraq.org/static/opencontext/poggio-civitate/thumbs/trenchbookimages/JBBeebyI/JBBeebyI_182,183.jpg","2012-12-28T00:00:00Z","2025-04-05T15:49:22Z"
"1993, ID:401","http://opencontext.org/subjects/cb0d10d6-5fd7-48eb-2f70-1d7efa2ab8f1","https://n2t.net/ark:/28722/k28g8kj5k","Murlo","https://opencontext.org/projects/df043419-f23b-41da-7e4d-ee52af22f92f","Europe","Italy","Poggio Civitate","Civitate B","Civitate B 29","https://opencontext.org/subjects/c9dd8bb8-bd48-446d-75be-3e248c82db34","43.152317255282","11.399201496398","-700","-535","Excavation Unit","https://opencontext.org/static/oc/icons-v2/oc-context-icon.svg","https://artiraq.org/static/opencontext/poggio-civitate/thumbs/trenchbookimages/uncropped/TTuckIV_126,127.JPG","2012-12-28T00:00:00Z","2025-04-05T15:49:17Z"
"1997, ID:355","http://opencontext.org/subjects/b79defa4-eb3a-4e9d-db25-711792610c21","https://n2t.net/ark:/28722/k2251km3w","Murlo","https://opencontext.org/projects/df043419-f23b-41da-7e4d-ee52af22f92f","Europe","Italy","Poggio Civitate","Tesoro South Flank","Tesoro South Flank 0","https://opencontext.org/subjects/cf9d182a-abd0-4cb0-1564-acef6e30da65","43.15298650938871","11.401262907740621","-700","-535","Excavation Unit","https://opencontext.org/static/oc/icons-v2/oc-context-icon.svg","https://artiraq.org/static/opencontext/poggio-civitate/thumbs/trenchbookimages/AMChristensenV/AMChristensenV_230,231.jpg","2012-12-28T00:00:00Z","2025-04-05T15:49:21Z"
"2001, ID:459","http://opencontext.org/subjects/0ac6b338-54ba-41fb-d5d8-59d8227ac31c","https://n2t.net/ark:/28722/k2513zx29","Murlo","https://opencontext.org/projects/df043419-f23b-41da-7e4d-ee52af22f92f","Europe","Italy","Poggio Civitate","Tesoro","Tesoro 18","https://opencontext.org/subjects/8278e5d0-37ee-493b-8c3f-d2b82e469e98","43.15350527443889","11.401734187961019","-700","-535","Excavation Unit","https://opencontext.org/static/oc/icons-v2/oc-context-icon.svg","https://artiraq.org/static/opencontext/poggio-civitate/thumbs/trenchbookimages/uncropped/KHostetlerIV_122,123.JPG","2012-12-28T00:00:00Z","2025-04-05T15:49:26Z"
"1978, ID:89","http://opencontext.org/subjects/3d75850b-7ecd-4675-b297-3ff2f5106d97","https://n2t.net/ark:/28722/k2fn14t3f","Murlo","https://opencontext.org/projects/df043419-f23b-41da-7e4d-ee52af22f92f","Europe","Italy","Poggio Civitate","Tesoro","Tesoro 23","https://opencontext.org/subjects/7d95d727-e50a-412a-0129-5d4f57812599","43.15275982402363","11.402087761871224","-700","-535","Excavation Unit","https://opencontext.org/static/oc/icons-v2/oc-context-icon.svg","https://artiraq.org/static/opencontext/poggio-civitate/thumbs/trenchbookimages/MCarasI/MCarasI_272,273.jpg","2012-12-28T00:00:00Z","2025-04-05T15:49:00Z"
"1995, ID:106","http://opencontext.org/subjects/e9425f5e-9aec-43f0-e0a9-2d64f97f5d2a","https://n2t.net/ark:/28722/k21j9c90f","Murlo","https://opencontext.org/projects/df043419-f23b-41da-7e4d-ee52af22f92f","Europe","Italy","Poggio Civitate","Tesoro","Tesoro 25","https://opencontext.org/subjects/700fa3fc-e0b5-4268-b5a9-ff35cd5d4fd4","43.152763066376195","11.401188947469919","-700","-535","Excavation Unit","https://opencontext.org/static/oc/icons-v2/oc-context-icon.svg","https://artiraq.org/static/opencontext/poggio-civitate/thumbs/trenchbookimages/AMChristensenII/AMChristensenII_218,219.jpg","2012-12-28T00:00:00Z","2025-04-05T15:49:18Z"
"1995, ID:108","http://opencontext.org/subjects/51811248-1469-45ce-ea1c-33b61a244055","https://n2t.net/ark:/28722/k2dr2t952","Murlo","https://opencontext.org/projects/df043419-f23b-41da-7e4d-ee52af22f92f","Europe","Italy","Poggio Civitate","Tesoro","Tesoro 25 North Extension","https://opencontext.org/subjects/3271891a-5b76-4274-38b8-4053447e2660","43.15288991864128","11.401300904742477","-700","-535","Excavation Unit","https://opencontext.org/static/oc/icons-v2/oc-context-icon.svg","https://artiraq.org/static/opencontext/poggio-civitate/thumbs/trenchbookimages/uncropped/LFluscheI_130,130.JPG","2012-12-28T00:00:00Z","2025-04-05T15:49:18Z"
"1988, ID:144","http://opencontext.org/subjects/ba2d283e-9ec4-47ae-4b5e-3c933662b0ff","https://n2t.net/ark:/28722/k25d8sg23","Murlo","https://opencontext.org/projects/df043419-f23b-41da-7e4d-ee52af22f92f","Europe","Italy","Poggio Civitate","Tesoro","Tesoro 27","https://opencontext.org/subjects/a004469d-dcd9-4219-425d-07e87490e01c","43.15250060780966","11.401812055625479","-700","-535","Excavation Unit","https://opencontext.org/static/oc/icons-v2/oc-context-icon.svg","https://artiraq.org/static/opencontext/poggio-civitate/thumbs/trenchbookimages/uncropped/ACollinsIII_234,235.JPG","2012-12-28T00:00:00Z","2025-04-05T15:49:09Z"
"2005, ID:552","http://opencontext.org/subjects/2680d449-6312-48ae-ef0f-db25b67f7bfc","https://n2t.net/ark:/28722/k29k49v16","Murlo","https://opencontext.org/projects/df043419-f23b-41da-7e4d-ee52af22f92f","Europe","Italy","Poggio Civitate","Tesoro","Tesoro 36","https://opencontext.org/subjects/9fa5b249-33b8-4509-24e4-baac1f0d4c7a","43.15273216499143","11.401631885085141","-700","-535","Excavation Unit","https://opencontext.org/static/oc/icons-v2/oc-context-icon.svg","","2012-12-28T00:00:00Z","2025-04-05T15:49:34Z"
"2000, ID:420","http://opencontext.org/subjects/bcdc5d9e-bb8b-4159-f6b0-2a9474c123bd","https://n2t.net/ark:/28722/k2rx97f4t","Murlo","https://opencontext.org/projects/df043419-f23b-41da-7e4d-ee52af22f92f","Europe","Italy","Poggio Civitate","Tesoro","Tesoro 21","https://opencontext.org/subjects/d1d5cd18-52e4-4df6-3996-57c51161bcb2","43.152718858147466","11.401457943258608","-700","-535","Excavation Unit","https://opencontext.org/static/oc/icons-v2/oc-context-icon.svg","https://artiraq.org/static/opencontext/poggio-civitate/thumbs/trenchbookimages/uncropped/ALeathermanII_180,181.JPG","2012-12-28T00:00:00Z","2025-04-05T15:49:24Z"
"2001, ID:446","http://opencontext.org/subjects/30114327-f531-4d7d-2906-a91b80c2a595","https://n2t.net/ark:/28722/k2vq2xb8w","Murlo","https://opencontext.org/projects/df043419-f23b-41da-7e4d-ee52af22f92f","Europe","Italy","Poggio Civitate","Tesoro","Tesoro 21","https://opencontext.org/subjects/d1d5cd18-52e4-4df6-3996-57c51161bcb2","43.152754693347504","11.401547843103346","-700","-535","Excavation Unit","https://opencontext.org/static/oc/icons-v2/oc-context-icon.svg","","2012-12-28T00:00:00Z","2025-04-05T15:49:25Z"
"1988, ID:230","http://opencontext.org/subjects/dfb991c1-9e46-449e-543a-839ddcdb9dff","https://n2t.net/ark:/28722/k25h7gv7c","Murlo","https://opencontext.org/projects/df043419-f23b-41da-7e4d-ee52af22f92f","Europe","Italy","Poggio Civitate","Civitate B","Civitate B 21","https://opencontext.org/subjects/d84e7936-63ad-42b8-67d4-0a75e70dbcd7","43.152317255282","11.399201496398","-700","-535","Excavation Unit","https://opencontext.org/static/oc/icons-v2/oc-context-icon.svg","https://artiraq.org/static/opencontext/poggio-civitate/thumbs/trenchbookimages/uncropped/MSpencerI_100,101.JPG","2012-12-28T00:00:00Z","2025-04-05T15:49:09Z"
"1994, ID:107","http://opencontext.org/subjects/8dc1810d-17c9-4064-d1ac-526ce4fb1b69","https://n2t.net/ark:/28722/k29023h3k","Murlo","https://opencontext.org/projects/df043419-f23b-41da-7e4d-ee52af22f92f","Europe","Italy","Poggio Civitate","Tesoro","Tesoro 25 North Extension","https://opencontext.org/subjects/3271891a-5b76-4274-38b8-4053447e2660","43.15287337686162","11.401371396152605","-700","-535","Excavation Unit","https://opencontext.org/static/oc/icons-v2/oc-context-icon.svg","https://artiraq.org/static/opencontext/poggio-civitate/thumbs/trenchbookimages/uncropped/AGriffithII_166,167.JPG","2012-12-28T00:00:00Z","2025-04-05T15:49:17Z"
"2000, ID:414","http://opencontext.org/subjects/77830f25-f564-4094-19b9-7db8aba08945","https://n2t.net/ark:/28722/k2jd4tq50","Murlo","https://opencontext.org/projects/df043419-f23b-41da-7e4d-ee52af22f92f","Europe","Italy","Poggio Civitate","Civitate A","Civitate A 45","https://opencontext.org/subjects/b8396eb0-68a9-45df-25f6-323ca536c57d","43.1532893997431","11.399388533035946","-700","-535","Excavation Unit","https://opencontext.org/static/oc/icons-v2/oc-context-icon.svg","https://artiraq.org/static/opencontext/poggio-civitate/thumbs/trenchbookimages/uncropped/MCondostaI_173,174.JPG","2012-12-28T00:00:00Z","2025-04-05T15:49:24Z"
"1970, ID:294","http://opencontext.org/subjects/82001ecc-766e-4b9f-2fb0-af5f30722583","https://n2t.net/ark:/28722/k2z896g3p","Murlo","https://opencontext.org/projects/df043419-f23b-41da-7e4d-ee52af22f92f","Europe","Italy","Poggio Civitate","Tesoro Rectangle","Tesoro Rectangle 13","https://opencontext.org/subjects/69c35ef4-a28a-44ed-9207-781f6e590bfc","43.15305204885628","11.401209277727892","-700","-535","Excavation Unit","https://opencontext.org/static/oc/icons-v2/oc-context-icon.svg","https://artiraq.org/static/opencontext/poggio-civitate/thumbs/trenchbookimages/uncropped/IEdlundII_176,177.JPG","2012-12-28T00:00:00Z","2025-04-05T15:48:49Z"
"1973, ID:277","http://opencontext.org/subjects/bfa79728-c24a-431d-94a4-ea96fbcd266a","https://n2t.net/ark:/28722/k26m3747w","Murlo","https://opencontext.org/projects/df043419-f23b-41da-7e4d-ee52af22f92f","Europe","Italy","Poggio Civitate","Tesoro Rectangle","Tesoro Rectangle 5","https://opencontext.org/subjects/c7642f73-7027-4294-575e-b647e1f4486d","43.153443448424234","11.401511812292544","-700","-535","Excavation Unit","https://opencontext.org/static/oc/icons-v2/oc-context-icon.svg","https://artiraq.org/static/opencontext/poggio-civitate/thumbs/trenchbookimages/uncropped/ERystedtIII_188,189.JPG","2012-12-28T00:00:00Z","2025-04-05T15:48:56Z"
"1975, ID:289","http://opencontext.org/subjects/1427ab95-f567-4a47-630b-094e82651a49","https://n2t.net/ark:/28722/k2ns0qz91","Murlo","https://opencontext.org/projects/df043419-f23b-41da-7e4d-ee52af22f92f","Europe","Italy","Poggio Civitate","Tesoro Rectangle","Tesoro Rectangle 9","https://opencontext.org/subjects/c253c0ea-35af-4cb0-2706-5029b26a50a7","43.153270474004145","11.401326993144824","-700","-535","Excavation Unit","https://opencontext.org/static/oc/icons-v2/oc-context-icon.svg","https://artiraq.org/static/opencontext/poggio-civitate/thumbs/trenchbookimages/uncropped/BPorterI_159,160.JPG","2012-12-28T00:00:00Z","2025-04-05T15:48:58Z"
"1966, ID:306","http://opencontext.org/subjects/3f77b349-231a-41ae-91b9-0ae0d913dc07","https://n2t.net/ark:/28722/k2gf0rx52","Murlo","https://opencontext.org/projects/df043419-f23b-41da-7e4d-ee52af22f92f","Europe","Italy","Poggio Civitate","Poggio Aguzzo","Poggio Aguzzo 1","https://opencontext.org/subjects/c7c9efbf-0136-42b9-2132-221fa5ea2f2a","43.153362073422","11.40202402957","-700","-535","Excavation Unit","https://opencontext.org/static/oc/icons-v2/oc-context-icon.svg","https://artiraq.org/static/opencontext/poggio-civitate/thumbs/trenchbookimages/uncropped/BHillI_96,96.JPG","2012-12-28T00:00:00Z","2025-04-05T15:48:25Z"
"1987, ID:433","http://opencontext.org/subjects/e5461f2d-c3c5-474b-f8a8-a1b8c56ccaaa","https://n2t.net/ark:/28722/k24f1rk3w","Murlo","https://opencontext.org/projects/df043419-f23b-41da-7e4d-ee52af22f92f","Europe","Italy","Poggio Civitate","Tesoro","Tesoro 26","https://opencontext.org/subjects/85992e07-7da1-4af7-f0b8-2209cbe4f57f","43.15265000000001","11.401850000000001","-700","-535","Excavation Unit","https://opencontext.org/static/oc/icons-v2/oc-context-icon.svg","https://artiraq.org/static/opencontext/poggio-civitate/thumbs/trenchbookimages/uncropped/ACollinsVIII_96,97.JPG","2012-12-28T00:00:00Z","2025-07-02T10:35:50Z"
"2012, ID:651","http://opencontext.org/subjects/2196c174-d15b-428d-bb25-b375b2ce1aa6","https://n2t.net/ark:/28722/k2h993f0v","Murlo","https://opencontext.org/projects/df043419-f23b-41da-7e4d-ee52af22f92f","Europe","Italy","Poggio Civitate","Civitate B","Civitate B 57","https://opencontext.org/subjects/ce326aab-8fce-4644-079a-d846db926d2d","43.152799581243485","11.400196198966434","-700","-535","Excavation Unit","https://opencontext.org/static/oc/icons-v2/oc-context-icon.svg","","2012-12-28T00:00:00Z","2025-04-05T15:49:48Z"
"1976, ID:79","http://opencontext.org/subjects/1c8a3854-31c8-42dc-d4bb-254ecce95b62","https://n2t.net/ark:/28722/k29p3171g","Murlo","https://opencontext.org/projects/df043419-f23b-41da-7e4d-ee52af22f92f","Europe","Italy","Poggio Civitate","Tesoro","Tesoro 19 Extension","https://opencontext.org/subjects/d80b80ac-f263-4d75-f1b6-c9d1e658452c","43.15348218641564","11.40191625892757","-700","-535","Excavation Unit","https://opencontext.org/static/oc/icons-v2/oc-context-icon.svg","https://artiraq.org/static/opencontext/poggio-civitate/thumbs/trenchbookimages/uncropped/GWardenIV_335,336.JPG","2012-12-28T00:00:00Z","2025-04-05T15:48:58Z"
"1966, ID:375","http://opencontext.org/subjects/1e4c1934-f7f3-40e4-04ca-53fc2c50e193","https://n2t.net/ark:/28722/k20v8fj57","Murlo","https://opencontext.org/projects/df043419-f23b-41da-7e4d-ee52af22f92f","Europe","Italy","Poggio Civitate","Tesoro","Tesoro 1 Test 4","https://opencontext.org/subjects/498c165e-ea8a-4332-2a2b-c6e8c7fa12ac","43.152609876758","11.402819672617","-700","-535","Excavation Unit","https://opencontext.org/static/oc/icons-v2/oc-context-icon.svg","https://artiraq.org/static/opencontext/poggio-civitate/thumbs/trenchbookimages/uncropped/SCummerI_123,124.JPG","2012-12-28T00:00:00Z","2025-04-05T15:48:26Z"
"2001, ID:506","http://opencontext.org/subjects/38eb7fe3-d403-4515-d17d-eccee1472e3a","https://n2t.net/ark:/28722/k2h70d19f","Murlo","https://opencontext.org/projects/df043419-f23b-41da-7e4d-ee52af22f92f","Europe","Italy","Poggio Civitate","Tesoro","Tesoro 26 South Extension","https://opencontext.org/subjects/20861f9c-d764-4e71-f954-1c2492f949fc","43.152712676709335","11.401858002608222","-700","-535","Excavation Unit","https://opencontext.org/static/oc/icons-v2/oc-context-icon.svg","https://artiraq.org/static/opencontext/poggio-civitate/thumbs/trenchbookimages/uncropped/SVitaleI_116,117.JPG","2012-12-28T00:00:00Z","2025-04-05T15:49:27Z"
"1999, ID:368","http://opencontext.org/subjects/847268d2-b10f-4cbb-ffec-577630572c9c","https://n2t.net/ark:/28722/k2445nd2b","Murlo","https://opencontext.org/projects/df043419-f23b-41da-7e4d-ee52af22f92f","Europe","Italy","Poggio Civitate","Tesoro South Flank","Tesoro South Flank, Extension I 0","https://opencontext.org/subjects/b141d9a8-40c6-4416-a3a5-3b3f8ac33150","43.1529244706037","11.401749829425361","-700","-535","Excavation Unit","https://opencontext.org/static/oc/icons-v2/oc-context-icon.svg","https://artiraq.org/static/opencontext/poggio-civitate/thumbs/trenchbookimages/EClarkII/EClarkII_186,187.jpg","2012-12-28T00:00:00Z","2025-04-05T15:49:23Z"
"1973, ID:73","http://opencontext.org/subjects/9736fa6a-3373-4429-50a3-1fb235e00649","https://n2t.net/ark:/28722/k2n013v3s","Murlo","https://opencontext.org/projects/df043419-f23b-41da-7e4d-ee52af22f92f","Europe","Italy","Poggio Civitate","Tesoro","Tesoro 18","https://opencontext.org/subjects/8278e5d0-37ee-493b-8c3f-d2b82e469e98","43.153538135743844","11.40179482745992","-700","-535","Excavation Unit","https://opencontext.org/static/oc/icons-v2/oc-context-icon.svg","https://artiraq.org/static/opencontext/poggio-civitate/thumbs/trenchbookimages/uncropped/JNeilsIII_188,189.JPG","2012-12-28T00:00:00Z","2025-04-05T15:48:56Z"
"2015, ID:700","http://opencontext.org/subjects/9420190e-3d76-44cf-ae0f-279900c4a56c","https://n2t.net/ark:/28722/k26d6571k","Murlo","https://opencontext.org/projects/df043419-f23b-41da-7e4d-ee52af22f92f","Europe","Italy","Poggio Civitate","Tesoro","Tesoro 66","https://opencontext.org/subjects/ad6b1caf-39b7-49b3-bf2d-2c71081132f4","43.152844027135686","11.400920037820494","-700","-535","Excavation Unit","https://opencontext.org/static/oc/icons-v2/oc-context-icon.svg","","2017-10-04T02:36:49Z","2025-04-05T15:49:55Z"
"1971, ID:70","http://opencontext.org/subjects/e06c5503-d300-4e11-9001-ba93c6f8fdaf","https://n2t.net/ark:/28722/k27s7nt4x","Murlo","https://opencontext.org/projects/df043419-f23b-41da-7e4d-ee52af22f92f","Europe","Italy","Poggio Civitate","Tesoro","Tesoro 18","https://opencontext.org/subjects/8278e5d0-37ee-493b-8c3f-d2b82e469e98","43.15348326366905","11.401729844319751","-700","-535","Excavation Unit","https://opencontext.org/static/oc/icons-v2/oc-context-icon.svg","https://artiraq.org/static/opencontext/poggio-civitate/thumbs/trenchbookimages/uncropped/ERystedtI_270,271.JPG","2012-12-28T00:00:00Z","2025-04-05T15:48:52Z"
"1976, ID:278","http://opencontext.org/subjects/41ec3704-2f60-4ca1-07c3-fbb954170f67","https://n2t.net/ark:/28722/k2bc3xz1v","Murlo","https://opencontext.org/projects/df043419-f23b-41da-7e4d-ee52af22f92f","Europe","Italy","Poggio Civitate","Tesoro Rectangle","Tesoro Rectangle 5","https://opencontext.org/subjects/c7642f73-7027-4294-575e-b647e1f4486d","43.1534160969714","11.40160277877699","-700","-535","Excavation Unit","https://opencontext.org/static/oc/icons-v2/oc-context-icon.svg","https://artiraq.org/static/opencontext/poggio-civitate/thumbs/trenchbookimages/uncropped/JMcCallumI_43,43.JPG","2012-12-28T00:00:00Z","2025-04-05T15:48:58Z"
"1994, ID:388","http://opencontext.org/subjects/af7993a7-86f5-49a6-ecb8-d59e265f810f","https://n2t.net/ark:/28722/k20c4xm24","Murlo","https://opencontext.org/projects/df043419-f23b-41da-7e4d-ee52af22f92f","Europe","Italy","Poggio Civitate","Tesoro","Tesoro 21","https://opencontext.org/subjects/d1d5cd18-52e4-4df6-3996-57c51161bcb2","43.152510561262","11.402454384006","-700","-535","Excavation Unit","https://opencontext.org/static/oc/icons-v2/oc-context-icon.svg","https://artiraq.org/static/opencontext/poggio-civitate/thumbs/trenchbookimages/uncropped/AGriffithI_214,215.JPG","2012-12-28T00:00:00Z","2025-04-05T15:49:18Z"
"1993, ID:390","http://opencontext.org/subjects/cc2f0592-3b62-4706-2cf9-55dbe9d72e4e","https://n2t.net/ark:/28722/k2p55jh94","Murlo","https://opencontext.org/projects/df043419-f23b-41da-7e4d-ee52af22f92f","Europe","Italy","Poggio Civitate","Tesoro","Tesoro 22 West Extension","https://opencontext.org/subjects/7657e3b1-bd3b-4ca1-dde9-283320549b59","43.152544631958","11.402595291138","-700","-535","Excavation Unit","https://opencontext.org/static/oc/icons-v2/oc-context-icon.svg","https://artiraq.org/static/opencontext/poggio-civitate/thumbs/trenchbookimages/JBerkinVI/JBerkinVI_228,229.jpg","2012-12-28T00:00:00Z","2025-04-05T15:49:15Z"
"1975, ID:78","http://opencontext.org/subjects/6ae46285-0a75-4c91-0c8a-693540d22612","https://n2t.net/ark:/28722/k2xg9kc5m","Murlo","https://opencontext.org/projects/df043419-f23b-41da-7e4d-ee52af22f92f","Europe","Italy","Poggio Civitate","Tesoro","Tesoro 19","https://opencontext.org/subjects/2c8ea052-ea7e-4eef-c09e-15b4aa761fa0","43.15352959475047","11.401823258801308","-700","-535","Excavation Unit","https://opencontext.org/static/oc/icons-v2/oc-context-icon.svg","https://artiraq.org/static/opencontext/poggio-civitate/thumbs/trenchbookimages/uncropped/GWardenIII_178,179.JPG","2012-12-28T00:00:00Z","2025-04-05T15:48:57Z"
"1981, ID:100","http://opencontext.org/subjects/7dd8061f-fcc1-4e69-c8d6-50fcb1cbf2a0","https://n2t.net/ark:/28722/k24b3262x","Murlo","https://opencontext.org/projects/df043419-f23b-41da-7e4d-ee52af22f92f","Europe","Italy","Poggio Civitate","Tesoro","Tesoro 25","https://opencontext.org/subjects/700fa3fc-e0b5-4268-b5a9-ff35cd5d4fd4","43.15270494850112","11.401235827229852","-700","-535","Excavation Unit","https://opencontext.org/static/oc/icons-v2/oc-context-icon.svg","https://artiraq.org/static/opencontext/poggio-civitate/thumbs/trenchbookimages/uncropped/JHareIII_168,169.JPG","2012-12-28T00:00:00Z","2025-04-05T15:49:05Z"
"2015, ID:699","http://opencontext.org/subjects/c766cfd8-e1b4-4a66-b6b2-08b2030bdcb8","https://n2t.net/ark:/28722/k22n5fd6b","Murlo","https://opencontext.org/projects/df043419-f23b-41da-7e4d-ee52af22f92f","Europe","Italy","Poggio Civitate","Tesoro","Tesoro 57","https://opencontext.org/subjects/fc63c254-172e-4de5-9f67-90ea071b2549","43.15293952523064","11.400720368279991","-700","-535","Excavation Unit","https://opencontext.org/static/oc/icons-v2/oc-context-icon.svg","","2017-10-04T02:36:49Z","2025-04-05T15:49:55Z"
"2005, ID:551","http://opencontext.org/subjects/1cd4609f-f5e5-4c2c-3df7-cdcb87cb019e","https://n2t.net/ark:/28722/k28s4pq45","Murlo","https://opencontext.org/projects/df043419-f23b-41da-7e4d-ee52af22f92f","Europe","Italy","Poggio Civitate","Tesoro","Tesoro 30D","https://opencontext.org/subjects/e8cda380-8206-4413-5c7b-c8a14cc40226","43.152727410237134","11.401810173962222","-700","-535","Excavation Unit","https://opencontext.org/static/oc/icons-v2/oc-context-icon.svg","","2012-12-28T00:00:00Z","2025-04-05T15:49:34Z"
"2000, ID:421","http://opencontext.org/subjects/54252d07-a291-4b75-6c6e-ad4e831f564c","https://n2t.net/ark:/28722/k27w6c665","Murlo","https://opencontext.org/projects/df043419-f23b-41da-7e4d-ee52af22f92f","Europe","Italy","Poggio Civitate","Tesoro South Flank","Tesoro South Flank, Extension I 0","https://opencontext.org/subjects/b141d9a8-40c6-4416-a3a5-3b3f8ac33150","43.15297075604132","11.40164351308426","-700","-535","Excavation Unit","https://opencontext.org/static/oc/icons-v2/oc-context-icon.svg","https://artiraq.org/static/opencontext/poggio-civitate/thumbs/trenchbookimages/uncropped/PNultonII_166,167.JPG","2012-12-28T00:00:00Z","2025-04-05T15:49:24Z"
"1997, ID:349","http://opencontext.org/subjects/4114e192-9d65-4123-2079-11bd3dd647e3","https://n2t.net/ark:/28722/k28w3d39v","Murlo","https://opencontext.org/projects/df043419-f23b-41da-7e4d-ee52af22f92f","Europe","Italy","Poggio Civitate","Tesoro","Tesoro 21","https://opencontext.org/subjects/d1d5cd18-52e4-4df6-3996-57c51161bcb2","43.15282023826465","11.401418809079859","-700","-535","Excavation Unit","https://opencontext.org/static/oc/icons-v2/oc-context-icon.svg","https://artiraq.org/static/opencontext/poggio-civitate/thumbs/trenchbookimages/uncropped/MGlebaI_ 236, 237.JPG","2012-12-28T00:00:00Z","2025-04-05T15:49:20Z"
"2003, ID:513","http://opencontext.org/subjects/11e97c36-9cc5-4616-3c82-771e1ef62bd9","https://n2t.net/ark:/28722/k2xd0vz8w","Murlo","https://opencontext.org/projects/df043419-f23b-41da-7e4d-ee52af22f92f","Europe","Italy","Poggio Civitate","Tesoro","Tesoro 35","https://opencontext.org/subjects/e3c2329f-fac6-4d23-1786-480918acdc52","43.15286821135881","11.40138664352563","-700","-535","Excavation Unit","https://opencontext.org/static/oc/icons-v2/oc-context-icon.svg","","2012-12-28T00:00:00Z","2025-04-05T15:49:30Z"
"1972, ID:404","http://opencontext.org/subjects/97b3fb48-cf5e-4d97-6fc7-e6213bae2ce7","https://n2t.net/ark:/28722/k2hd7st7q","Murlo","https://opencontext.org/projects/df043419-f23b-41da-7e4d-ee52af22f92f","Europe","Italy","Poggio Civitate","Courtyard","Courtyard","https://opencontext.org/subjects/b231a5d0-e245-4746-8901-18565ceeb5f2","43.15333642773172","11.401476735692546","-700","-535","Excavation Unit","https://opencontext.org/static/oc/icons-v2/oc-context-icon.svg","https://artiraq.org/static/opencontext/poggio-civitate/thumbs/trenchbookimages/uncropped/ENielsenIII_127,128.JPG","2012-12-28T00:00:00Z","2025-04-05T15:48:55Z"
"2011, ID:637","http://opencontext.org/subjects/17085bc0-4fa1-4236-6426-4861ad48b584","https://n2t.net/ark:/28722/k2g73c509","Murlo","https://opencontext.org/projects/df043419-f23b-41da-7e4d-ee52af22f92f","Europe","Italy","Poggio Civitate","Civitate B","Civitate B 38","https://opencontext.org/subjects/5c5af90a-ba5c-4ba9-b4b3-a47b38bd1d29","43.15246119186168","11.398978672286265","-700","-535","Excavation Unit","https://opencontext.org/static/oc/icons-v2/oc-context-icon.svg","","2012-12-28T00:00:00Z","2025-04-05T15:49:46Z"
"1991, ID:86","http://opencontext.org/subjects/ccd880a0-1197-4b38-b82f-222c02d10c41","https://n2t.net/ark:/28722/k27w6c684","Murlo","https://opencontext.org/projects/df043419-f23b-41da-7e4d-ee52af22f92f","Europe","Italy","Poggio Civitate","Tesoro","Tesoro 22 West Extension","https://opencontext.org/subjects/7657e3b1-bd3b-4ca1-dde9-283320549b59","43.15278297127206","11.401652879241539","-700","-535","Excavation Unit","https://opencontext.org/static/oc/icons-v2/oc-context-icon.svg","https://artiraq.org/static/opencontext/poggio-civitate/thumbs/trenchbookimages/uncropped/NMeyerV_222,223.JPG","2012-12-28T00:00:00Z","2025-04-05T15:49:13Z"
"1976, ID:292","http://opencontext.org/subjects/b07d574d-336e-4fc5-b9be-59136145193d","https://n2t.net/ark:/28722/k2f76b802","Murlo","https://opencontext.org/projects/df043419-f23b-41da-7e4d-ee52af22f92f","Europe","Italy","Poggio Civitate","Tesoro Rectangle","Tesoro Rectangle 12","https://opencontext.org/subjects/07a9f589-86a0-4297-95d1-e6565c93ba14","43.15312687160141","11.4012431355629","-700","-535","Excavation Unit","https://opencontext.org/static/oc/icons-v2/oc-context-icon.svg","https://artiraq.org/static/opencontext/poggio-civitate/thumbs/trenchbookimages/uncropped/MFullertonI_151,152.JPG","2012-12-28T00:00:00Z","2025-04-05T15:48:59Z"
"2015, ID:706","http://opencontext.org/subjects/b8233443-f716-4cfe-9b52-fe46a81eb610","https://n2t.net/ark:/28722/k2zw1rp2p","Murlo","https://opencontext.org/projects/df043419-f23b-41da-7e4d-ee52af22f92f","Europe","Italy","Poggio Civitate","Tesoro","Tesoro 58","https://opencontext.org/subjects/fe1fdabd-09b1-4fc1-8f02-b54df5ec3ac4","43.15290512647937","11.400699272258706","-700","-535","Excavation Unit","https://opencontext.org/static/oc/icons-v2/oc-context-icon.svg","","2017-10-04T02:36:50Z","2025-04-05T15:49:56Z"
"1997, ID:352","http://opencontext.org/subjects/a13a7840-04f0-492a-c8e3-c1ea488b006c","https://n2t.net/ark:/28722/k2zc7ww1n","Murlo","https://opencontext.org/projects/df043419-f23b-41da-7e4d-ee52af22f92f","Europe","Italy","Poggio Civitate","Civitate A","Civitate A 41","https://opencontext.org/subjects/e9327a2b-215f-4878-26d5-dc2c1e817f93","43.15336653721281","11.399550385523598","-700","-535","Excavation Unit","https://opencontext.org/static/oc/icons-v2/oc-context-icon.svg","https://artiraq.org/static/opencontext/poggio-civitate/thumbs/trenchbookimages/AMChristensenVI/AMChristensenVI_174,175.jpg","2012-12-28T00:00:00Z","2025-04-05T15:49:20Z"
"2000, ID:413","http://opencontext.org/subjects/3b24ea00-ca9e-4762-52a2-5a170bce1402","https://n2t.net/ark:/28722/k28w3d38c","Murlo","https://opencontext.org/projects/df043419-f23b-41da-7e4d-ee52af22f92f","Europe","Italy","Poggio Civitate","Civitate A","Civitate A 44","https://opencontext.org/subjects/646908e5-c30a-4d22-85d8-b2c4f56be0fd","43.1532914419341","11.399434968537317","-700","-535","Excavation Unit","https://opencontext.org/static/oc/icons-v2/oc-context-icon.svg","https://artiraq.org/static/opencontext/poggio-civitate/thumbs/trenchbookimages/uncropped/PNultonI_120,121.JPG","2012-12-28T00:00:00Z","2025-04-05T15:49:24Z"
"2008, ID:599","http://opencontext.org/subjects/eccc7a10-11c7-43da-74e6-726210980a54","https://n2t.net/ark:/28722/k2833s037","Murlo","https://opencontext.org/projects/df043419-f23b-41da-7e4d-ee52af22f92f","Europe","Italy","Poggio Civitate","Tesoro","Tesoro 48","https://opencontext.org/subjects/14ba1e60-cdaa-4d0c-ae3f-1b9c84cb3188","43.15271924551682","11.401963459095168","-700","-535","Excavation Unit","https://opencontext.org/static/oc/icons-v2/oc-context-icon.svg","","2012-12-28T00:00:00Z","2025-04-05T15:49:41Z"
"2009, ID:616","http://opencontext.org/subjects/0d1e2474-6e46-4348-ad85-800ab9f3d80d","https://n2t.net/ark:/28722/k26973z9c","Murlo","https://opencontext.org/projects/df043419-f23b-41da-7e4d-ee52af22f92f","Europe","Italy","Poggio Civitate","Tesoro","Tesoro 56","https://opencontext.org/subjects/5217f5a4-f934-436e-5d44-7a8befc12579","43.152883253583916","11.401252538988834","-700","-535","Excavation Unit","https://opencontext.org/static/oc/icons-v2/oc-context-icon.svg","https://artiraq.org/static/opencontext/poggio-civitate/to-2017/thumbs/T56-20090731-Closing-Photographs-From-West-Facing-East.jpg","2012-12-28T00:00:00Z","2025-04-05T15:49:43Z"
"T105 2024","http://opencontext.org/subjects/d18830b1-2148-405f-8a0d-ad21c14d1c11","","Murlo","https://opencontext.org/projects/df043419-f23b-41da-7e4d-ee52af22f92f","Europe","Italy","Poggio Civitate","Tesoro","Tesoro 105","https://opencontext.org/subjects/6a32c583-3a3a-4031-a118-0e6e57649372","43.15291906068423","11.402131120982823","-700","-535","Excavation Unit","https://opencontext.org/static/oc/icons-v2/oc-context-icon.svg","https://storage.googleapis.com/opencontext-media/poggio-civitate/2024-media/thumbs/trench-book-trench-layout-15-57-16.jpg","2012-07-06T00:00:00Z","2025-04-05T15:48:21Z"
"1970, ID:532","http://opencontext.org/subjects/a4494215-7687-4aea-b4eb-dd443fe84730","https://n2t.net/ark:/28722/k2ft8jk82","Murlo","https://opencontext.org/projects/df043419-f23b-41da-7e4d-ee52af22f92f","Europe","Italy","Poggio Civitate","Agger","Agger 1","https://opencontext.org/subjects/bf504412-7460-460c-4109-fb3428ef1931","43.153966140747","11.402267074585","-700","-535","Excavation Unit","https://opencontext.org/static/oc/icons-v2/oc-context-icon.svg","https://artiraq.org/static/opencontext/poggio-civitate/thumbs/trenchbookimages/uncropped/PSmallII_103,104.JPG","2012-12-28T00:00:00Z","2025-04-05T15:48:51Z"
"1993, ID:407","http://opencontext.org/subjects/17924be4-6a53-47c1-0e6a-d9c8f840f2d9","https://n2t.net/ark:/28722/k2h13083s","Murlo","https://opencontext.org/projects/df043419-f23b-41da-7e4d-ee52af22f92f","Europe","Italy","Poggio Civitate","Civitate B","Civitate B 27","https://opencontext.org/subjects/5e57d604-4298-47e7-5939-004cfc1a837f","43.15323984290002","11.398878075348387","-700","-535","Excavation Unit","https://opencontext.org/static/oc/icons-v2/oc-context-icon.svg","https://artiraq.org/static/opencontext/poggio-civitate/thumbs/trenchbookimages/uncropped/ENielsenIV_96,97.JPG","2012-12-28T00:00:00Z","2025-04-05T15:49:17Z"
"2001, ID:464","http://opencontext.org/subjects/c7eac347-78b3-4fc2-16e2-561acba7d836","https://n2t.net/ark:/28722/k2kd1vm38","Murlo","https://opencontext.org/projects/df043419-f23b-41da-7e4d-ee52af22f92f","Europe","Italy","Poggio Civitate","Civitate D","Civitate D 9","https://opencontext.org/subjects/eca6f5b6-cc2c-48e8-a584-e196cbe54e4e","43.150693980387004","11.402783297810274","-700","-535","Excavation Unit","https://opencontext.org/static/oc/icons-v2/oc-context-icon.svg","https://artiraq.org/static/opencontext/poggio-civitate/thumbs/trenchbookimages/uncropped/JDiLuzioI_113, 114.JPG","2012-12-28T00:00:00Z","2025-04-05T15:49:27Z"
"1969, ID:308","http://opencontext.org/subjects/c677159a-aaae-4629-5a56-aacdf21b62ec","https://n2t.net/ark:/28722/k2qv3h50b","Murlo","https://opencontext.org/projects/df043419-f23b-41da-7e4d-ee52af22f92f","Europe","Italy","Poggio Civitate","Poggio Aguzzo","Poggio Aguzzo 1","https://opencontext.org/subjects/c7c9efbf-0136-42b9-2132-221fa5ea2f2a","43.153362073422","11.40202402957","-700","-535","Excavation Unit","https://opencontext.org/static/oc/icons-v2/oc-context-icon.svg","https://artiraq.org/static/opencontext/poggio-civitate/thumbs/trenchbookimages/uncropped/BJHurstI_63,63.JPG","2012-12-28T00:00:00Z","2025-04-05T15:48:47Z"
"T107 2024","http://opencontext.org/subjects/9ae83dc6-3b25-4fc9-b3e5-a9b8d5a6e557","","Murlo","https://opencontext.org/projects/df043419-f23b-41da-7e4d-ee52af22f92f","Europe","Italy","Poggio Civitate","Tesoro","Tesoro 107","https://opencontext.org/subjects/48778cbb-852a-4495-9a51-2dba055d89d3","43.15282640014293","11.402233506629795","-700","-535","Excavation Unit","https://opencontext.org/static/oc/icons-v2/oc-context-icon.svg","https://storage.googleapis.com/opencontext-media/poggio-civitate/2024-media/thumbs/trench-book-terraces-area-map-3-36-34.jpg","2012-07-06T00:00:00Z","2025-04-05T15:48:22Z"
"1982, ID:101","http://opencontext.org/subjects/a9f9ad0a-3a54-49d5-21b1-2cb331f82966","https://n2t.net/ark:/28722/k2833s04q","Murlo","https://opencontext.org/projects/df043419-f23b-41da-7e4d-ee52af22f92f","Europe","Italy","Poggio Civitate","Tesoro","Tesoro 25","https://opencontext.org/subjects/700fa3fc-e0b5-4268-b5a9-ff35cd5d4fd4","43.15264904280412","11.40140377425449","-700","-535","Excavation Unit","https://opencontext.org/static/oc/icons-v2/oc-context-icon.svg","https://artiraq.org/static/opencontext/poggio-civitate/thumbs/trenchbookimages/uncropped/GDunham I_240, 241.JPG","2012-12-28T00:00:00Z","2025-04-05T15:49:05Z"
"T108 2024","http://opencontext.org/subjects/427b33b1-95ae-4d58-93ff-7c0509c370cf","","Murlo","https://opencontext.org/projects/df043419-f23b-41da-7e4d-ee52af22f92f","Europe","Italy","Poggio Civitate","Tesoro","Tesoro 108","https://opencontext.org/subjects/c260d24f-2ed2-42d8-93e3-53a3b8979087","43.152863674888735","11.402270380975736","-700","-535","Excavation Unit","https://opencontext.org/static/oc/icons-v2/oc-context-icon.svg","https://storage.googleapis.com/opencontext-media/poggio-civitate/2024-media/thumbs/trench-book-1000015308-19-18-11.jpg","2012-07-06T00:00:00Z","2025-04-05T15:48:22Z"
"2013, ID:673","http://opencontext.org/subjects/7d8606a7-cb65-4b3e-a339-fbb9b6ff7eb4","https://n2t.net/ark:/28722/k2q81mp34","Murlo","https://opencontext.org/projects/df043419-f23b-41da-7e4d-ee52af22f92f","Europe","Italy","Poggio Civitate","Civitate A","Civitate A 70","https://opencontext.org/subjects/50d5e83e-a2f9-4d48-c149-db52a4e5cae6","43.152733230591","11.400704574585","-700","-535","Excavation Unit","https://opencontext.org/static/oc/icons-v2/oc-context-icon.svg","","2017-10-04T02:36:42Z","2025-04-05T15:49:51Z"
"2007, ID:586","http://opencontext.org/subjects/3e140b66-8309-4931-fef4-ad2fdf8d6291","https://n2t.net/ark:/28722/k2r49mb05","Murlo","https://opencontext.org/projects/df043419-f23b-41da-7e4d-ee52af22f92f","Europe","Italy","Poggio Civitate","Tesoro","Tesoro 47","https://opencontext.org/subjects/e0c53898-d2ee-4ef0-7da1-ddacb3dd6f4f","43.15278353384115","11.401797313514612","-700","-535","Excavation Unit","https://opencontext.org/static/oc/icons-v2/oc-context-icon.svg","https://artiraq.org/static/opencontext/poggio-civitate/to-2017/thumbs/T47-20070802-Closing-Photographs---Rock-Feature-----From-South-Facing-North.jpg","2012-12-28T00:00:00Z","2025-04-05T15:49:39Z"
"1996, ID:251","http://opencontext.org/subjects/fb0c00c0-f040-42e3-2ef0-3c73aee34305","https://n2t.net/ark:/28722/k22f7ps3d","Murlo","https://opencontext.org/projects/df043419-f23b-41da-7e4d-ee52af22f92f","Europe","Italy","Poggio Civitate","Civitate D","Civitate D 8","https://opencontext.org/subjects/c340ecda-3dc8-41f1-b491-7e64740435f9","43.151710891724","11.40361366272","-700","-535","Excavation Unit","https://opencontext.org/static/oc/icons-v2/oc-context-icon.svg","https://artiraq.org/static/opencontext/poggio-civitate/thumbs/trenchbookimages/AMChristensenIV/AMChristensenIV_132,133.jpg","2012-12-28T00:00:00Z","2025-04-05T15:49:19Z"
"1988, ID:256","http://opencontext.org/subjects/7cfd5524-2b03-412c-7569-4ae00666b95c","https://n2t.net/ark:/28722/k2xs5pj1r","Murlo","https://opencontext.org/projects/df043419-f23b-41da-7e4d-ee52af22f92f","Europe","Italy","Poggio Civitate","East Terrace","East Terrace 1","https://opencontext.org/subjects/7fdabd47-f30f-4602-b8f5-d4093e21dd17","43.153362073422","11.40202402957","-700","-535","Excavation Unit","https://opencontext.org/static/oc/icons-v2/oc-context-icon.svg","https://artiraq.org/static/opencontext/poggio-civitate/thumbs/trenchbookimages/uncropped/MSWilcoxIII_124,125.JPG","2012-12-28T00:00:00Z","2025-04-05T15:49:10Z"
"1998, ID:356","http://opencontext.org/subjects/4c9de9eb-687b-41cd-e5dc-90cd3b55adfa","https://n2t.net/ark:/28722/k2xw4cx42","Murlo","https://opencontext.org/projects/df043419-f23b-41da-7e4d-ee52af22f92f","Europe","Italy","Poggio Civitate","Tesoro","Tesoro 25 Extension","https://opencontext.org/subjects/56cd4812-9012-4051-8b4b-1e978ba0e54e","43.15271314577824","11.401395727156178","-700","-535","Excavation Unit","https://opencontext.org/static/oc/icons-v2/oc-context-icon.svg","https://artiraq.org/static/opencontext/poggio-civitate/thumbs/trenchbookimages/uncropped/EMarcheseI_84,84.JPG","2012-12-28T00:00:00Z","2025-04-05T15:49:21Z"
"T26 2024","http://opencontext.org/subjects/5ceaa58c-d449-4a30-bd20-d6fa1e076208","","Murlo","https://opencontext.org/projects/df043419-f23b-41da-7e4d-ee52af22f92f","Europe","Italy","Poggio Civitate","Tesoro","Tesoro 26","https://opencontext.org/subjects/85992e07-7da1-4af7-f0b8-2209cbe4f57f","43.15262366401429","11.401583235676771","-700","-535","Excavation Unit","https://opencontext.org/static/oc/icons-v2/oc-context-icon.svg","https://storage.googleapis.com/opencontext-media/poggio-civitate/2024-media/thumbs/trench-book-image-8-4-24-at-3-59-pm-15-59-59.jpg","2012-07-06T00:00:00Z","2025-04-05T15:48:18Z"
"2004, ID:536","http://opencontext.org/subjects/8e1306df-0cf7-409f-403a-a7b74c3b6bde","https://n2t.net/ark:/28722/k2h993f1b","Murlo","https://opencontext.org/projects/df043419-f23b-41da-7e4d-ee52af22f92f","Europe","Italy","Poggio Civitate","Tesoro","Tesoro 30B","https://opencontext.org/subjects/90db4060-493b-40a1-d06e-c63c0c78827d","43.15278105870159","11.401815559389666","-700","-535","Excavation Unit","https://opencontext.org/static/oc/icons-v2/oc-context-icon.svg","https://artiraq.org/static/opencontext/poggio-civitate/to-2017/thumbs/T-30KED-7-16lookingsouth.jpg","2012-12-28T00:00:00Z","2025-04-05T15:49:32Z"
"1968, ID:486","http://opencontext.org/subjects/cf806e3a-25c9-424f-e090-672a445957dc","https://n2t.net/ark:/28722/k2st7jx9r","Murlo","https://opencontext.org/projects/df043419-f23b-41da-7e4d-ee52af22f92f","Europe","Italy","Poggio Civitate","Civitatine B","Civitatine B1","https://opencontext.org/subjects/1fbd6022-b9a2-4c4e-41b4-349de265509c","43.153362073422","11.40202402957","-700","-535","Excavation Unit","https://opencontext.org/static/oc/icons-v2/oc-context-icon.svg","https://artiraq.org/static/opencontext/poggio-civitate/thumbs/trenchbookimages/uncropped/JWrightII_93,94.JPG","2012-12-28T00:00:00Z","2025-04-05T15:48:41Z"
"2009, ID:608","http://opencontext.org/subjects/3f761187-d0a8-40cd-358e-2f7db01dba47","https://n2t.net/ark:/28722/k23779w4x","Murlo","https://opencontext.org/projects/df043419-f23b-41da-7e4d-ee52af22f92f","Europe","Italy","Poggio Civitate","Civitate C","Civitate C 7","https://opencontext.org/subjects/381caeaa-235f-469d-160e-a03bb9b334f7","43.152370410616925","11.4013797987846","-700","-535","Excavation Unit","https://opencontext.org/static/oc/icons-v2/oc-context-icon.svg","https://artiraq.org/static/opencontext/poggio-civitate/to-2017/thumbs/CC7-Closing-West-Facing-View---No-WB.jpg","2012-12-28T00:00:00Z","2025-04-05T15:49:42Z"
"2001, ID:444","http://opencontext.org/subjects/6b98f59b-d05f-4b47-0761-e13ee798c019","https://n2t.net/ark:/28722/k29w0f093","Murlo","https://opencontext.org/projects/df043419-f23b-41da-7e4d-ee52af22f92f","Europe","Italy","Poggio Civitate","Civitate D","Civitate D 9","https://opencontext.org/subjects/eca6f5b6-cc2c-48e8-a584-e196cbe54e4e","43.15066949274057","11.402768508612558","-700","-535","Excavation Unit","https://opencontext.org/static/oc/icons-v2/oc-context-icon.svg","https://artiraq.org/static/opencontext/poggio-civitate/thumbs/trenchbookimages/uncropped/KHostetlerIII_138,139.JPG","2012-12-28T00:00:00Z","2025-04-05T15:49:25Z"
"2001, ID:461","http://opencontext.org/subjects/bf820055-f9bb-4c0b-f214-9495e60b7161","https://n2t.net/ark:/28722/k2j38qj8c","Murlo","https://opencontext.org/projects/df043419-f23b-41da-7e4d-ee52af22f92f","Europe","Italy","Poggio Civitate","Tesoro","Tesoro 9","https://opencontext.org/subjects/2810a063-516f-4418-0d33-551d985b438c","43.15330978281435","11.402269347986714","-700","-535","Excavation Unit","https://opencontext.org/static/oc/icons-v2/oc-context-icon.svg","https://artiraq.org/static/opencontext/poggio-civitate/thumbs/trenchbookimages/uncropped/MAWingfieldII_92,93.JPG","2012-12-28T00:00:00Z","2025-04-05T15:49:26Z"
"1994, ID:141","http://opencontext.org/subjects/cf45634d-c744-4fbe-cb30-de94362392f5","https://n2t.net/ark:/28722/k23f4qp63","Murlo","https://opencontext.org/projects/df043419-f23b-41da-7e4d-ee52af22f92f","Europe","Italy","Poggio Civitate","Tesoro","Tesoro 26","https://opencontext.org/subjects/85992e07-7da1-4af7-f0b8-2209cbe4f57f","43.15266691249584","11.401906478671098","-700","-535","Excavation Unit","https://opencontext.org/static/oc/icons-v2/oc-context-icon.svg","https://artiraq.org/static/opencontext/poggio-civitate/thumbs/trenchbookimages/uncropped/TTuckVI_182,183.JPG","2012-12-28T00:00:00Z","2025-04-05T15:49:17Z"
"1999, ID:366","http://opencontext.org/subjects/6621600b-3b5d-4b99-71f9-e42c18656e59","https://n2t.net/ark:/28722/k2gf0rx6j","Murlo","https://opencontext.org/projects/df043419-f23b-41da-7e4d-ee52af22f92f","Europe","Italy","Poggio Civitate","Civitate A","Civitate A 42","https://opencontext.org/subjects/e0bab177-42ec-49e1-d4fc-25e7f2b3f31b","43.15337208724852","11.399446146540814","-700","-535","Excavation Unit","https://opencontext.org/static/oc/icons-v2/oc-context-icon.svg","https://artiraq.org/static/opencontext/poggio-civitate/thumbs/trenchbookimages/JBBeebyII/JBBeebyII_116,117.jpg","2012-12-28T00:00:00Z","2025-04-05T15:49:23Z"
"1967, ID:159","http://opencontext.org/subjects/09e36d34-e5da-432e-9367-057d3ecf26f6","https://n2t.net/ark:/28722/k2f18xg3x","Murlo","https://opencontext.org/projects/df043419-f23b-41da-7e4d-ee52af22f92f","Europe","Italy","Poggio Civitate","Civitate A","Civitate A 2D","https://opencontext.org/subjects/7b2d173c-9f8d-4865-bb42-f81d1fbf77f1","43.15324803279361","11.400678095852271","-700","-535","Excavation Unit","https://opencontext.org/static/oc/icons-v2/oc-context-icon.svg","https://artiraq.org/static/opencontext/poggio-civitate/thumbs/trenchbookimages/uncropped/AMariqueI_42,42.JPG","2012-12-28T00:00:00Z","2025-04-05T15:48:33Z"
"T26 2023","http://opencontext.org/subjects/45739fea-1fd1-4f2e-863a-a77ceb74f87b","","Murlo","https://opencontext.org/projects/df043419-f23b-41da-7e4d-ee52af22f92f","Europe","Italy","Poggio Civitate","Tesoro","Tesoro 26","https://opencontext.org/subjects/85992e07-7da1-4af7-f0b8-2209cbe4f57f","43.15261524422861","11.401685378555454","-700","-535","Excavation Unit","https://opencontext.org/static/oc/icons-v2/oc-context-icon.svg","","2012-07-06T00:00:00Z","2025-04-05T15:48:18Z"
"2011, ID:638","http://opencontext.org/subjects/e6fdc2bd-af19-4c1b-ddd6-d11cbfc0f7b1","https://n2t.net/ark:/28722/k2cf9p75r","Murlo","https://opencontext.org/projects/df043419-f23b-41da-7e4d-ee52af22f92f","Europe","Italy","Poggio Civitate","Civitate B","Civitate B 39","https://opencontext.org/subjects/5979818f-fd10-49e0-269c-4e160bf7dc11","43.151432418823","11.39882774353","-700","-535","Excavation Unit","https://opencontext.org/static/oc/icons-v2/oc-context-icon.svg","","2012-12-28T00:00:00Z","2025-04-05T15:49:46Z"
"1996, ID:280","http://opencontext.org/subjects/d5f8dc06-7ffd-4309-54bd-a690e1cec570","https://n2t.net/ark:/28722/k2kw5ck2w","Murlo","https://opencontext.org/projects/df043419-f23b-41da-7e4d-ee52af22f92f","Europe","Italy","Poggio Civitate","Tesoro Rectangle","Tesoro Rectangle 5","https://opencontext.org/subjects/c7642f73-7027-4294-575e-b647e1f4486d","43.153369002690965","11.401708169562626","-700","-535","Excavation Unit","https://opencontext.org/static/oc/icons-v2/oc-context-icon.svg","https://artiraq.org/static/opencontext/poggio-civitate/thumbs/trenchbookimages/uncropped/NWinterI_171,172.JPG","2012-12-28T00:00:00Z","2025-04-05T15:49:19Z"
"1972, ID:435","http://opencontext.org/subjects/d73ecd3f-23df-477b-8939-9a22f46c2312","https://n2t.net/ark:/28722/k2qj7d01r","Murlo","https://opencontext.org/projects/df043419-f23b-41da-7e4d-ee52af22f92f","Europe","Italy","Poggio Civitate","Tesoro Rectangle","Tesoro Rectangle 5","https://opencontext.org/subjects/c7642f73-7027-4294-575e-b647e1f4486d","43.153824488322","11.40246035258","-700","-535","Excavation Unit","https://opencontext.org/static/oc/icons-v2/oc-context-icon.svg","https://artiraq.org/static/opencontext/poggio-civitate/thumbs/trenchbookimages/uncropped/ERystedtII_101,102.JPG","2012-12-28T00:00:00Z","2025-04-05T15:48:56Z"
"1979, ID:247","http://opencontext.org/subjects/002c4f44-2c69-4135-01a6-e02d381f99a4","https://n2t.net/ark:/28722/k21g0nw1r","Murlo","https://opencontext.org/projects/df043419-f23b-41da-7e4d-ee52af22f92f","Europe","Italy","Poggio Civitate","Civitate D","Civitate D 4","https://opencontext.org/subjects/f42582c5-3dbd-41eb-56ad-34f81f9e19c2","43.15301254364422","11.402214834925351","-700","-535","Excavation Unit","https://opencontext.org/static/oc/icons-v2/oc-context-icon.svg","https://artiraq.org/static/opencontext/poggio-civitate/thumbs/trenchbookimages/uncropped/JMacCallumIII_57,58.JPG","2012-12-28T00:00:00Z","2025-04-05T15:49:03Z"
"2013, ID:670","http://opencontext.org/subjects/80c59cb5-d6ca-4b88-8e93-cab9c1e3798f","https://n2t.net/ark:/28722/k2b285n20","Murlo","https://opencontext.org/projects/df043419-f23b-41da-7e4d-ee52af22f92f","Europe","Italy","Poggio Civitate","Civitate A","Civitate A82","https://opencontext.org/subjects/1b39befc-926d-4991-ba43-34f55d08e682","43.15303286621726","11.400392226554418","-700","-535","Excavation Unit","https://opencontext.org/static/oc/icons-v2/oc-context-icon.svg","","2017-10-04T02:36:42Z","2025-04-05T15:49:51Z"
"2007, ID:587","http://opencontext.org/subjects/becc2f4a-b3c7-4c74-93a7-ded3a87bf523","https://n2t.net/ark:/28722/k2vx0b470","Murlo","https://opencontext.org/projects/df043419-f23b-41da-7e4d-ee52af22f92f","Europe","Italy","Poggio Civitate","Tesoro","Tesoro 48","https://opencontext.org/subjects/14ba1e60-cdaa-4d0c-ae3f-1b9c84cb3188","43.152609876758","11.402819672617","-700","-535","Excavation Unit","https://opencontext.org/static/oc/icons-v2/oc-context-icon.svg","","2012-12-28T00:00:00Z","2025-04-05T15:49:39Z"
"2007, ID:584","http://opencontext.org/subjects/3aa9e720-0371-4443-5a40-5fe6a5e1dcae","https://n2t.net/ark:/28722/k2736r36f","Murlo","https://opencontext.org/projects/df043419-f23b-41da-7e4d-ee52af22f92f","Europe","Italy","Poggio Civitate","Tesoro","Tesoro 45","https://opencontext.org/subjects/ddeef52d-e100-4e2a-c893-b025a2f68b54","43.15278774921637","11.401859378841598","-700","-535","Excavation Unit","https://opencontext.org/static/oc/icons-v2/oc-context-icon.svg","https://artiraq.org/static/opencontext/poggio-civitate/to-2017/thumbs/T45-20070802-Trench-Closing-Photograph-From-South-Facing-North.jpg","2012-12-28T00:00:00Z","2025-04-05T15:49:39Z"
"1974, ID:279","http://opencontext.org/subjects/1f718097-88c2-4292-3396-cdf0c832cdf8","https://n2t.net/ark:/28722/k2g44nr7z","Murlo","https://opencontext.org/projects/df043419-f23b-41da-7e4d-ee52af22f92f","Europe","Italy","Poggio Civitate","Tesoro Rectangle","Tesoro Rectangle 5","https://opencontext.org/subjects/c7642f73-7027-4294-575e-b647e1f4486d","43.153443448424234","11.401511812292544","-700","-535","Excavation Unit","https://opencontext.org/static/oc/icons-v2/oc-context-icon.svg","https://artiraq.org/static/opencontext/poggio-civitate/thumbs/trenchbookimages/uncropped/JNeilsV_68,69.JPG","2012-12-28T00:00:00Z","2025-04-05T15:48:57Z"
"2008, ID:598","http://opencontext.org/subjects/10aee2e8-ffb6-4cd7-a7e4-8434bd2a7287","https://n2t.net/ark:/28722/k2m61gr28","Murlo","https://opencontext.org/projects/df043419-f23b-41da-7e4d-ee52af22f92f","Europe","Italy","Poggio Civitate","Civitate C","Civitate C 7 Extension","https://opencontext.org/subjects/decbff5c-a1ec-4ef4-e491-f9050c2c7ee0","43.152374808908746","11.401392568235128","-700","-535","Excavation Unit","https://opencontext.org/static/oc/icons-v2/oc-context-icon.svg","","2012-12-28T00:00:00Z","2025-04-05T15:49:40Z"
"2003, ID:496","http://opencontext.org/subjects/ef628d6d-2a2d-4e6b-f86a-834a451f8296","https://n2t.net/ark:/28722/k2g15zc35","Murlo","https://opencontext.org/projects/df043419-f23b-41da-7e4d-ee52af22f92f","Europe","Italy","Poggio Civitate","Tesoro","Tesoro 28 North","https://opencontext.org/subjects/3127ab1f-149d-4156-2884-a198d8ba432f","43.15245372181002","11.40190673084051","-700","-535","Excavation Unit","https://opencontext.org/static/oc/icons-v2/oc-context-icon.svg","","2012-12-28T00:00:00Z","2025-04-05T15:49:28Z"
"1998, ID:360","http://opencontext.org/subjects/7c56c14f-9336-443d-4d1f-602299831244","https://n2t.net/ark:/28722/k2qz26j44","Murlo","https://opencontext.org/projects/df043419-f23b-41da-7e4d-ee52af22f92f","Europe","Italy","Poggio Civitate","Civitate A","Civitate A 42N","https://opencontext.org/subjects/3f196667-d963-4853-a9bc-7b03de307eee","43.15337020841755","11.399396645853063","-700","-535","Excavation Unit","https://opencontext.org/static/oc/icons-v2/oc-context-icon.svg","https://artiraq.org/static/opencontext/poggio-civitate/thumbs/trenchbookimages/uncropped/MGlebaII_100,101.JPG","2012-12-28T00:00:00Z","2025-04-05T15:49:21Z"
"T90 2023","http://opencontext.org/subjects/96295113-d994-443b-9ce8-0b33513418a9","","Murlo","https://opencontext.org/projects/df043419-f23b-41da-7e4d-ee52af22f92f","Europe","Italy","Poggio Civitate","Tesoro","Tesoro 90","https://opencontext.org/subjects/b0bbb164-94f9-4cc9-af2d-b684d140f4a4","43.152864908092326","11.40086069696798","-700","-535","Excavation Unit","https://opencontext.org/static/oc/icons-v2/oc-context-icon.svg","","2012-07-06T00:00:00Z","2025-04-05T15:48:19Z"
"1990, ID:428","http://opencontext.org/subjects/e432aa8b-b56f-4b65-433e-0c93ca14dcea","https://n2t.net/ark:/28722/k2mg7kx2s","Murlo","https://opencontext.org/projects/df043419-f23b-41da-7e4d-ee52af22f92f","Europe","Italy","Poggio Civitate","Tesoro","Tesoro 26","https://opencontext.org/subjects/85992e07-7da1-4af7-f0b8-2209cbe4f57f","43.15265000000001","11.401850000000001","-700","-535","Excavation Unit","https://opencontext.org/static/oc/icons-v2/oc-context-icon.svg","https://artiraq.org/static/opencontext/poggio-civitate/thumbs/trenchbookimages/uncropped/MSWilcox_166,167.JPG","2012-12-28T00:00:00Z","2025-07-02T10:37:57Z"
"1993, ID:411","http://opencontext.org/subjects/f1dc6bc7-f794-4429-13fa-65d4d52475c5","https://n2t.net/ark:/28722/k2cn7313c","Murlo","https://opencontext.org/projects/df043419-f23b-41da-7e4d-ee52af22f92f","Europe","Italy","Poggio Civitate","Tesoro","Tesoro 22","https://opencontext.org/subjects/6cc50267-cd40-45e1-5bce-905f09a8ce49","43.1528140204384","11.401550691843267","-700","-535","Excavation Unit","https://opencontext.org/static/oc/icons-v2/oc-context-icon.svg","","2012-12-28T00:00:00Z","2025-04-05T15:49:17Z"
"2009, ID:614","http://opencontext.org/subjects/e7750cb4-79e0-423c-6f71-4b991eb487dd","https://n2t.net/ark:/28722/k2t43p414","Murlo","https://opencontext.org/projects/df043419-f23b-41da-7e4d-ee52af22f92f","Europe","Italy","Poggio Civitate","Tesoro","Tesoro 54","https://opencontext.org/subjects/820c4eb7-fb80-42ca-b831-21e9fafce367","43.15276284218046","11.40182297280838","-700","-535","Excavation Unit","https://opencontext.org/static/oc/icons-v2/oc-context-icon.svg","https://artiraq.org/static/opencontext/poggio-civitate/to-2017/thumbs/T54-20090717-Rock-Feature-From-West-Facing-East.jpg","2012-12-28T00:00:00Z","2025-04-05T15:49:43Z"
"1984, ID:102","http://opencontext.org/subjects/bf12f33f-c18c-4f84-0470-b64f86679044","https://n2t.net/ark:/28722/k2cr5sd88","Murlo","https://opencontext.org/projects/df043419-f23b-41da-7e4d-ee52af22f92f","Europe","Italy","Poggio Civitate","Tesoro","Tesoro 25","https://opencontext.org/subjects/700fa3fc-e0b5-4268-b5a9-ff35cd5d4fd4","43.15257792382805","11.401589701468243","-700","-535","Excavation Unit","https://opencontext.org/static/oc/icons-v2/oc-context-icon.svg","https://artiraq.org/static/opencontext/poggio-civitate/thumbs/trenchbookimages/uncropped/CTuttI_57,57.JPG","2012-12-28T00:00:00Z","2025-04-05T15:49:06Z"
"1971, ID:148","http://opencontext.org/subjects/73645e2f-c5d5-4655-f2ed-cd225c1aa221","https://n2t.net/ark:/28722/k2qc00670","Murlo","https://opencontext.org/projects/df043419-f23b-41da-7e4d-ee52af22f92f","Europe","Italy","Poggio Civitate","Lower Building","Lower Building","https://opencontext.org/subjects/8ce90f75-6e64-42ca-9891-76d86ecdc23a","43.153362073422","11.40202402957","-700","-535","Excavation Unit","https://opencontext.org/static/oc/icons-v2/oc-context-icon.svg","https://artiraq.org/static/opencontext/poggio-civitate/thumbs/trenchbookimages/uncropped/LowerBuildingI_93,94.JPG","2012-12-28T00:00:00Z","2025-04-05T15:48:52Z"
"2007, ID:588","http://opencontext.org/subjects/d5ff94f3-1d3c-4107-30d5-697c86409234","https://n2t.net/ark:/28722/k2zg6m79b","Murlo","https://opencontext.org/projects/df043419-f23b-41da-7e4d-ee52af22f92f","Europe","Italy","Poggio Civitate","Civitate C","Civitate C 7","https://opencontext.org/subjects/381caeaa-235f-469d-160e-a03bb9b334f7","43.152374808908746","11.401392568235128","-700","-535","Excavation Unit","https://opencontext.org/static/oc/icons-v2/oc-context-icon.svg","","2012-12-28T00:00:00Z","2025-04-05T15:49:39Z"
"2004, ID:537","http://opencontext.org/subjects/7bb80569-aebf-4c8a-6f9f-581baf999de0","https://n2t.net/ark:/28722/k2183839t","Murlo","https://opencontext.org/projects/df043419-f23b-41da-7e4d-ee52af22f92f","Europe","Italy","Poggio Civitate","Tesoro","Tesoro 30C","https://opencontext.org/subjects/1dffe51d-478c-4110-90a3-36353480367e","43.15273045198553","11.40174883266961","-700","-535","Excavation Unit","https://opencontext.org/static/oc/icons-v2/oc-context-icon.svg","https://artiraq.org/static/opencontext/poggio-civitate/to-2017/thumbs/T-30BFM-7-16d.jpg","2012-12-28T00:00:00Z","2025-04-05T15:49:32Z"
"1980, ID:391","http://opencontext.org/subjects/5c7a453f-44bb-42ee-b85f-6e1f2f627422","https://n2t.net/ark:/28722/k2bv7fw9c","Murlo","https://opencontext.org/projects/df043419-f23b-41da-7e4d-ee52af22f92f","Europe","Italy","Poggio Civitate","Tesoro","Tesoro 23 Extension","https://opencontext.org/subjects/df6744d2-3ab9-4597-d2f3-8e8b5becf815","43.152452141898","11.403396279472","-700","-535","Excavation Unit","https://opencontext.org/static/oc/icons-v2/oc-context-icon.svg","https://artiraq.org/static/opencontext/poggio-civitate/thumbs/trenchbookimages/MCarasIII/MCarasIII_152,153.jpg","2012-12-28T00:00:00Z","2025-04-05T15:49:04Z"
"2015, ID:697","http://opencontext.org/subjects/db6cca7f-78cb-4043-adb4-c3de5d791910","https://n2t.net/ark:/28722/k2t72qc0v","Murlo","https://opencontext.org/projects/df043419-f23b-41da-7e4d-ee52af22f92f","Europe","Italy","Poggio Civitate","Tesoro","Tesoro 62","https://opencontext.org/subjects/e3fcba88-e3bc-40d0-a136-218a2f58a130","43.15277201174361","11.400712869783998","-700","-535","Excavation Unit","https://opencontext.org/static/oc/icons-v2/oc-context-icon.svg","","2017-10-04T02:36:48Z","2025-04-05T15:49:54Z"
"1978, ID:254","http://opencontext.org/subjects/83ced25b-c03d-4f76-507b-adcb151775e5","https://n2t.net/ark:/28722/k2930sw2k","Murlo","https://opencontext.org/projects/df043419-f23b-41da-7e4d-ee52af22f92f","Europe","Italy","Poggio Civitate","North Terrace","North Terrace 2","https://opencontext.org/subjects/0ea62734-46f0-476b-c0b0-7b79d2aa37bb","43.154116439819","11.40290107727","-700","-535","Excavation Unit","https://opencontext.org/static/oc/icons-v2/oc-context-icon.svg","https://artiraq.org/static/opencontext/poggio-civitate/thumbs/trenchbookimages/uncropped/JHareII_74,75.JPG","2012-12-28T00:00:00Z","2025-04-05T15:49:01Z"
"T111 2025","http://opencontext.org/subjects/aeb7ff63-b6be-4f5a-b7e9-1d22394d67ad","","Murlo","https://opencontext.org/projects/df043419-f23b-41da-7e4d-ee52af22f92f","Europe","Italy","Poggio Civitate","Tesoro","Tesoro 111","https://opencontext.org/subjects/8bb74293-348b-4fd6-bc56-bd75ed457fe3","43.152609876758","11.402819672617","-700","-535","Excavation Unit","https://opencontext.org/static/oc/icons-v2/oc-context-icon.svg","","2012-07-06T00:00:00Z","2025-09-29T21:47:01Z"
"1995, ID:142","http://opencontext.org/subjects/bb5078e0-e3d7-4876-7115-ab3c1730e483","https://n2t.net/ark:/28722/k2765fg7s","Murlo","https://opencontext.org/projects/df043419-f23b-41da-7e4d-ee52af22f92f","Europe","Italy","Poggio Civitate","Tesoro","Tesoro 26","https://opencontext.org/subjects/85992e07-7da1-4af7-f0b8-2209cbe4f57f","43.15275010930658","11.401680812537652","-700","-535","Excavation Unit","https://opencontext.org/static/oc/icons-v2/oc-context-icon.svg","https://artiraq.org/static/opencontext/poggio-civitate/thumbs/trenchbookimages/uncropped/TTuckVII_22,23.JPG","2012-12-28T00:00:00Z","2025-04-05T15:49:18Z"
"2004, ID:539","http://opencontext.org/subjects/e7c6b89a-0258-4a50-1487-c55ae8c4ed69","https://n2t.net/ark:/28722/k2j964b5h","Murlo","https://opencontext.org/projects/df043419-f23b-41da-7e4d-ee52af22f92f","Europe","Italy","Poggio Civitate","Tesoro","Tesoro 37A","https://opencontext.org/subjects/13ca8865-ff13-4c20-8b17-063b07db244c","43.15269802659971","11.401331196751777","-700","-535","Excavation Unit","https://opencontext.org/static/oc/icons-v2/oc-context-icon.svg","https://artiraq.org/static/opencontext/poggio-civitate/to-2017/thumbs/T-37SDB-7-16c.jpg","2012-12-28T00:00:00Z","2025-04-05T15:49:33Z"
"2015, ID:692","http://opencontext.org/subjects/3bd49b02-b954-46ad-8cc6-a0fa4ca48906","https://n2t.net/ark:/28722/k25d94b1b","Murlo","https://opencontext.org/projects/df043419-f23b-41da-7e4d-ee52af22f92f","Europe","Italy","Poggio Civitate","Tesoro","Tesoro 75","https://opencontext.org/subjects/9e042e58-e4b5-4710-baf3-a95dbbc79070","43.15286688944931","11.400842580898212","-700","-535","Excavation Unit","https://opencontext.org/static/oc/icons-v2/oc-context-icon.svg","","2017-10-04T02:36:47Z","2025-04-05T15:49:54Z"
"2013, ID:669","http://opencontext.org/subjects/2f2d6d6e-a85e-4876-af9d-01e83668f5e9","https://n2t.net/ark:/28722/k2697ft87","Murlo","https://opencontext.org/projects/df043419-f23b-41da-7e4d-ee52af22f92f","Europe","Italy","Poggio Civitate","Civitate A","Civitate A81","https://opencontext.org/subjects/d6a0c6a9-5232-458e-88e0-2bf54f9ad86a","43.1529194070383","11.400319189464073","-700","-535","Excavation Unit","https://opencontext.org/static/oc/icons-v2/oc-context-icon.svg","","2017-10-04T02:36:42Z","2025-04-05T15:49:50Z"
"2003, ID:498","http://opencontext.org/subjects/aab28e39-cebe-455c-f495-cf7b408971fe","https://n2t.net/ark:/28722/k29w0f08m","Murlo","https://opencontext.org/projects/df043419-f23b-41da-7e4d-ee52af22f92f","Europe","Italy","Poggio Civitate","Tesoro North Flank","Tesoro North Flank 1","https://opencontext.org/subjects/53e820b3-ddf3-437f-b4be-9dc341dfd1a1","43.15467943744568","11.400153175593093","-700","-535","Excavation Unit","https://opencontext.org/static/oc/icons-v2/oc-context-icon.svg","","2012-12-28T00:00:00Z","2025-04-05T15:49:28Z"
"2009, ID:607","http://opencontext.org/subjects/644bb446-6a25-46e8-64c9-e8735e227e72","https://n2t.net/ark:/28722/k2jh3j377","Murlo","https://opencontext.org/projects/df043419-f23b-41da-7e4d-ee52af22f92f","Europe","Italy","Poggio Civitate","Civitate A","Civitate A 62","https://opencontext.org/subjects/0103a834-5679-4cff-e1ad-a46076234ddf","43.15341719391252","11.399567799233617","-700","-535","Excavation Unit","https://opencontext.org/static/oc/icons-v2/oc-context-icon.svg","https://artiraq.org/static/opencontext/poggio-civitate/to-2017/thumbs/CA62-20090728-Closing-Photos-From-South-Facing-North.jpg","2012-12-28T00:00:00Z","2025-04-05T15:49:42Z"
"2004, ID:535","http://opencontext.org/subjects/150bd521-2e06-48c2-db8a-b4f53ac3d321","https://n2t.net/ark:/28722/k2cj8cm7k","Murlo","https://opencontext.org/projects/df043419-f23b-41da-7e4d-ee52af22f92f","Europe","Italy","Poggio Civitate","Tesoro","Tesoro 30A","https://opencontext.org/subjects/09342eec-456f-4252-c929-7e083ded6477","43.152788813122804","11.401754694751931","-700","-535","Excavation Unit","https://opencontext.org/static/oc/icons-v2/oc-context-icon.svg","https://artiraq.org/static/opencontext/poggio-civitate/to-2017/thumbs/T-30EC-7-16e.jpg","2012-12-28T00:00:00Z","2025-04-05T15:49:32Z"
"2002, ID:487","http://opencontext.org/subjects/b73503d0-3958-4d16-460e-2aa355e30892","https://n2t.net/ark:/28722/k2g73c528","Murlo","https://opencontext.org/projects/df043419-f23b-41da-7e4d-ee52af22f92f","Europe","Italy","Poggio Civitate","Tesoro","Tesoro 28","https://opencontext.org/subjects/b3475931-98ac-4ef7-2bea-dbf18964e0d1","43.15245824957144","11.401846513924726","-700","-535","Excavation Unit","https://opencontext.org/static/oc/icons-v2/oc-context-icon.svg","","2012-12-28T00:00:00Z","2025-07-01T15:07:23Z"
"1984, ID:103","http://opencontext.org/subjects/e84b0c18-5940-4983-61e5-19fbfa5c31d7","https://n2t.net/ark:/28722/k2hh6h69z","Murlo","https://opencontext.org/projects/df043419-f23b-41da-7e4d-ee52af22f92f","Europe","Italy","Poggio Civitate","Tesoro","Tesoro 25","https://opencontext.org/subjects/700fa3fc-e0b5-4268-b5a9-ff35cd5d4fd4","43.15228382299","11.402322752233","-700","-535","Excavation Unit","https://opencontext.org/static/oc/icons-v2/oc-context-icon.svg","https://artiraq.org/static/opencontext/poggio-civitate/thumbs/trenchbookimages/uncropped/CTuttII_85,85.JPG","2012-12-28T00:00:00Z","2025-04-05T15:49:07Z"
"2013, ID:666","http://opencontext.org/subjects/2ab489e7-014b-4437-aeca-c243e019695a","https://n2t.net/ark:/28722/k2xs61d3f","Murlo","https://opencontext.org/projects/df043419-f23b-41da-7e4d-ee52af22f92f","Europe","Italy","Poggio Civitate","Civitate A","Civitate A72","https://opencontext.org/subjects/885a8564-1ea4-4ecb-9ac7-e77d073f85fb","43.15294593559685","11.400414320268862","-700","-535","Excavation Unit","https://opencontext.org/static/oc/icons-v2/oc-context-icon.svg","","2017-10-04T02:36:41Z","2025-04-05T15:49:50Z"
"2003, ID:500","http://opencontext.org/subjects/4b45d8c9-af08-4518-1e80-321d2dbdb074","https://n2t.net/ark:/28722/k2057ht4w","Murlo","https://opencontext.org/projects/df043419-f23b-41da-7e4d-ee52af22f92f","Europe","Italy","Poggio Civitate","Tesoro","Tesoro 30","https://opencontext.org/subjects/9339b228-a45b-42ed-664a-30e7aabe90bb","43.15275640681702","11.401769932515325","-700","-535","Excavation Unit","https://opencontext.org/static/oc/icons-v2/oc-context-icon.svg","","2012-12-28T00:00:00Z","2025-04-05T15:49:29Z"
"2008, ID:600","http://opencontext.org/subjects/736422cb-0786-43ec-c243-85e7cb2c7315","https://n2t.net/ark:/28722/k29p3169w","Murlo","https://opencontext.org/projects/df043419-f23b-41da-7e4d-ee52af22f92f","Europe","Italy","Poggio Civitate","Tesoro South Flank","Tesoro South Flank 2","https://opencontext.org/subjects/a2680143-492c-4367-5e17-091968811de7","43.15299670455031","11.40128856469389","-700","-535","Excavation Unit","https://opencontext.org/static/oc/icons-v2/oc-context-icon.svg","","2012-12-28T00:00:00Z","2025-04-05T15:49:41Z"
"2012, ID:647","http://opencontext.org/subjects/5ad193ff-803a-4d25-273b-f874b29af6ec","https://n2t.net/ark:/28722/k2gb22j05","Murlo","https://opencontext.org/projects/df043419-f23b-41da-7e4d-ee52af22f92f","Europe","Italy","Poggio Civitate","Civitate B","Civitate B 53","https://opencontext.org/subjects/c8a3a604-8a7f-4eac-f31e-79ef77a7b65e","43.15283288093669","11.40024886022293","-700","-535","Excavation Unit","https://opencontext.org/static/oc/icons-v2/oc-context-icon.svg","","2012-12-28T00:00:00Z","2025-04-05T15:49:47Z"
"2005, ID:554","http://opencontext.org/subjects/8f23631e-6201-4092-e5be-5e7d536e2b35","https://n2t.net/ark:/28722/k2n58hn2z","Murlo","https://opencontext.org/projects/df043419-f23b-41da-7e4d-ee52af22f92f","Europe","Italy","Poggio Civitate","Tesoro","Tesoro 30G","https://opencontext.org/subjects/d100d899-3ff7-4e35-6761-2d2120996020","43.15275461993889","11.401761121532196","-700","-535","Excavation Unit","https://opencontext.org/static/oc/icons-v2/oc-context-icon.svg","","2012-12-28T00:00:00Z","2025-04-05T15:49:35Z"
"2016, ID:713","http://opencontext.org/subjects/1341c275-af80-4e8c-a9f4-1682efe5f022","https://n2t.net/ark:/28722/k2mp5bj28","Murlo","https://opencontext.org/projects/df043419-f23b-41da-7e4d-ee52af22f92f","Europe","Italy","Poggio Civitate","Tesoro","Tesoro 86","https://opencontext.org/subjects/97db8572-c397-4a9c-ab8e-405f194a2b39","43.15291646975808","11.400713413661087","-700","-535","Excavation Unit","https://opencontext.org/static/oc/icons-v2/oc-context-icon.svg","","2017-10-04T02:36:51Z","2025-04-05T15:49:57Z"
"2009, ID:612","http://opencontext.org/subjects/7a2631c5-abbd-46f6-6a6b-0c23ea819370","https://n2t.net/ark:/28722/k2930sw32","Murlo","https://opencontext.org/projects/df043419-f23b-41da-7e4d-ee52af22f92f","Europe","Italy","Poggio Civitate","Tesoro","Tesoro 52","https://opencontext.org/subjects/b22e180c-e0e9-4431-2dad-b98ce739d254","43.15273257320286","11.401878496192557","-700","-535","Excavation Unit","https://opencontext.org/static/oc/icons-v2/oc-context-icon.svg","https://artiraq.org/static/opencontext/poggio-civitate/to-2017/thumbs/T52-20090730-Closing-Photographs-From-West-Facing-East.jpg","2012-12-28T00:00:00Z","2025-04-05T15:49:42Z"
"2014, ID:679","http://opencontext.org/subjects/bfc2ff8b-1d8a-49ba-bb5e-e64ae799a642","https://n2t.net/ark:/28722/k2gq76z3b","Murlo","https://opencontext.org/projects/df043419-f23b-41da-7e4d-ee52af22f92f","Europe","Italy","Poggio Civitate","Tesoro","Tesoro 62","https://opencontext.org/subjects/e3fcba88-e3bc-40d0-a136-218a2f58a130","43.15277685872663","11.40070716257688","-700","-535","Excavation Unit","https://opencontext.org/static/oc/icons-v2/oc-context-icon.svg","","2017-10-04T02:36:45Z","2025-04-05T15:49:52Z"
"2007, ID:585","http://opencontext.org/subjects/f5332a70-73be-4e87-ad91-08f0abf7bfb1","https://n2t.net/ark:/28722/k2gm85q0p","Murlo","https://opencontext.org/projects/df043419-f23b-41da-7e4d-ee52af22f92f","Europe","Italy","Poggio Civitate","Tesoro","Tesoro 46","https://opencontext.org/subjects/b4475d85-f9f0-489e-af98-28be42336dbf","43.1527588570909","11.401893466011444","-700","-535","Excavation Unit","https://opencontext.org/static/oc/icons-v2/oc-context-icon.svg","","2012-12-28T00:00:00Z","2025-04-05T15:49:39Z"
"2007, ID:590","http://opencontext.org/subjects/85c5376b-08b0-429a-f106-d9386fa457b3","https://n2t.net/ark:/28722/k20k2bc66","Murlo","https://opencontext.org/projects/df043419-f23b-41da-7e4d-ee52af22f92f","Europe","Italy","Poggio Civitate","Civitate A","Civitate A 56","https://opencontext.org/subjects/1a6ce9aa-746f-43b9-fe9a-ee35a97f8107","43.153454095351485","11.399657805769294","-700","-535","Excavation Unit","https://opencontext.org/static/oc/icons-v2/oc-context-icon.svg","https://artiraq.org/static/opencontext/poggio-civitate/to-2017/thumbs/CA56-20070730--Closing-Photographs-From-South-Facing-North.jpg","2012-12-28T00:00:00Z","2025-04-05T15:49:39Z"
"2012, ID:649","http://opencontext.org/subjects/45c6d049-10dd-4fff-78f4-08d6d32642fc","https://n2t.net/ark:/28722/k2vm46z5j","Murlo","https://opencontext.org/projects/df043419-f23b-41da-7e4d-ee52af22f92f","Europe","Italy","Poggio Civitate","Civitate B","Civitate B 55","https://opencontext.org/subjects/9a37e74a-d0b8-495f-6631-1ad6205ecae7","43.152805097708644","11.400149078950152","-700","-535","Excavation Unit","https://opencontext.org/static/oc/icons-v2/oc-context-icon.svg","","2012-12-28T00:00:00Z","2025-04-05T15:49:48Z"
"T90 2019","http://opencontext.org/subjects/1b0a41ec-5832-4558-b492-993571cadc37","https://n2t.net/ark:/28722/k2zk5nh33","Murlo","https://opencontext.org/projects/df043419-f23b-41da-7e4d-ee52af22f92f","Europe","Italy","Poggio Civitate","Tesoro","Tesoro 90","https://opencontext.org/subjects/b0bbb164-94f9-4cc9-af2d-b684d140f4a4","43.15287480094192","11.400877391066961","-700","-535","Excavation Unit","https://opencontext.org/static/oc/icons-v2/oc-context-icon.svg","","2019-09-13T16:42:35Z","2025-06-30T15:24:22Z"
"2013, ID:665","http://opencontext.org/subjects/cc79062b-1b2c-417b-9295-299e89d26c97","https://n2t.net/ark:/28722/k2t159k8h","Murlo","https://opencontext.org/projects/df043419-f23b-41da-7e4d-ee52af22f92f","Europe","Italy","Poggio Civitate","Civitate A","Civitate A73","https://opencontext.org/subjects/4232be59-69a8-409b-b39d-d9e5bbbf80cb","43.15296838300169","11.400416570447556","-700","-535","Excavation Unit","https://opencontext.org/static/oc/icons-v2/oc-context-icon.svg","","2017-10-04T02:36:41Z","2025-04-05T15:49:50Z"
"2014, ID:676","http://opencontext.org/subjects/dc245337-3117-4551-837e-42c02d297a2e","https://n2t.net/ark:/28722/k23j3rx4b","Murlo","https://opencontext.org/projects/df043419-f23b-41da-7e4d-ee52af22f92f","Europe","Italy","Poggio Civitate","Tesoro","Tesoro 59","https://opencontext.org/subjects/7df271b2-c9a5-4492-9264-5999ef7a8537","43.152893993664","11.400698375121946","-700","-535","Excavation Unit","https://opencontext.org/static/oc/icons-v2/oc-context-icon.svg","","2017-10-04T02:36:43Z","2025-04-05T15:49:51Z"
"T116 2025","http://opencontext.org/subjects/d28100b4-061e-49d3-bcbe-67cdccf261c9","","Murlo","https://opencontext.org/projects/df043419-f23b-41da-7e4d-ee52af22f92f","Europe","Italy","Poggio Civitate","Tesoro","Tesoro 116","https://opencontext.org/subjects/89d5e7c6-5f95-4dfc-97f3-724b4be26f46","43.152609876758","11.402819672617","-700","-535","Excavation Unit","https://opencontext.org/static/oc/icons-v2/oc-context-icon.svg","","2012-07-06T00:00:00Z","2025-09-29T21:47:06Z"
"2009, ID:609","http://opencontext.org/subjects/03c05db2-62df-43b2-605b-56aefa277051","https://n2t.net/ark:/28722/k2hm56m0x","Murlo","https://opencontext.org/projects/df043419-f23b-41da-7e4d-ee52af22f92f","Europe","Italy","Poggio Civitate","Tesoro","Tesoro 49","https://opencontext.org/subjects/5e1c0fd0-dafc-4adf-fb98-392f8208e92f","43.15274576844797","11.401941465691301","-700","-535","Excavation Unit","https://opencontext.org/static/oc/icons-v2/oc-context-icon.svg","https://artiraq.org/static/opencontext/poggio-civitate/to-2017/thumbs/T49-20090802-Closing-Photos-From-South-Facing-North.jpg","2012-12-28T00:00:00Z","2025-04-05T15:49:42Z"
"2012, ID:648","http://opencontext.org/subjects/525e6271-b403-495d-0956-a316f186dc65","https://n2t.net/ark:/28722/k2qv3h51t","Murlo","https://opencontext.org/projects/df043419-f23b-41da-7e4d-ee52af22f92f","Europe","Italy","Poggio Civitate","Civitate B","Civitate B 54","https://opencontext.org/subjects/c4dfd494-751c-4dbc-ef23-5a72fc2eac4a","43.15283549514802","11.400199806416119","-700","-535","Excavation Unit","https://opencontext.org/static/oc/icons-v2/oc-context-icon.svg","","2012-12-28T00:00:00Z","2025-04-05T15:49:48Z"
"2001, ID:449","http://opencontext.org/subjects/5376a5d0-b805-4cee-490f-78a659777449","https://n2t.net/ark:/28722/k2fn14t00","Murlo","https://opencontext.org/projects/df043419-f23b-41da-7e4d-ee52af22f92f","Europe","Italy","Poggio Civitate","Civitate D","Civitate D 9","https://opencontext.org/subjects/eca6f5b6-cc2c-48e8-a584-e196cbe54e4e","43.15069789876509","11.402709719719075","-700","-535","Excavation Unit","https://opencontext.org/static/oc/icons-v2/oc-context-icon.svg","https://artiraq.org/static/opencontext/poggio-civitate/thumbs/trenchbookimages/uncropped/KTamhankarI_105,106.JPG","2012-12-28T00:00:00Z","2025-04-05T15:49:26Z"
"2013, ID:663","http://opencontext.org/subjects/eccf1e45-88e2-4072-98a5-d04eaa7c3b70","https://n2t.net/ark:/28722/k2jh3vz8n","Murlo","https://opencontext.org/projects/df043419-f23b-41da-7e4d-ee52af22f92f","Europe","Italy","Poggio Civitate","Civitate A","Civitate A78","https://opencontext.org/subjects/54a04930-a6d0-4c3d-beae-261ccce22e4e","43.15299564524243","11.400413142866082","-700","-535","Excavation Unit","https://opencontext.org/static/oc/icons-v2/oc-context-icon.svg","","2017-10-04T02:36:41Z","2025-04-05T15:49:50Z"
"1970, ID:64","http://opencontext.org/subjects/82a29440-dfa8-409d-2ec6-2d14d3cdf411","https://n2t.net/ark:/28722/k2pr7rv87","Murlo","https://opencontext.org/projects/df043419-f23b-41da-7e4d-ee52af22f92f","Europe","Italy","Poggio Civitate","Tesoro","Tesoro 14","https://opencontext.org/subjects/2e13fc42-7d43-4125-dbdf-d952d9e5a16d","43.152609876758","11.402819672617","-700","-535","Excavation Unit","https://opencontext.org/static/oc/icons-v2/oc-context-icon.svg","https://artiraq.org/static/opencontext/poggio-civitate/thumbs/trenchbookimages/uncropped/CSchefferI_33,34.JPG","2012-12-28T00:00:00Z","2025-04-05T15:48:48Z"
"2016, ID:716","http://opencontext.org/subjects/ed8d8636-fd23-408a-86dc-b72ac2da068a","https://n2t.net/ark:/28722/k2rb7bz45","Murlo","https://opencontext.org/projects/df043419-f23b-41da-7e4d-ee52af22f92f","Europe","Italy","Poggio Civitate","Civitate B","Civitate B61","https://opencontext.org/subjects/837f88db-55d8-4074-929a-873cb19c44ea","43.15263567665087","11.400222891882777","-700","-535","Excavation Unit","https://opencontext.org/static/oc/icons-v2/oc-context-icon.svg","","2017-10-04T02:36:52Z","2025-04-05T15:49:57Z"
"2016, ID:722","http://opencontext.org/subjects/70a10d8f-5bec-46ab-aa02-6453e66e167e","https://n2t.net/ark:/28722/k2d50xt4x","Murlo","https://opencontext.org/projects/df043419-f23b-41da-7e4d-ee52af22f92f","Europe","Italy","Poggio Civitate","Tesoro","Tesoro 66","https://opencontext.org/subjects/ad6b1caf-39b7-49b3-bf2d-2c71081132f4","43.152850805542","11.400883983427299","-700","-535","Excavation Unit","https://opencontext.org/static/oc/icons-v2/oc-context-icon.svg","","2017-10-04T02:36:53Z","2025-04-05T15:49:57Z"
"2014, ID:677","http://opencontext.org/subjects/28a6cc00-fbab-40f1-90e6-01c66376926b","https://n2t.net/ark:/28722/k2765sb74","Murlo","https://opencontext.org/projects/df043419-f23b-41da-7e4d-ee52af22f92f","Europe","Italy","Poggio Civitate","Tesoro","Tesoro 60","https://opencontext.org/subjects/fdaf26a7-dd19-4622-94c5-54c45d0b7dd3","43.15286491189727","11.400732612274293","-700","-535","Excavation Unit","https://opencontext.org/static/oc/icons-v2/oc-context-icon.svg","","2017-10-04T02:36:43Z","2025-04-05T15:49:51Z"
"T92 2018","http://opencontext.org/subjects/31085519-3ac4-4b71-8f76-335a904d807b","https://n2t.net/ark:/28722/k27372z58","Murlo","https://opencontext.org/projects/df043419-f23b-41da-7e4d-ee52af22f92f","Europe","Italy","Poggio Civitate","Tesoro","Tesoro 92","https://opencontext.org/subjects/14542481-4952-4503-bf3d-4696ee13a2bd","43.152792931445894","11.401628343516418","-700","-535","Excavation Unit","https://opencontext.org/static/oc/icons-v2/oc-context-icon.svg","","2019-07-28T15:42:16Z","2025-07-01T07:27:48Z"
"2004, ID:541","http://opencontext.org/subjects/a35a67aa-2832-415e-f7be-3b051444e665","https://n2t.net/ark:/28722/k26110t0z","Murlo","https://opencontext.org/projects/df043419-f23b-41da-7e4d-ee52af22f92f","Europe","Italy","Poggio Civitate","Tesoro","Tesoro 37C","https://opencontext.org/subjects/64ff21b9-bc86-4926-7372-beadab29363c","43.15275616246831","11.401350731064493","-700","-535","Excavation Unit","https://opencontext.org/static/oc/icons-v2/oc-context-icon.svg","https://artiraq.org/static/opencontext/poggio-civitate/to-2017/thumbs/T-37AKP-7-16d.jpg","2012-12-28T00:00:00Z","2025-04-05T15:49:33Z"
"2004, ID:540","http://opencontext.org/subjects/b229a46d-ed3d-41a0-d64f-2e5855703e0b","https://n2t.net/ark:/28722/k2st7jz1b","Murlo","https://opencontext.org/projects/df043419-f23b-41da-7e4d-ee52af22f92f","Europe","Italy","Poggio Civitate","Tesoro","Tesoro 37B","https://opencontext.org/subjects/147daa7a-73c8-47aa-a955-b50c95c0df3f","43.15272922701437","11.40134802804914","-700","-535","Excavation Unit","https://opencontext.org/static/oc/icons-v2/oc-context-icon.svg","https://artiraq.org/static/opencontext/poggio-civitate/to-2017/thumbs/T-37SEI-7-16a.jpg","2012-12-28T00:00:00Z","2025-04-05T15:49:33Z"
"2014, ID:684","http://opencontext.org/subjects/753ff890-7e5c-4854-93e8-0c1d40e1683a","https://n2t.net/ark:/28722/k24f23f24","Murlo","https://opencontext.org/projects/df043419-f23b-41da-7e4d-ee52af22f92f","Europe","Italy","Poggio Civitate","Tesoro","Tesoro 67","https://opencontext.org/subjects/49fe8658-6b5b-4b56-8919-9785c50f0b14","43.15276966261598","11.40187789855808","-700","-535","Excavation Unit","https://opencontext.org/static/oc/icons-v2/oc-context-icon.svg","","2017-10-04T02:36:45Z","2025-04-05T15:49:53Z"
"2016, ID:717","http://opencontext.org/subjects/4b503ad5-d1fd-486b-89d0-2b5c0d37e5ff","https://n2t.net/ark:/28722/k2w382r7t","Murlo","https://opencontext.org/projects/df043419-f23b-41da-7e4d-ee52af22f92f","Europe","Italy","Poggio Civitate","Civitate B","Civitate B62","https://opencontext.org/subjects/bde155b8-e76d-49e3-a2cd-d39357e33686","43.15266261439294","11.400225594486828","-700","-535","Excavation Unit","https://opencontext.org/static/oc/icons-v2/oc-context-icon.svg","","2017-10-04T02:36:52Z","2025-04-05T15:49:57Z"
"T90 2018","http://opencontext.org/subjects/274f4504-7f3e-491a-a1c7-48408a3a0965","https://n2t.net/ark:/28722/k2tt4xq0f","Murlo","https://opencontext.org/projects/df043419-f23b-41da-7e4d-ee52af22f92f","Europe","Italy","Poggio Civitate","Tesoro","Tesoro 90","https://opencontext.org/subjects/b0bbb164-94f9-4cc9-af2d-b684d140f4a4","43.15287480094192","11.400877391066961","-700","-535","Excavation Unit","https://opencontext.org/static/oc/icons-v2/oc-context-icon.svg","","2019-07-28T15:42:07Z","2025-06-30T15:24:44Z"
"2008, ID:602","http://opencontext.org/subjects/03c2f519-5258-4880-c762-42673862ad9e","https://n2t.net/ark:/28722/k2tm7623r","Murlo","https://opencontext.org/projects/df043419-f23b-41da-7e4d-ee52af22f92f","Europe","Italy","Poggio Civitate","Tesoro South Flank","Tesoro South Flank 4","https://opencontext.org/subjects/289943be-1754-4aef-00d8-c27e63863785","43.152936473014435","11.401270211575724","-700","-535","Excavation Unit","https://opencontext.org/static/oc/icons-v2/oc-context-icon.svg","","2012-12-28T00:00:00Z","2025-04-05T15:49:41Z"
"2007, ID:589","http://opencontext.org/subjects/5e429fd0-c205-4eb7-7e05-32d4b588e5e1","https://n2t.net/ark:/28722/k2r20wx5d","Murlo","https://opencontext.org/projects/df043419-f23b-41da-7e4d-ee52af22f92f","Europe","Italy","Poggio Civitate","Civitate A","Civitate A 55","https://opencontext.org/subjects/1fcf8015-958f-4dce-9059-b8987f244788","43.15337238967543","11.399638301981932","-700","-535","Excavation Unit","https://opencontext.org/static/oc/icons-v2/oc-context-icon.svg","https://artiraq.org/static/opencontext/poggio-civitate/to-2017/thumbs/CA55-20070802-Closing-Photographs--From-South-Facing-North.jpg","2012-12-28T00:00:00Z","2025-04-05T15:49:39Z"
"2005, ID:562","http://opencontext.org/subjects/d1359970-4965-4819-dc03-61a7a7e4a850","https://n2t.net/ark:/28722/k2q52kd8w","Murlo","https://opencontext.org/projects/df043419-f23b-41da-7e4d-ee52af22f92f","Europe","Italy","Poggio Civitate","Tesoro","Tesoro 30H","https://opencontext.org/subjects/5b023d76-90ea-407a-75d2-eecfc4cb55dc","43.15274963069324","11.401812403451974","-700","-535","Excavation Unit","https://opencontext.org/static/oc/icons-v2/oc-context-icon.svg","","2012-12-28T00:00:00Z","2025-04-05T15:49:36Z"
"2004, ID:547","http://opencontext.org/subjects/2d8bb7cf-18f6-464b-213a-ada01818c70d","https://n2t.net/ark:/28722/k2br8rh62","Murlo","https://opencontext.org/projects/df043419-f23b-41da-7e4d-ee52af22f92f","Europe","Italy","Poggio Civitate","Tesoro","Tesoro 30E","https://opencontext.org/subjects/74236a3b-96ea-4a4c-02d9-5aa8df68a420","43.15268653348387","11.401725928411063","-700","-535","Excavation Unit","https://opencontext.org/static/oc/icons-v2/oc-context-icon.svg","https://artiraq.org/static/opencontext/poggio-civitate/to-2017/thumbs/T-30EAJ-7-16b.jpg","2012-12-28T00:00:00Z","2025-04-05T15:49:34Z"
"2015, ID:691","http://opencontext.org/subjects/5ccfc2a2-4139-41fd-9961-fdc03420e0bf","https://n2t.net/ark:/28722/k21n8dh82","Murlo","https://opencontext.org/projects/df043419-f23b-41da-7e4d-ee52af22f92f","Europe","Italy","Poggio Civitate","Tesoro","Tesoro 74","https://opencontext.org/subjects/cc4ae818-7cfd-4d1b-b2b4-1513060c8b4b","43.152884902353044","11.400770837186641","-700","-535","Excavation Unit","https://opencontext.org/static/oc/icons-v2/oc-context-icon.svg","","2017-10-04T02:36:47Z","2025-04-05T15:49:54Z"
"2001, ID:462","http://opencontext.org/subjects/658b0f2f-0b65-4013-75e5-0056683d0ac8","https://n2t.net/ark:/28722/k2v983s7f","Murlo","https://opencontext.org/projects/df043419-f23b-41da-7e4d-ee52af22f92f","Europe","Italy","Poggio Civitate","Civitate B","Civitate B 32","https://opencontext.org/subjects/18e8536c-adac-44d3-8fce-87f7af56ec59","43.15305427978085","11.398675749614924","-700","-535","Excavation Unit","https://opencontext.org/static/oc/icons-v2/oc-context-icon.svg","https://artiraq.org/static/opencontext/poggio-civitate/thumbs/trenchbookimages/uncropped/MAWingfieldI_51,52.JPG","2012-12-28T00:00:00Z","2025-04-05T15:49:26Z"
"2012, ID:655","http://opencontext.org/subjects/f9d2cc31-9892-49d5-a0f8-4e6fb084833e","https://n2t.net/ark:/28722/k2hm5jf95","Murlo","https://opencontext.org/projects/df043419-f23b-41da-7e4d-ee52af22f92f","Europe","Italy","Poggio Civitate","Civitate A","Civitate A72","https://opencontext.org/subjects/885a8564-1ea4-4ecb-9ac7-e77d073f85fb","43.15294887438522","11.400359136094089","-700","-535","Excavation Unit","https://opencontext.org/static/oc/icons-v2/oc-context-icon.svg","","2017-10-04T02:36:38Z","2025-04-05T15:49:48Z"
"T90 2017","http://opencontext.org/subjects/6f59d5c0-fa4f-4adc-a98b-6dca8ccb8d8e","https://n2t.net/ark:/28722/k2q52x887","Murlo","https://opencontext.org/projects/df043419-f23b-41da-7e4d-ee52af22f92f","Europe","Italy","Poggio Civitate","Tesoro","Tesoro 90","https://opencontext.org/subjects/b0bbb164-94f9-4cc9-af2d-b684d140f4a4","43.15286276271034","11.400874456278068","-700","-535","Excavation Unit","https://opencontext.org/static/oc/icons-v2/oc-context-icon.svg","https://artiraq.org/static/opencontext/poggio-civitate/2017-media/thumbs/tb-T90-2017-07-26-p-141-150-img-1.jpg","2017-10-04T02:34:02Z","2025-04-05T15:48:18Z"
"T94 2019","http://opencontext.org/subjects/3179525d-9457-493c-8671-f6aae250413f","https://n2t.net/ark:/28722/k2gm8hk01","Murlo","https://opencontext.org/projects/df043419-f23b-41da-7e4d-ee52af22f92f","Europe","Italy","Poggio Civitate","Tesoro","Tesoro 94","https://opencontext.org/subjects/a004d9d3-e8be-42e3-9a62-5cb052d9af75","43.152609876758","11.402819672617","-700","-535","Excavation Unit","https://opencontext.org/static/oc/icons-v2/oc-context-icon.svg","","2019-09-13T16:42:47Z","2025-04-05T15:48:19Z"
"2013, ID:662","http://opencontext.org/subjects/e7100971-7904-4848-9215-47d12309f089","https://n2t.net/ark:/28722/k2dv1vj6r","Murlo","https://opencontext.org/projects/df043419-f23b-41da-7e4d-ee52af22f92f","Europe","Italy","Poggio Civitate","Civitate A","Civitate A77","https://opencontext.org/subjects/cdab74c0-f09b-4428-95b1-eb5bee011699","43.1529013677969","11.400403677433388","-700","-535","Excavation Unit","https://opencontext.org/static/oc/icons-v2/oc-context-icon.svg","","2017-10-04T02:36:40Z","2025-04-05T15:49:49Z"
"1973, ID:266","http://opencontext.org/subjects/f10f2e4c-3088-403d-0e2b-470b1fa0b694","https://n2t.net/ark:/28722/k21r6s21p","Murlo","https://opencontext.org/projects/df043419-f23b-41da-7e4d-ee52af22f92f","Europe","Italy","Poggio Civitate","Agger","Agger 10","https://opencontext.org/subjects/acdbcd31-9d7e-491c-5d0a-7315724f39a8","43.15281791687","11.401928329468","-700","-535","Excavation Unit","https://opencontext.org/static/oc/icons-v2/oc-context-icon.svg","https://artiraq.org/static/opencontext/poggio-civitate/thumbs/trenchbookimages/uncropped/JNeilsIV_190,191.JPG","2012-12-28T00:00:00Z","2025-04-05T15:48:56Z"
"2008, ID:601","http://opencontext.org/subjects/67b642b7-c0ac-4ed7-fd60-4dc7e54861c5","https://n2t.net/ark:/28722/k2ff3r138","Murlo","https://opencontext.org/projects/df043419-f23b-41da-7e4d-ee52af22f92f","Europe","Italy","Poggio Civitate","Tesoro South Flank","Tesoro South Flank 3","https://opencontext.org/subjects/b294f419-7a33-4898-4d4c-b2ed85538e8f","43.15294379065029","11.401217521286112","-700","-535","Excavation Unit","https://opencontext.org/static/oc/icons-v2/oc-context-icon.svg","","2012-12-28T00:00:00Z","2025-04-05T15:49:41Z"
"2016, ID:724","http://opencontext.org/subjects/f7b150a8-7650-4d2b-a9b3-91168537a75d","https://n2t.net/ark:/28722/k2nk3p215","Murlo","https://opencontext.org/projects/df043419-f23b-41da-7e4d-ee52af22f92f","Europe","Italy","Poggio Civitate","Tesoro","Tesoro 87","https://opencontext.org/subjects/5388f4d2-5bf0-4fd5-88e1-cdf6f9b2849f","43.152857915809705","11.400456846870219","-700","-535","Excavation Unit","https://opencontext.org/static/oc/icons-v2/oc-context-icon.svg","","2017-10-04T02:36:54Z","2025-04-05T15:49:58Z"
"2009, ID:613","http://opencontext.org/subjects/3a6c5062-5c6a-4886-87cd-dd15b4636809","https://n2t.net/ark:/28722/k2jm27h43","Murlo","https://opencontext.org/projects/df043419-f23b-41da-7e4d-ee52af22f92f","Europe","Italy","Poggio Civitate","Tesoro","Tesoro 53","https://opencontext.org/subjects/d334f551-7790-47da-19cb-75bec8f015bb","43.15271811875351","11.401715539338287","-700","-535","Excavation Unit","https://opencontext.org/static/oc/icons-v2/oc-context-icon.svg","https://artiraq.org/static/opencontext/poggio-civitate/to-2017/thumbs/T53-20090730-Closing-Photograph-From-North-Facing-South.jpg","2012-12-28T00:00:00Z","2025-04-05T15:49:43Z"
"T90 2022","http://opencontext.org/subjects/2d80b5ca-e4b7-49df-80a7-418e8630d272","","Murlo","https://opencontext.org/projects/df043419-f23b-41da-7e4d-ee52af22f92f","Europe","Italy","Poggio Civitate","Tesoro","Tesoro 90","https://opencontext.org/subjects/b0bbb164-94f9-4cc9-af2d-b684d140f4a4","43.15287480094192","11.400877391066961","-700","-535","Excavation Unit","https://opencontext.org/static/oc/icons-v2/oc-context-icon.svg","","2012-07-06T00:00:00Z","2025-06-30T15:24:57Z"
"1991, ID:208","http://opencontext.org/subjects/a0e5edd4-7388-450b-df1c-68203ede247a","https://n2t.net/ark:/28722/k2ff3r14r","Murlo","https://opencontext.org/projects/df043419-f23b-41da-7e4d-ee52af22f92f","Europe","Italy","Poggio Civitate","Civitate A","Civitate A 39","https://opencontext.org/subjects/57c6798c-82e8-44e8-f416-ac3908378c56","43.15357660667643","11.399589104899999","-700","-535","Excavation Unit","https://opencontext.org/static/oc/icons-v2/oc-context-icon.svg","https://artiraq.org/static/opencontext/poggio-civitate/thumbs/trenchbookimages/uncropped/NMeyerIV_80,81.JPG","2012-12-28T00:00:00Z","2025-04-05T15:49:14Z"
"2013, ID:661","http://opencontext.org/subjects/4acaaff3-cab7-4391-940b-6f6cb9946186","https://n2t.net/ark:/28722/k29314r3s","Murlo","https://opencontext.org/projects/df043419-f23b-41da-7e4d-ee52af22f92f","Europe","Italy","Poggio Civitate","Civitate A","Civitate A76","https://opencontext.org/subjects/b61d2814-be49-455d-afd8-6aa57ba1fd58","43.15292348832082","11.400412063947691","-700","-535","Excavation Unit","https://opencontext.org/static/oc/icons-v2/oc-context-icon.svg","","2017-10-04T02:36:40Z","2025-04-05T15:49:49Z"
"1995, ID:202","http://opencontext.org/subjects/81d5cae8-dba8-4145-e95b-d92a2a9c2c01","https://n2t.net/ark:/28722/k2n013v29","Murlo","https://opencontext.org/projects/df043419-f23b-41da-7e4d-ee52af22f92f","Europe","Italy","Poggio Civitate","Civitate A","Civitate A 33","https://opencontext.org/subjects/905a30a8-a71d-44df-3181-437816b64864","43.15378525338087","11.399178188774075","-700","-535","Excavation Unit","https://opencontext.org/static/oc/icons-v2/oc-context-icon.svg","https://artiraq.org/static/opencontext/poggio-civitate/thumbs/trenchbookimages/uncropped/ERisserI_54,55.JPG","2012-12-28T00:00:00Z","2025-04-05T15:49:18Z"
"2015, ID:698","http://opencontext.org/subjects/45760b29-e1ac-4a1e-9c11-71d071edea48","https://n2t.net/ark:/28722/k2xw4qs3x","Murlo","https://opencontext.org/projects/df043419-f23b-41da-7e4d-ee52af22f92f","Europe","Italy","Poggio Civitate","Tesoro","Tesoro 77","https://opencontext.org/subjects/b6a52b77-0372-48a9-9b8a-edf47c271398","43.15290896490865","11.400815496786931","-700","-535","Excavation Unit","https://opencontext.org/static/oc/icons-v2/oc-context-icon.svg","","2017-10-04T02:36:49Z","2025-04-05T15:49:55Z"
"2009, ID:615","http://opencontext.org/subjects/da41f536-ad71-413e-048c-c572046069b4","https://n2t.net/ark:/28722/k22j6d55n","Murlo","https://opencontext.org/projects/df043419-f23b-41da-7e4d-ee52af22f92f","Europe","Italy","Poggio Civitate","Tesoro","Tesoro 55","https://opencontext.org/subjects/f518ee76-5d1a-4603-0777-3ebbbb95ebd5","43.15289378097002","11.401309074501746","-700","-535","Excavation Unit","https://opencontext.org/static/oc/icons-v2/oc-context-icon.svg","https://artiraq.org/static/opencontext/poggio-civitate/to-2017/thumbs/T55-20090730-Closing-Photographs-From-South-Facing-North.jpg","2012-12-28T00:00:00Z","2025-04-05T15:49:43Z"
"T104 2024","http://opencontext.org/subjects/d5c94984-2425-455d-b5f5-3523b1b16056","","Murlo","https://opencontext.org/projects/df043419-f23b-41da-7e4d-ee52af22f92f","Europe","Italy","Poggio Civitate","Tesoro","Tesoro 104","https://opencontext.org/subjects/0ba5bd47-d86f-43eb-882a-909a5f5e9e2a","43.15271358220143","11.401917911297616","-700","-535","Excavation Unit","https://opencontext.org/static/oc/icons-v2/oc-context-icon.svg","https://storage.googleapis.com/opencontext-media/poggio-civitate/2024-media/thumbs/trench-book-harris-matrix-t104-2024-15-8-45.jpg","2012-07-06T00:00:00Z","2025-04-05T15:48:21Z"
"2000, ID:416","http://opencontext.org/subjects/3e90bc2c-c826-4a12-6382-131b825bfa27","https://n2t.net/ark:/28722/k22b90c9c","Murlo","https://opencontext.org/projects/df043419-f23b-41da-7e4d-ee52af22f92f","Europe","Italy","Poggio Civitate","Civitate A","Civitate A 47","https://opencontext.org/subjects/ad86b33e-7d45-4072-55ec-1a7395165e11","43.15340375316033","11.399190423620368","-700","-535","Excavation Unit","https://opencontext.org/static/oc/icons-v2/oc-context-icon.svg","https://artiraq.org/static/opencontext/poggio-civitate/thumbs/trenchbookimages/uncropped/KHostetlerI_64,65.JPG","2012-12-28T00:00:00Z","2025-04-05T15:49:24Z"
"2013, ID:671","http://opencontext.org/subjects/4ba347eb-5401-407a-a65b-7206754259ad","https://n2t.net/ark:/28722/k2fr0624j","Murlo","https://opencontext.org/projects/df043419-f23b-41da-7e4d-ee52af22f92f","Europe","Italy","Poggio Civitate","Civitate A","Civitate A83","https://opencontext.org/subjects/283ba274-c896-47d7-a130-65e126faca41","43.15294340303382","11.400264063148127","-700","-535","Excavation Unit","https://opencontext.org/static/oc/icons-v2/oc-context-icon.svg","","2017-10-04T02:36:42Z","2025-04-05T15:49:51Z"
"T26 2022","http://opencontext.org/subjects/a04fd5e6-cbbc-4b24-a3b5-389542862ae8","","Murlo","https://opencontext.org/projects/df043419-f23b-41da-7e4d-ee52af22f92f","Europe","Italy","Poggio Civitate","Tesoro","Tesoro 26","https://opencontext.org/subjects/85992e07-7da1-4af7-f0b8-2209cbe4f57f","43.15260024158623","11.40169873938467","-700","-535","Excavation Unit","https://opencontext.org/static/oc/icons-v2/oc-context-icon.svg","","2012-07-06T00:00:00Z","2025-04-05T15:48:17Z"
"2015, ID:701","http://opencontext.org/subjects/991fd662-e8c0-4dfd-9b1f-d7233429ca3a","https://n2t.net/ark:/28722/k2b56w179","Murlo","https://opencontext.org/projects/df043419-f23b-41da-7e4d-ee52af22f92f","Europe","Italy","Poggio Civitate","Tesoro","Tesoro 78","https://opencontext.org/subjects/20ce9ce4-4687-4958-8e71-656d896f2189","43.15289987332997","11.400887968064737","-700","-535","Excavation Unit","https://opencontext.org/static/oc/icons-v2/oc-context-icon.svg","","2017-10-04T02:36:49Z","2025-04-05T15:49:55Z"
"T112 2025","http://opencontext.org/subjects/9a40123a-1522-4856-b1d0-d04088f63056","","Murlo","https://opencontext.org/projects/df043419-f23b-41da-7e4d-ee52af22f92f","Europe","Italy","Poggio Civitate","Tesoro","Tesoro 112","https://opencontext.org/subjects/1b8201ae-a330-4536-a434-98325ad7e1ce","43.152609876758","11.402819672617","-700","-535","Excavation Unit","https://opencontext.org/static/oc/icons-v2/oc-context-icon.svg","","2012-07-06T00:00:00Z","2025-09-29T21:47:01Z"
"2009, ID:611","http://opencontext.org/subjects/5b5550ec-78d2-4766-2e71-d54e3a4aac6a","https://n2t.net/ark:/28722/k21j9c89b","Murlo","https://opencontext.org/projects/df043419-f23b-41da-7e4d-ee52af22f92f","Europe","Italy","Poggio Civitate","Tesoro","Tesoro 51","https://opencontext.org/subjects/7e4c05f1-6d57-4327-dd65-2dc3f7e101ec","43.15276574447791","11.40174713765792","-700","-535","Excavation Unit","https://opencontext.org/static/oc/icons-v2/oc-context-icon.svg","","2012-12-28T00:00:00Z","2025-04-05T15:49:42Z"
"1989, ID:232","http://opencontext.org/subjects/125b3116-4f36-4d92-30e0-29513ef47a0c","https://n2t.net/ark:/28722/k2pk0c30k","Murlo","https://opencontext.org/projects/df043419-f23b-41da-7e4d-ee52af22f92f","Europe","Italy","Poggio Civitate","Civitate B","Civitate B 23","https://opencontext.org/subjects/26d35832-33a1-4c07-b481-cc6ffdd535b6","43.152317255282","11.399201496398","-700","-535","Excavation Unit","https://opencontext.org/static/oc/icons-v2/oc-context-icon.svg","https://artiraq.org/static/opencontext/poggio-civitate/thumbs/trenchbookimages/JBerkinI/JBerkinI_10,11.jpg","2012-12-28T00:00:00Z","2025-04-05T15:49:11Z"
"2016, ID:710","http://opencontext.org/subjects/511415d9-622c-4958-9445-44d509dacd04","https://n2t.net/ark:/28722/k27d36448","Murlo","https://opencontext.org/projects/df043419-f23b-41da-7e4d-ee52af22f92f","Europe","Italy","Poggio Civitate","Tesoro","Tesoro 83","https://opencontext.org/subjects/f671c15a-8b90-4883-98eb-945e1a96ca8f","43.15284892484304","11.400583341701815","-700","-535","Excavation Unit","https://opencontext.org/static/oc/icons-v2/oc-context-icon.svg","","2017-10-04T02:36:51Z","2025-04-05T15:49:56Z"
"1966, ID:511","http://opencontext.org/subjects/0d1a1a44-8946-495c-716f-c6e937a545c8","https://n2t.net/ark:/28722/k2gh9gb0t","Murlo","https://opencontext.org/projects/df043419-f23b-41da-7e4d-ee52af22f92f","Europe","Italy","Poggio Civitate","Civitate A","Civitate A 2D","https://opencontext.org/subjects/7b2d173c-9f8d-4865-bb42-f81d1fbf77f1","43.153556055504","11.40012431958","-700","-535","Excavation Unit","https://opencontext.org/static/oc/icons-v2/oc-context-icon.svg","https://artiraq.org/static/opencontext/poggio-civitate/thumbs/trenchbookimages/uncropped/TGantzI_72,73.JPG","2012-12-28T00:00:00Z","2025-04-05T15:48:28Z"
"2009, ID:610","http://opencontext.org/subjects/e2e20765-3196-4443-e62c-8c7799708399","https://n2t.net/ark:/28722/k2s46n73v","Murlo","https://opencontext.org/projects/df043419-f23b-41da-7e4d-ee52af22f92f","Europe","Italy","Poggio Civitate","Tesoro","Tesoro 50","https://opencontext.org/subjects/cfe3a95e-0749-46f3-ffa5-17fec5c76fc1","43.15269624713185","11.401763890306642","-700","-535","Excavation Unit","https://opencontext.org/static/oc/icons-v2/oc-context-icon.svg","","2012-12-28T00:00:00Z","2025-04-05T15:49:42Z"
"2010, ID:623","http://opencontext.org/subjects/3d84308c-a4d6-4f47-263f-243596729d25","https://n2t.net/ark:/28722/k2f76b81j","Murlo","https://opencontext.org/projects/df043419-f23b-41da-7e4d-ee52af22f92f","Europe","Italy","Poggio Civitate","Civitate B","Civitate B 35","https://opencontext.org/subjects/fb0868ce-2f79-41a8-6b21-45a91f602131","43.15237045395237","11.398846276817672","-700","-535","Excavation Unit","https://opencontext.org/static/oc/icons-v2/oc-context-icon.svg","","2012-12-28T00:00:00Z","2025-04-05T15:49:44Z"
"2008, ID:605","http://opencontext.org/subjects/751b3f35-088b-46b2-71e7-a555d058491d","https://n2t.net/ark:/28722/k2348mh3k","Murlo","https://opencontext.org/projects/df043419-f23b-41da-7e4d-ee52af22f92f","Europe","Italy","Poggio Civitate","Tesoro South Flank","Tesoro South Flank 5","https://opencontext.org/subjects/afb513be-794a-442b-c4f2-5c40810abd12","43.15292788763865","11.40133759753843","-700","-535","Excavation Unit","https://opencontext.org/static/oc/icons-v2/oc-context-icon.svg","","2012-12-28T00:00:00Z","2025-04-05T15:49:41Z"
"2004, ID:544","http://opencontext.org/subjects/00f368ce-aff2-43ca-489a-84a0ec2dff8c","https://n2t.net/ark:/28722/k2tq5wf94","Murlo","https://opencontext.org/projects/df043419-f23b-41da-7e4d-ee52af22f92f","Europe","Italy","Poggio Civitate","Tesoro","Tesoro 41A","https://opencontext.org/subjects/b9010511-52bf-4b5f-ecc8-acbfe4f25187","43.152682941567384","11.40230193216608","-700","-535","Excavation Unit","https://opencontext.org/static/oc/icons-v2/oc-context-icon.svg","https://artiraq.org/static/opencontext/poggio-civitate/to-2017/thumbs/T-41JPB-7-16Backfilleda.jpg","2012-12-28T00:00:00Z","2025-04-05T15:49:33Z"
"2016, ID:709","http://opencontext.org/subjects/2d29ce46-1637-4f2e-9841-264d6eb14f9e","https://n2t.net/ark:/28722/k23n2g972","Murlo","https://opencontext.org/projects/df043419-f23b-41da-7e4d-ee52af22f92f","Europe","Italy","Poggio Civitate","Tesoro","Tesoro 82","https://opencontext.org/subjects/846c00b2-0f92-4ac0-9ac6-52950ba31a39","43.1529182665687","11.400510165791102","-700","-535","Excavation Unit","https://opencontext.org/static/oc/icons-v2/oc-context-icon.svg","","2017-10-04T02:36:51Z","2025-04-05T15:49:56Z"
"2013, ID:668","http://opencontext.org/subjects/23e7aafa-37d8-4e72-b92e-5e94fedfd207","https://n2t.net/ark:/28722/k22j6r16g","Murlo","https://opencontext.org/projects/df043419-f23b-41da-7e4d-ee52af22f92f","Europe","Italy","Poggio Civitate","Civitate A","Civitate A80","https://opencontext.org/subjects/9fa6799e-1c0c-4c66-91f2-cf1b3644f4b3","43.15299501117869","11.400234313126923","-700","-535","Excavation Unit","https://opencontext.org/static/oc/icons-v2/oc-context-icon.svg","","2017-10-04T02:36:41Z","2025-04-05T15:49:50Z"
"2012, ID:654","http://opencontext.org/subjects/cd3e05e0-cd2d-42f4-936b-4399af5c66d2","https://n2t.net/ark:/28722/k2cv4tn70","Murlo","https://opencontext.org/projects/df043419-f23b-41da-7e4d-ee52af22f92f","Europe","Italy","Poggio Civitate","Civitate B","Civitate B58","https://opencontext.org/subjects/634e63a2-5d63-41c4-a424-59cd43859071","43.15280480060206","11.400098091042155","-700","-535","Excavation Unit","https://opencontext.org/static/oc/icons-v2/oc-context-icon.svg","","2017-10-04T02:36:38Z","2025-04-05T15:49:48Z"
"1972, ID:299","http://opencontext.org/subjects/d0825b7b-9b4f-49f4-a455-88d951c8fade","https://n2t.net/ark:/28722/k27p8zf3k","Murlo","https://opencontext.org/projects/df043419-f23b-41da-7e4d-ee52af22f92f","Europe","Italy","Poggio Civitate","Tesoro Rectangle","Tesoro Rectangle 18","https://opencontext.org/subjects/90bf461a-1154-4948-b2d8-285bd68caf43","43.15287884029169","11.401804580029928","-700","-535","Excavation Unit","https://opencontext.org/static/oc/icons-v2/oc-context-icon.svg","https://artiraq.org/static/opencontext/poggio-civitate/thumbs/trenchbookimages/uncropped/GWardenI_58,59.JPG","2012-12-28T00:00:00Z","2025-04-05T15:48:55Z"
"2010, ID:620","http://opencontext.org/subjects/60f9b8c2-7279-4bf5-9bd1-a0a1c3747017","https://n2t.net/ark:/28722/k29z94c9d","Murlo","https://opencontext.org/projects/df043419-f23b-41da-7e4d-ee52af22f92f","Europe","Italy","Poggio Civitate","Civitate A","Civitate A 64","https://opencontext.org/subjects/93033f15-2a78-4231-da39-d1d948314691","43.15341844343195","11.39962669121204","-700","-535","Excavation Unit","https://opencontext.org/static/oc/icons-v2/oc-context-icon.svg","","2012-12-28T00:00:00Z","2025-04-05T15:49:44Z"
"T104 2025","http://opencontext.org/subjects/b4282935-bb77-4b2f-8369-8e7e123c80e2","","Murlo","https://opencontext.org/projects/df043419-f23b-41da-7e4d-ee52af22f92f","Europe","Italy","Poggio Civitate","Tesoro","Tesoro 104","https://opencontext.org/subjects/0ba5bd47-d86f-43eb-882a-909a5f5e9e2a","43.152609876758","11.402819672617","-700","-535","Excavation Unit","https://opencontext.org/static/oc/icons-v2/oc-context-icon.svg","","2012-07-06T00:00:00Z","2025-09-29T20:58:55Z"
"2005, ID:550","http://opencontext.org/subjects/234f8218-4d67-4887-659e-d14785bc0a20","https://n2t.net/ark:/28722/k20g3n02d","Murlo","https://opencontext.org/projects/df043419-f23b-41da-7e4d-ee52af22f92f","Europe","Italy","Poggio Civitate","Tesoro","Tesoro 30F","https://opencontext.org/subjects/e9c39006-bba8-4694-cc0d-e716ef5c40d2","43.15273330586257","11.401779939116977","-700","-535","Excavation Unit","https://opencontext.org/static/oc/icons-v2/oc-context-icon.svg","","2012-12-28T00:00:00Z","2025-04-05T15:49:34Z"
"T100 2022","http://opencontext.org/subjects/47b9743b-1ed5-4810-a2f8-1575ba1eb06b","","Murlo","https://opencontext.org/projects/df043419-f23b-41da-7e4d-ee52af22f92f","Europe","Italy","Poggio Civitate","Tesoro","Tesoro 100","https://opencontext.org/subjects/9617cd01-b6c5-4fa4-b099-750a7addb1e6","43.152609876758","11.402819672617","-700","-535","Excavation Unit","https://opencontext.org/static/oc/icons-v2/oc-context-icon.svg","","2012-07-06T00:00:00Z","2025-04-05T15:48:20Z"
"T91 2018","http://opencontext.org/subjects/432c8c53-db7f-4564-a116-0851b9456acc","https://n2t.net/ark:/28722/k23b6c49z","Murlo","https://opencontext.org/projects/df043419-f23b-41da-7e4d-ee52af22f92f","Europe","Italy","Poggio Civitate","Tesoro","Tesoro 91","https://opencontext.org/subjects/5e6d4e72-6c97-4e57-aa97-7175c77799c6","43.152609876758","11.402819672617","-700","-535","Excavation Unit","https://opencontext.org/static/oc/icons-v2/oc-context-icon.svg","","2019-07-28T15:42:08Z","2025-04-05T15:48:19Z"
"T95 2019","http://opencontext.org/subjects/c85a5188-19e6-4b7a-a5f2-e3ba33f24b90","https://n2t.net/ark:/28722/k2mc97c45","Murlo","https://opencontext.org/projects/df043419-f23b-41da-7e4d-ee52af22f92f","Europe","Italy","Poggio Civitate","Tesoro","Tesoro 95","https://opencontext.org/subjects/2fa2857e-a728-4f40-bedd-27532e9608b8","43.152609876758","11.402819672617","-700","-535","Excavation Unit","https://opencontext.org/static/oc/icons-v2/oc-context-icon.svg","","2019-09-13T16:43:39Z","2025-04-05T15:48:20Z"
"1989, ID:429","http://opencontext.org/subjects/88085f60-2240-4894-166d-11233971c5ca","https://n2t.net/ark:/28722/k2r789q6x","Murlo","https://opencontext.org/projects/df043419-f23b-41da-7e4d-ee52af22f92f","Europe","Italy","Poggio Civitate","Tesoro","Tesoro 26","https://opencontext.org/subjects/85992e07-7da1-4af7-f0b8-2209cbe4f57f","43.152646116220446","11.401668572589326","-700","-535","Excavation Unit","https://opencontext.org/static/oc/icons-v2/oc-context-icon.svg","https://artiraq.org/static/opencontext/poggio-civitate/thumbs/trenchbookimages/uncropped/DNewlandII_98,99.JPG","2012-12-28T00:00:00Z","2025-04-05T15:49:12Z"
"2016, ID:711","http://opencontext.org/subjects/6ec338a9-36a4-4643-9d16-e01fc33c585f","https://n2t.net/ark:/28722/k2c53wx74","Murlo","https://opencontext.org/projects/df043419-f23b-41da-7e4d-ee52af22f92f","Europe","Italy","Poggio Civitate","Tesoro","Tesoro 84","https://opencontext.org/subjects/a16ae4d7-22b9-4578-a547-555970c1e9ae","43.15298192926977","11.39999259145998","-700","-535","Excavation Unit","https://opencontext.org/static/oc/icons-v2/oc-context-icon.svg","","2017-10-04T02:36:51Z","2025-04-05T15:49:56Z"
"2013, ID:664","http://opencontext.org/subjects/2189b8ab-a4a5-490a-83dd-3b9c2e2385d2","https://n2t.net/ark:/28722/k2p84ks1x","Murlo","https://opencontext.org/projects/df043419-f23b-41da-7e4d-ee52af22f92f","Europe","Italy","Poggio Civitate","Civitate A","Civitate A79","https://opencontext.org/subjects/e2ea88c0-624b-4cf8-880e-88b1f289ef0c","43.15291701369443","11.400364152555845","-700","-535","Excavation Unit","https://opencontext.org/static/oc/icons-v2/oc-context-icon.svg","","2017-10-04T02:36:41Z","2025-04-05T15:49:50Z"
"2007, ID:591","http://opencontext.org/subjects/feb576a3-12de-4ae2-495d-87e662f23ff5","https://n2t.net/ark:/28722/k24b3260z","Murlo","https://opencontext.org/projects/df043419-f23b-41da-7e4d-ee52af22f92f","Europe","Italy","Poggio Civitate","Civitate A","Civitate A 57","https://opencontext.org/subjects/88b20d57-f929-4d0f-821c-02c841ab421e","43.15345278347154","11.399722843046273","-700","-535","Excavation Unit","https://opencontext.org/static/oc/icons-v2/oc-context-icon.svg","https://artiraq.org/static/opencontext/poggio-civitate/to-2017/thumbs/CA57-20070731-Closing-Photographs-From-North-Facing-South.jpg","2012-12-28T00:00:00Z","2025-04-05T15:49:40Z"
"2014, ID:685","http://opencontext.org/subjects/6ffcb588-d41e-4749-86db-351bcfba50c4","https://n2t.net/ark:/28722/k2862t76w","Murlo","https://opencontext.org/projects/df043419-f23b-41da-7e4d-ee52af22f92f","Europe","Italy","Poggio Civitate","Tesoro","Tesoro 68","https://opencontext.org/subjects/7f62babf-2557-4b67-9fa9-cfe6406a0700","43.15271012365392","11.40187624233156","-700","-535","Excavation Unit","https://opencontext.org/static/oc/icons-v2/oc-context-icon.svg","","2017-10-04T02:36:46Z","2025-04-05T15:49:53Z"
"2014, ID:678","http://opencontext.org/subjects/f675c9ad-e4b3-4125-937e-21d64ed8fd30","https://n2t.net/ark:/28722/k2bz6h490","Murlo","https://opencontext.org/projects/df043419-f23b-41da-7e4d-ee52af22f92f","Europe","Italy","Poggio Civitate","Tesoro","Tesoro 61","https://opencontext.org/subjects/1af2c10b-a25c-4808-92a3-b9b506fd52e7","43.152812160437485","11.400716126838915","-700","-535","Excavation Unit","https://opencontext.org/static/oc/icons-v2/oc-context-icon.svg","","2017-10-04T02:36:44Z","2025-04-05T15:49:52Z"
"2014, ID:680","http://opencontext.org/subjects/311c66b1-75d5-49c1-9593-481228048c07","https://n2t.net/ark:/28722/k2mg7xr92","Murlo","https://opencontext.org/projects/df043419-f23b-41da-7e4d-ee52af22f92f","Europe","Italy","Poggio Civitate","Tesoro","Tesoro 63","https://opencontext.org/subjects/a1a358d7-30fe-4e5b-a95b-0bd7e850d6f9","43.15277222805737","11.40077998980566","-700","-535","Excavation Unit","https://opencontext.org/static/oc/icons-v2/oc-context-icon.svg","","2017-10-04T02:36:45Z","2025-04-05T15:49:52Z"
"2002, ID:491","http://opencontext.org/subjects/2f24bd3f-2e57-4645-e593-7ba1db674321","https://n2t.net/ark:/28722/k2bg2nb90","Murlo","https://opencontext.org/projects/df043419-f23b-41da-7e4d-ee52af22f92f","Europe","Italy","Poggio Civitate","Tesoro","Tesoro 29","https://opencontext.org/subjects/ce136757-f9fd-416d-915a-e67cdd706eee","43.152485168324716","11.401693375814803","-700","-535","Excavation Unit","https://opencontext.org/static/oc/icons-v2/oc-context-icon.svg","","2012-12-28T00:00:00Z","2025-04-05T15:49:27Z"
"2012, ID:646","http://opencontext.org/subjects/00e9665a-780d-4390-cfbf-b48a970759cb","https://n2t.net/ark:/28722/k26t0mx5q","Murlo","https://opencontext.org/projects/df043419-f23b-41da-7e4d-ee52af22f92f","Europe","Italy","Poggio Civitate","Civitate B","Civitate B 52","https://opencontext.org/subjects/2981f9c8-1dfa-40d7-dde6-a35757e07446","43.152830271267284","11.400297911128705","-700","-535","Excavation Unit","https://opencontext.org/static/oc/icons-v2/oc-context-icon.svg","","2012-12-28T00:00:00Z","2025-04-05T15:49:47Z"
"2010, ID:621","http://opencontext.org/subjects/3c36cd47-17fe-4390-aa8b-0ba9af8c0a79","https://n2t.net/ark:/28722/k2668dk7j","Murlo","https://opencontext.org/projects/df043419-f23b-41da-7e4d-ee52af22f92f","Europe","Italy","Poggio Civitate","Civitate A","Civitate A 65","https://opencontext.org/subjects/beb23dac-df64-442a-e072-6f87930d7e6a","43.15334523782488","11.399696191409568","-700","-535","Excavation Unit","https://opencontext.org/static/oc/icons-v2/oc-context-icon.svg","","2012-12-28T00:00:00Z","2025-04-05T15:49:44Z"
"2002, ID:507","http://opencontext.org/subjects/67905cda-1882-4b23-f0d5-68c45fd0b862","https://n2t.net/ark:/28722/k2028tf1k","Murlo","https://opencontext.org/projects/df043419-f23b-41da-7e4d-ee52af22f92f","Europe","Italy","Poggio Civitate","Tesoro","Tesoro 28 South","https://opencontext.org/subjects/8c1ba1f2-b6e4-40e4-f75c-a6fb62e80d76","43.15241548444999","11.401900071633948","-700","-535","Excavation Unit","https://opencontext.org/static/oc/icons-v2/oc-context-icon.svg","","2012-12-28T00:00:00Z","2025-04-05T15:49:28Z"
"2001, ID:458","http://opencontext.org/subjects/9259d8f1-c05c-497f-07c4-e5803ba00709","https://n2t.net/ark:/28722/k2b857k0w","Murlo","https://opencontext.org/projects/df043419-f23b-41da-7e4d-ee52af22f92f","Europe","Italy","Poggio Civitate","Tesoro","Tesoro 28 North","https://opencontext.org/subjects/3127ab1f-149d-4156-2884-a198d8ba432f","43.15248492037415","11.401952252261582","-700","-535","Excavation Unit","https://opencontext.org/static/oc/icons-v2/oc-context-icon.svg","","2012-12-28T00:00:00Z","2025-04-05T15:49:26Z"
"2000, ID:412","http://opencontext.org/subjects/136a7cdf-13d8-4bad-4e71-01cb93c4056f","https://n2t.net/ark:/28722/k21c1zg8t","Murlo","https://opencontext.org/projects/df043419-f23b-41da-7e4d-ee52af22f92f","Europe","Italy","Poggio Civitate","Civitate A","Civitate A 43","https://opencontext.org/subjects/ea9ca8c3-08e6-4ce0-4dcb-def7ad223e66","43.15327364831267","11.399497909933068","-700","-535","Excavation Unit","https://opencontext.org/static/oc/icons-v2/oc-context-icon.svg","https://artiraq.org/static/opencontext/poggio-civitate/thumbs/trenchbookimages/uncropped/ACLeathermanI_17,17.JPG","2012-12-28T00:00:00Z","2025-04-05T15:49:23Z"
"2003, ID:509","http://opencontext.org/subjects/4bc62d10-69d8-49db-2ca9-7c3dfd74e0c8","https://n2t.net/ark:/28722/k2154jq44","Murlo","https://opencontext.org/projects/df043419-f23b-41da-7e4d-ee52af22f92f","Europe","Italy","Poggio Civitate","Tesoro","Tesoro 32","https://opencontext.org/subjects/7829a252-c564-48d7-e18c-792b35e49a45","43.15268310741585","11.401620790660521","-700","-535","Excavation Unit","https://opencontext.org/static/oc/icons-v2/oc-context-icon.svg","","2012-12-28T00:00:00Z","2025-04-05T15:49:30Z"
"T114 2025","http://opencontext.org/subjects/e9e24924-b40d-4237-b32b-a3d170c4f109","","Murlo","https://opencontext.org/projects/df043419-f23b-41da-7e4d-ee52af22f92f","Europe","Italy","Poggio Civitate","Tesoro","Tesoro 114","https://opencontext.org/subjects/aad358cf-26da-491a-b0a0-eaafe06d2883","43.152609876758","11.402819672617","-700","-535","Excavation Unit","https://opencontext.org/static/oc/icons-v2/oc-context-icon.svg","","2012-07-06T00:00:00Z","2025-09-29T21:47:04Z"
"T113 2025","http://opencontext.org/subjects/e8efcd1d-2082-412b-a810-e759abc7eeba","","Murlo","https://opencontext.org/projects/df043419-f23b-41da-7e4d-ee52af22f92f","Europe","Italy","Poggio Civitate","Tesoro","Tesoro 113","https://opencontext.org/subjects/c951564e-6b2f-416b-99ee-2cdeed859971","43.152609876758","11.402819672617","-700","-535","Excavation Unit","https://opencontext.org/static/oc/icons-v2/oc-context-icon.svg","","2012-07-06T00:00:00Z","2025-09-29T21:47:03Z"
"2011, ID:636","http://opencontext.org/subjects/d5464a7b-a7b0-4d11-368c-ecf47d1b9389","https://n2t.net/ark:/28722/k24x58h8z","Murlo","https://opencontext.org/projects/df043419-f23b-41da-7e4d-ee52af22f92f","Europe","Italy","Poggio Civitate","Civitate B","Civitate B 44","https://opencontext.org/subjects/05fc5685-c222-4c84-7f23-b954b8e6804e","43.152566196111415","11.399069351337397","-700","-535","Excavation Unit","https://opencontext.org/static/oc/icons-v2/oc-context-icon.svg","","2012-12-28T00:00:00Z","2025-04-05T15:49:46Z"
"2001, ID:460","http://opencontext.org/subjects/14be93ae-020d-42e2-24ad-604be3c60f89","https://n2t.net/ark:/28722/k2ks6p570","Murlo","https://opencontext.org/projects/df043419-f23b-41da-7e4d-ee52af22f92f","Europe","Italy","Poggio Civitate","Tesoro","Tesoro 28 South","https://opencontext.org/subjects/8c1ba1f2-b6e4-40e4-f75c-a6fb62e80d76","43.15239513349184","11.401943234143255","-700","-535","Excavation Unit","https://opencontext.org/static/oc/icons-v2/oc-context-icon.svg","","2012-12-28T00:00:00Z","2025-04-05T15:49:26Z"
"T93 2018","http://opencontext.org/subjects/d1d16a34-8941-40e5-a76e-b211a6eda05b","https://n2t.net/ark:/28722/k2bv7sr9q","Murlo","https://opencontext.org/projects/df043419-f23b-41da-7e4d-ee52af22f92f","Europe","Italy","Poggio Civitate","Tesoro","Tesoro 93","https://opencontext.org/subjects/42bbad7b-bcb1-4a16-97e7-9a0f284b941a","43.152609876758","11.402819672617","-700","-535","Excavation Unit","https://opencontext.org/static/oc/icons-v2/oc-context-icon.svg","","2019-07-28T15:42:16Z","2025-04-05T15:48:19Z"
"2005, ID:572","http://opencontext.org/subjects/98bc67d5-770b-4c37-3950-a33170eb3a4f","https://n2t.net/ark:/28722/k2cv4gs5p","Murlo","https://opencontext.org/projects/df043419-f23b-41da-7e4d-ee52af22f92f","Europe","Italy","Poggio Civitate","Civitate D","Civitate D 11C","https://opencontext.org/subjects/408c817d-4675-4f66-a71d-cfae813d80c3","43.152773708137815","11.402462079404412","-700","-535","Excavation Unit","https://opencontext.org/static/oc/icons-v2/oc-context-icon.svg","","2012-12-28T00:00:00Z","2025-04-05T15:49:37Z"
"2012, ID:656","http://opencontext.org/subjects/78ca532e-d943-482a-bb88-3fc43862bdda","https://n2t.net/ark:/28722/k2n87jw1p","Murlo","https://opencontext.org/projects/df043419-f23b-41da-7e4d-ee52af22f92f","Europe","Italy","Poggio Civitate","Civitate A","Civitate A73","https://opencontext.org/subjects/4232be59-69a8-409b-b39d-d9e5bbbf80cb","43.152970992727106","11.400367519439452","-700","-535","Excavation Unit","https://opencontext.org/static/oc/icons-v2/oc-context-icon.svg","","2017-10-04T02:36:38Z","2025-04-05T15:49:49Z"
"2016, ID:725","http://opencontext.org/subjects/1b6f73ed-6173-4f3f-938e-a5e5b3402fd4","https://n2t.net/ark:/28722/k2sb4cv3x","Murlo","https://opencontext.org/projects/df043419-f23b-41da-7e4d-ee52af22f92f","Europe","Italy","Poggio Civitate","Tesoro","Tesoro 88","https://opencontext.org/subjects/3b7b98fe-f0a2-4525-91cc-fbce7274745d","43.15288651497146","11.40085218577233","-700","-535","Excavation Unit","https://opencontext.org/static/oc/icons-v2/oc-context-icon.svg","","2017-10-04T02:36:54Z","2025-04-05T15:49:58Z"
"2009, ID:606","http://opencontext.org/subjects/3f1e1f75-3a5e-4105-1dd2-94c776de493f","https://n2t.net/ark:/28722/k29023h1m","Murlo","https://opencontext.org/projects/df043419-f23b-41da-7e4d-ee52af22f92f","Europe","Italy","Poggio Civitate","Civitate A","Civitate A 61","https://opencontext.org/subjects/7a144480-8e01-47cb-33f1-4ee42500e0f3","43.15334776553624","11.399648674153399","-700","-535","Excavation Unit","https://opencontext.org/static/oc/icons-v2/oc-context-icon.svg","https://artiraq.org/static/opencontext/poggio-civitate/to-2017/thumbs/CA61-20090721-Closing-Photos-From-North-Facing-South.jpg","2012-12-28T00:00:00Z","2025-04-05T15:49:42Z"
"2011, ID:634","http://opencontext.org/subjects/855f361e-68d8-4bbe-5895-b351f48e8233","https://n2t.net/ark:/28722/k2mw2dg05","Murlo","https://opencontext.org/projects/df043419-f23b-41da-7e4d-ee52af22f92f","Europe","Italy","Poggio Civitate","Civitate B","Civitate B 42","https://opencontext.org/subjects/01f210ac-0cd6-40f3-ddf6-c565aef27578","43.15241708629746","11.398951351708833","-700","-535","Excavation Unit","https://opencontext.org/static/oc/icons-v2/oc-context-icon.svg","","2012-12-28T00:00:00Z","2025-04-05T15:49:45Z"
"1994, ID:147","http://opencontext.org/subjects/2e7bd42d-81d4-4172-5b37-63a8d5db0cdd","https://n2t.net/ark:/28722/k2jq0xw6j","Murlo","https://opencontext.org/projects/df043419-f23b-41da-7e4d-ee52af22f92f","Europe","Italy","Poggio Civitate","Tesoro","Tesoro 27","https://opencontext.org/subjects/a004469d-dcd9-4219-425d-07e87490e01c","43.1529273986815","11.400691986084","-700","-535","Excavation Unit","https://opencontext.org/static/oc/icons-v2/oc-context-icon.svg","https://artiraq.org/static/opencontext/poggio-civitate/thumbs/trenchbookimages/uncropped/TTuckV_52,53.JPG","2012-12-28T00:00:00Z","2025-04-05T15:49:17Z"
"2004, ID:543","http://opencontext.org/subjects/20bef152-ba8b-4a08-57d7-baadd30a7248","https://n2t.net/ark:/28722/k2k935767","Murlo","https://opencontext.org/projects/df043419-f23b-41da-7e4d-ee52af22f92f","Europe","Italy","Poggio Civitate","Tesoro","Tesoro 40B","https://opencontext.org/subjects/dc82faf9-e890-4622-12f3-875f6530e75d","43.15239570600959","11.402017260835033","-700","-535","Excavation Unit","https://opencontext.org/static/oc/icons-v2/oc-context-icon.svg","https://artiraq.org/static/opencontext/poggio-civitate/to-2017/thumbs/T-40JPB-6-30m.jpg","2012-12-28T00:00:00Z","2025-04-05T15:49:33Z"
"2012, ID:657","http://opencontext.org/subjects/5071035d-3771-48d5-89fd-f59c01f96e74","https://n2t.net/ark:/28722/k2s188p5t","Murlo","https://opencontext.org/projects/df043419-f23b-41da-7e4d-ee52af22f92f","Europe","Italy","Poggio Civitate","Civitate A","Civitate A74","https://opencontext.org/subjects/69431087-a24a-4338-a158-4f5440f08036","43.15298678794259","11.400282803099522","-700","-535","Excavation Unit","https://opencontext.org/static/oc/icons-v2/oc-context-icon.svg","","2017-10-04T02:36:39Z","2025-04-05T15:49:49Z"
"2015, ID:693","http://opencontext.org/subjects/7a32b56f-a7e0-4f0b-87cb-2126ccdee127","https://n2t.net/ark:/28722/k2959v44m","Murlo","https://opencontext.org/projects/df043419-f23b-41da-7e4d-ee52af22f92f","Europe","Italy","Poggio Civitate","Tesoro","Tesoro 76","https://opencontext.org/subjects/af5f5429-51cf-4366-9174-d53e98642f92","43.15283935264116","11.40085254635827","-700","-535","Excavation Unit","https://opencontext.org/static/oc/icons-v2/oc-context-icon.svg","","2017-10-04T02:36:47Z","2025-04-05T15:49:54Z"
"2015, ID:702","http://opencontext.org/subjects/c8f7fff7-4681-4a40-a049-0f15e1a3602e","https://n2t.net/ark:/28722/k2fx7kv1b","Murlo","https://opencontext.org/projects/df043419-f23b-41da-7e4d-ee52af22f92f","Europe","Italy","Poggio Civitate","Tesoro","Tesoro 79","https://opencontext.org/subjects/5ef38c6f-03fc-47de-881b-877e77bea6b0","43.15289772806277","11.400851189072588","-700","-535","Excavation Unit","https://opencontext.org/static/oc/icons-v2/oc-context-icon.svg","","2017-10-04T02:36:50Z","2025-04-05T15:49:55Z"
"T101 2022","http://opencontext.org/subjects/05a29ae3-b3e9-4101-aeb5-85db9ceb5b8c","","Murlo","https://opencontext.org/projects/df043419-f23b-41da-7e4d-ee52af22f92f","Europe","Italy","Poggio Civitate","Tesoro","Tesoro 101","https://opencontext.org/subjects/dd22b8e3-68bd-4d8f-b10c-8613f3348a44","43.152609876758","11.402819672617","-700","-535","Excavation Unit","https://opencontext.org/static/oc/icons-v2/oc-context-icon.svg","","2012-07-06T00:00:00Z","2025-04-05T15:48:20Z"
"T102 2022","http://opencontext.org/subjects/de9450e8-3aaf-4aec-a2f6-9b0758e8f0d5","","Murlo","https://opencontext.org/projects/df043419-f23b-41da-7e4d-ee52af22f92f","Europe","Italy","Poggio Civitate","Tesoro","Tesoro 102","https://opencontext.org/subjects/24e7e854-e420-43a0-b52a-24f5a2e75277","43.152609876758","11.402819672617","-700","-535","Excavation Unit","https://opencontext.org/static/oc/icons-v2/oc-context-icon.svg","","2012-07-06T00:00:00Z","2025-04-05T15:48:21Z"
"2005, ID:569","http://opencontext.org/subjects/c7e131a3-8be2-40e3-0ef2-c3ab65823b63","https://n2t.net/ark:/28722/k2zc7ww24","Murlo","https://opencontext.org/projects/df043419-f23b-41da-7e4d-ee52af22f92f","Europe","Italy","Poggio Civitate","Tesoro","Tesoro 37","https://opencontext.org/subjects/9438eb45-f29a-4bfb-4b8a-0f4d5833ff10","43.15273947128491","11.40136755001012","-700","-535","Excavation Unit","https://opencontext.org/static/oc/icons-v2/oc-context-icon.svg","","2012-12-28T00:00:00Z","2025-04-05T15:49:37Z"
"2003, ID:508","http://opencontext.org/subjects/8d224fcc-d368-4993-bc69-a4edcbca60d4","https://n2t.net/ark:/28722/k2rn34849","Murlo","https://opencontext.org/projects/df043419-f23b-41da-7e4d-ee52af22f92f","Europe","Italy","Poggio Civitate","Tesoro","Tesoro 33","https://opencontext.org/subjects/d5d897b3-5d23-415b-9c5e-39530d59ff0d","43.1526870246272","11.401547211289914","-700","-535","Excavation Unit","https://opencontext.org/static/oc/icons-v2/oc-context-icon.svg","","2012-12-28T00:00:00Z","2025-04-05T15:49:30Z"
"2015, ID:689","http://opencontext.org/subjects/910004b2-e13c-4084-9f66-04960123d1fe","https://n2t.net/ark:/28722/k2s75pg2k","Murlo","https://opencontext.org/projects/df043419-f23b-41da-7e4d-ee52af22f92f","Europe","Italy","Poggio Civitate","Tesoro","Tesoro 72","https://opencontext.org/subjects/9942e32d-0e41-4282-8a04-915d6a39110e","43.152968839264894","11.400649542517057","-700","-535","Excavation Unit","https://opencontext.org/static/oc/icons-v2/oc-context-icon.svg","","2017-10-04T02:36:46Z","2025-04-05T15:49:53Z"
"1988, ID:255","http://opencontext.org/subjects/9b6eb7fc-0506-4f28-22a5-d8c725e7c8a7","https://n2t.net/ark:/28722/k2jm27h3m","Murlo","https://opencontext.org/projects/df043419-f23b-41da-7e4d-ee52af22f92f","Europe","Italy","Poggio Civitate","North Terrace","North Terrace 3","https://opencontext.org/subjects/c6e5b75c-5b7f-477e-1d79-d8a90f528675","43.153443332055225","11.402240001194539","-700","-535","Excavation Unit","https://opencontext.org/static/oc/icons-v2/oc-context-icon.svg","https://artiraq.org/static/opencontext/poggio-civitate/thumbs/trenchbookimages/uncropped/DNewlandI_96,97.JPG","2012-12-28T00:00:00Z","2025-04-05T15:49:10Z"
"2012, ID:650","http://opencontext.org/subjects/0c5f1a52-d6f4-456b-6041-4604f7c54855","https://n2t.net/ark:/28722/k27s7nt2z","Murlo","https://opencontext.org/projects/df043419-f23b-41da-7e4d-ee52af22f92f","Europe","Italy","Poggio Civitate","Civitate B","Civitate B 56","https://opencontext.org/subjects/5c8b4d6c-405b-4be0-ec50-7facb3ace291","43.15279696703438","11.400245252744789","-700","-535","Excavation Unit","https://opencontext.org/static/oc/icons-v2/oc-context-icon.svg","","2012-12-28T00:00:00Z","2025-04-05T15:49:48Z"
"T103 2023","http://opencontext.org/subjects/d514bacf-3fc3-4a90-97d0-b125b9470038","","Murlo","https://opencontext.org/projects/df043419-f23b-41da-7e4d-ee52af22f92f","Europe","Italy","Poggio Civitate","Tesoro","Tesoro 103","https://opencontext.org/subjects/96aacb23-0f56-46ef-b8ef-c4ed3a265d9c","43.152623134813844","11.401751374087354","-700","-535","Excavation Unit","https://opencontext.org/static/oc/icons-v2/oc-context-icon.svg","","2012-07-06T00:00:00Z","2025-04-05T15:48:21Z"
"T102 2023","http://opencontext.org/subjects/6887d67f-0d17-46fe-808b-824bd7d2dca0","","Murlo","https://opencontext.org/projects/df043419-f23b-41da-7e4d-ee52af22f92f","Europe","Italy","Poggio Civitate","Tesoro","Tesoro 102","https://opencontext.org/subjects/24e7e854-e420-43a0-b52a-24f5a2e75277","43.1527155437248","11.401896551957403","-700","-535","Excavation Unit","https://opencontext.org/static/oc/icons-v2/oc-context-icon.svg","","2012-07-06T00:00:00Z","2025-04-05T15:48:21Z"
"1998, ID:362","http://opencontext.org/subjects/2fed46fb-bcf6-439b-b15e-307881df5011","https://n2t.net/ark:/28722/k2cn7312w","Murlo","https://opencontext.org/projects/df043419-f23b-41da-7e4d-ee52af22f92f","Europe","Italy","Poggio Civitate","Civitate A","Civitate A 49","https://opencontext.org/subjects/d9429d1b-dec0-4173-0eb4-b295bd37b478","43.15345919605507","11.400607635224826","-700","-535","Excavation Unit","https://opencontext.org/static/oc/icons-v2/oc-context-icon.svg","https://artiraq.org/static/opencontext/poggio-civitate/thumbs/trenchbookimages/AMChristensenVIII/AMChristensenVIII_56,57.jpg","2012-12-28T00:00:00Z","2025-04-05T15:49:22Z"
"2001, ID:447","http://opencontext.org/subjects/c334ab97-3c6f-4d01-ba1d-c245a73ede34","https://n2t.net/ark:/28722/k2445nd3t","Murlo","https://opencontext.org/projects/df043419-f23b-41da-7e4d-ee52af22f92f","Europe","Italy","Poggio Civitate","Civitate A","Civitate A 48","https://opencontext.org/subjects/7ef90575-3eef-4237-1af1-3f22fea71256","43.1536878265771","11.400297718908657","-700","-535","Excavation Unit","https://opencontext.org/static/oc/icons-v2/oc-context-icon.svg","","2012-12-28T00:00:00Z","2025-04-05T15:49:25Z"
"2004, ID:542","http://opencontext.org/subjects/9d0d7d58-a751-4cc7-ef3d-5318d9d16e47","https://n2t.net/ark:/28722/k29s1qm4d","Murlo","https://opencontext.org/projects/df043419-f23b-41da-7e4d-ee52af22f92f","Europe","Italy","Poggio Civitate","Tesoro","Tesoro 40A","https://opencontext.org/subjects/0244873d-3da7-4fc4-ed00-e82c3e824856","43.15240917253697","11.402018615506124","-700","-535","Excavation Unit","https://opencontext.org/static/oc/icons-v2/oc-context-icon.svg","https://artiraq.org/static/opencontext/poggio-civitate/to-2017/thumbs/T-40CBO-6-30d.jpg","2012-12-28T00:00:00Z","2025-04-05T15:49:33Z"
"2012, ID:653","http://opencontext.org/subjects/254dc26d-0431-4e75-8c50-ab6016c0df7e","https://n2t.net/ark:/28722/k28343v3j","Murlo","https://opencontext.org/projects/df043419-f23b-41da-7e4d-ee52af22f92f","Europe","Italy","Poggio Civitate","Civitate A","Civitate A71","https://opencontext.org/subjects/69ea3a34-6e5f-4b3f-82d5-0b3103ba6921","43.15298450269108","11.40032572690581","-700","-535","Excavation Unit","https://opencontext.org/static/oc/icons-v2/oc-context-icon.svg","","2017-10-04T02:36:38Z","2025-04-05T15:49:48Z"
"2015, ID:687","http://opencontext.org/subjects/7d0c9b3e-1d2a-4c6a-978a-edfa6e40fd2b","https://n2t.net/ark:/28722/k2hq47v61","Murlo","https://opencontext.org/projects/df043419-f23b-41da-7e4d-ee52af22f92f","Europe","Italy","Poggio Civitate","Tesoro","Tesoro 70","https://opencontext.org/subjects/ae50c733-bc4a-428d-9e34-9efdcbc457ee","43.152918228631876","11.400669835943583","-700","-535","Excavation Unit","https://opencontext.org/static/oc/icons-v2/oc-context-icon.svg","","2017-10-04T02:36:46Z","2025-04-05T15:49:53Z"
"2012, ID:659","http://opencontext.org/subjects/cf217633-6fba-4002-8dec-472a8416f1dd","https://n2t.net/ark:/28722/k21j9q486","Murlo","https://opencontext.org/projects/df043419-f23b-41da-7e4d-ee52af22f92f","Europe","Italy","Poggio Civitate","Civitate B","Civitate B59","https://opencontext.org/subjects/c070bb36-e561-4e2b-a787-eefefc8f6882","43.152765541212695","11.40024209769736","-700","-535","Excavation Unit","https://opencontext.org/static/oc/icons-v2/oc-context-icon.svg","","2017-10-04T02:36:40Z","2025-04-05T15:49:49Z"
"2011, ID:640","http://opencontext.org/subjects/cfe33cd1-b119-4d65-e2ff-8dafabeac941","https://n2t.net/ark:/28722/k2nv9fb88","Murlo","https://opencontext.org/projects/df043419-f23b-41da-7e4d-ee52af22f92f","Europe","Italy","Poggio Civitate","Civitate B","Civitate B 46","https://opencontext.org/subjects/24bf47b4-cacf-4bfd-c905-7bb755457f2c","43.15304069230679","11.39956698530922","-700","-535","Excavation Unit","https://opencontext.org/static/oc/icons-v2/oc-context-icon.svg","","2012-12-28T00:00:00Z","2025-04-05T15:49:46Z"
"T26 2019","http://opencontext.org/subjects/70ff4288-064d-4076-9b0c-ff50f55e14cc","https://n2t.net/ark:/28722/k29w0rv91","Murlo","https://opencontext.org/projects/df043419-f23b-41da-7e4d-ee52af22f92f","Europe","Italy","Poggio Civitate","Tesoro","Tesoro 26","https://opencontext.org/subjects/85992e07-7da1-4af7-f0b8-2209cbe4f57f","43.15265000000001","11.401850000000001","-700","-535","Excavation Unit","https://opencontext.org/static/oc/icons-v2/oc-context-icon.svg","","2019-09-13T16:43:02Z","2025-07-02T10:44:36Z"
"2010, ID:622","http://opencontext.org/subjects/a6b061fa-c808-4282-d03e-8d80a26ff325","https://n2t.net/ark:/28722/k2kh0k07g","Murlo","https://opencontext.org/projects/df043419-f23b-41da-7e4d-ee52af22f92f","Europe","Italy","Poggio Civitate","Civitate A","Civitate A 66","https://opencontext.org/subjects/67231652-875d-4faa-10c5-6f0b8ecfd6c0","43.15348334152034","11.399475811070046","-700","-535","Excavation Unit","https://opencontext.org/static/oc/icons-v2/oc-context-icon.svg","","2012-12-28T00:00:00Z","2025-04-05T15:49:44Z"
"1999, ID:367","http://opencontext.org/subjects/99cb9eb0-1eda-412d-7fbd-04bcd5e44dcf","https://n2t.net/ark:/28722/k2qf8pk6f","Murlo","https://opencontext.org/projects/df043419-f23b-41da-7e4d-ee52af22f92f","Europe","Italy","Poggio Civitate","Agger","Agger 9 Southern Extension","https://opencontext.org/subjects/5c0bc4a6-fb1f-432a-409b-20bc8dc3900a","43.15304437825884","11.401108447863688","-700","-535","Excavation Unit","https://opencontext.org/static/oc/icons-v2/oc-context-icon.svg","https://artiraq.org/static/opencontext/poggio-civitate/thumbs/trenchbookimages/TBergstromI/TBergstromI_40,41.jpg","2012-12-28T00:00:00Z","2025-04-05T15:49:23Z"
"2003, ID:512","http://opencontext.org/subjects/ac6dfaf1-8e69-480d-a687-afda354fcff5","https://n2t.net/ark:/28722/k2j38qj7w","Murlo","https://opencontext.org/projects/df043419-f23b-41da-7e4d-ee52af22f92f","Europe","Italy","Poggio Civitate","Tesoro","Tesoro 34","https://opencontext.org/subjects/bc5fe07a-037c-4e42-113b-6d443a62ca6e","43.15279175176501","11.401360469450491","-700","-535","Excavation Unit","https://opencontext.org/static/oc/icons-v2/oc-context-icon.svg","","2012-12-28T00:00:00Z","2025-04-05T15:49:30Z"
"2015, ID:688","http://opencontext.org/subjects/ea552ea2-e2aa-4db3-9372-2377958369c4","https://n2t.net/ark:/28722/k2ng4zp0d","Murlo","https://opencontext.org/projects/df043419-f23b-41da-7e4d-ee52af22f92f","Europe","Italy","Poggio Civitate","Tesoro","Tesoro 71","https://opencontext.org/subjects/f440442f-5a00-438f-aa89-5cf6a7c9b1cd","43.15294653571942","11.400647731400763","-700","-535","Excavation Unit","https://opencontext.org/static/oc/icons-v2/oc-context-icon.svg","","2017-10-04T02:36:46Z","2025-04-05T15:49:53Z"
"CA89 2017","http://opencontext.org/subjects/3689eb5d-e9a2-49e4-9be5-c9676080ec2b","https://n2t.net/ark:/28722/k2sf33755","Murlo","https://opencontext.org/projects/df043419-f23b-41da-7e4d-ee52af22f92f","Europe","Italy","Poggio Civitate","Civitate A","Civitate A89","https://opencontext.org/subjects/28cdb7ae-ea8b-4257-b1ea-f897003a68d9","43.15308558950115","11.39991053367083","-700","-535","Excavation Unit","https://opencontext.org/static/oc/icons-v2/oc-context-icon.svg","","2017-10-04T02:38:19Z","2025-04-05T15:49:59Z"
"2005, ID:564","http://opencontext.org/subjects/7cf7d7eb-d71c-45dc-82ea-921cde5640b1","https://n2t.net/ark:/28722/k23b6189m","Murlo","https://opencontext.org/projects/df043419-f23b-41da-7e4d-ee52af22f92f","Europe","Italy","Poggio Civitate","Civitate D","Civitate D 12","https://opencontext.org/subjects/cff7db53-327b-4dd1-bd20-2a0f246eba31","43.15288567285262","11.402605548225157","-700","-535","Excavation Unit","https://opencontext.org/static/oc/icons-v2/oc-context-icon.svg","","2012-12-28T00:00:00Z","2025-04-05T15:49:36Z"
"1975, ID:267","http://opencontext.org/subjects/db69d0be-81b5-4edb-dd42-ccd4a1c294d8","https://n2t.net/ark:/28722/k25h7gv6w","Murlo","https://opencontext.org/projects/df043419-f23b-41da-7e4d-ee52af22f92f","Europe","Italy","Poggio Civitate","Agger","Agger 10","https://opencontext.org/subjects/acdbcd31-9d7e-491c-5d0a-7315724f39a8","43.15281791687","11.401928329468","-700","-535","Excavation Unit","https://opencontext.org/static/oc/icons-v2/oc-context-icon.svg","https://artiraq.org/static/opencontext/poggio-civitate/thumbs/trenchbookimages/uncropped/SUnderhillI_15,15.JPG","2012-12-28T00:00:00Z","2025-04-05T15:48:57Z"
"2016, ID:712","http://opencontext.org/subjects/f2661425-9eb5-45a2-ae01-d7bc63683db6","https://n2t.net/ark:/28722/k2gx4mr03","Murlo","https://opencontext.org/projects/df043419-f23b-41da-7e4d-ee52af22f92f","Europe","Italy","Poggio Civitate","Tesoro","Tesoro 85","https://opencontext.org/subjects/ac8da378-df24-446f-b255-e5f440294150","43.153110166252844","11.400720534484012","-700","-535","Excavation Unit","https://opencontext.org/static/oc/icons-v2/oc-context-icon.svg","","2017-10-04T02:36:51Z","2025-04-05T15:49:56Z"
"2014, ID:681","http://opencontext.org/subjects/503bb312-f0cc-4ecf-9443-66a81f9dc683","https://n2t.net/ark:/28722/k2r78nk3t","Murlo","https://opencontext.org/projects/df043419-f23b-41da-7e4d-ee52af22f92f","Europe","Italy","Poggio Civitate","Tesoro","Tesoro 64","https://opencontext.org/subjects/d55ea8a9-24ea-4bf0-a900-7ec2b88aa6cd","43.15283021726875","11.400784698816285","-700","-535","Excavation Unit","https://opencontext.org/static/oc/icons-v2/oc-context-icon.svg","","2017-10-04T02:36:45Z","2025-04-05T15:49:52Z"
"2011, ID:639","http://opencontext.org/subjects/9950174e-e880-4bef-b797-358a82f4a372","https://n2t.net/ark:/28722/k2db80r4m","Murlo","https://opencontext.org/projects/df043419-f23b-41da-7e4d-ee52af22f92f","Europe","Italy","Poggio Civitate","Civitate B","Civitate B 45","https://opencontext.org/subjects/25c8a7c2-9243-4c17-4fe4-cea6d0de21ee","43.153066450176276","11.399456146515659","-700","-535","Excavation Unit","https://opencontext.org/static/oc/icons-v2/oc-context-icon.svg","","2012-12-28T00:00:00Z","2025-04-05T15:49:46Z"
"2010, ID:627","http://opencontext.org/subjects/bbef5707-c16f-4bfd-932e-5d9b83f6d9c4","https://n2t.net/ark:/28722/k23f4qp44","Murlo","https://opencontext.org/projects/df043419-f23b-41da-7e4d-ee52af22f92f","Europe","Italy","Poggio Civitate","Civitate A","Civitate A 68","https://opencontext.org/subjects/3f7a3855-8112-477f-b450-a8d1b8b0f432","43.153630014081486","11.399009713622203","-700","-535","Excavation Unit","https://opencontext.org/static/oc/icons-v2/oc-context-icon.svg","","2012-12-28T00:00:00Z","2025-04-05T15:49:45Z"
"2010, ID:630","http://opencontext.org/subjects/0f4b79c5-d28e-466d-1b6d-f16b9dde4f1e","https://n2t.net/ark:/28722/k2qn63c61","Murlo","https://opencontext.org/projects/df043419-f23b-41da-7e4d-ee52af22f92f","Europe","Italy","Poggio Civitate","Civitate B","Civitate B 40","https://opencontext.org/subjects/89ed0f22-677d-4ca5-3bb2-36d4e9468572","43.15240171967652","11.399022014393898","-700","-535","Excavation Unit","https://opencontext.org/static/oc/icons-v2/oc-context-icon.svg","","2012-12-28T00:00:00Z","2025-04-05T15:49:45Z"
"2000, ID:415","http://opencontext.org/subjects/3427ed52-fea9-4e28-e250-4ecf923a116a","https://n2t.net/ark:/28722/k2st7jz0v","Murlo","https://opencontext.org/projects/df043419-f23b-41da-7e4d-ee52af22f92f","Europe","Italy","Poggio Civitate","Civitate A","Civitate A 46","https://opencontext.org/subjects/a21b56a2-a2f2-49a7-67b6-eaee2429d314","43.153400490482596","11.399251738627342","-700","-535","Excavation Unit","https://opencontext.org/static/oc/icons-v2/oc-context-icon.svg","","2012-12-28T00:00:00Z","2025-04-05T15:49:24Z"
"2005, ID:555","http://opencontext.org/subjects/04734348-d45b-4957-ba5a-4bb8d9690140","https://n2t.net/ark:/28722/k2wp9z773","Murlo","https://opencontext.org/projects/df043419-f23b-41da-7e4d-ee52af22f92f","Europe","Italy","Poggio Civitate","Tesoro","Tesoro 43B","https://opencontext.org/subjects/b0062942-8480-4f8b-fd77-f058d596d5f9","43.1525173213809","11.402276051173182","-700","-535","Excavation Unit","https://opencontext.org/static/oc/icons-v2/oc-context-icon.svg","","2012-12-28T00:00:00Z","2025-04-05T15:49:35Z"
"2005, ID:556","http://opencontext.org/subjects/6a9cf999-c6fa-42aa-8f2b-b07442fe2d44","https://n2t.net/ark:/28722/k2571cp9t","Murlo","https://opencontext.org/projects/df043419-f23b-41da-7e4d-ee52af22f92f","Europe","Italy","Poggio Civitate","Tesoro","Tesoro 42B","https://opencontext.org/subjects/80fd4279-6ea0-4161-a608-207875b6ae8f","43.152491639163465","11.40208032344385","-700","-535","Excavation Unit","https://opencontext.org/static/oc/icons-v2/oc-context-icon.svg","","2012-12-28T00:00:00Z","2025-04-05T15:49:35Z"
"2015, ID:704","http://opencontext.org/subjects/672bd5a3-ea71-4555-aa78-a7ce17bf51f8","https://n2t.net/ark:/28722/k2qf91f7n","Murlo","https://opencontext.org/projects/df043419-f23b-41da-7e4d-ee52af22f92f","Europe","Italy","Poggio Civitate","Tesoro","Tesoro 81","https://opencontext.org/subjects/e951071c-c2b4-4915-8e6d-7cf2f9b742f7","43.15287525433847","11.40092257360342","-700","-535","Excavation Unit","https://opencontext.org/static/oc/icons-v2/oc-context-icon.svg","","2017-10-04T02:36:50Z","2025-04-05T15:49:56Z"
"2011, ID:643","http://opencontext.org/subjects/7940b16c-1c48-457d-937b-98ebb5cf4980","https://n2t.net/ark:/28722/k2fb51n1d","Murlo","https://opencontext.org/projects/df043419-f23b-41da-7e4d-ee52af22f92f","Europe","Italy","Poggio Civitate","Civitate B","Civitate B 48","https://opencontext.org/subjects/f22e8c3c-3d18-45a8-937a-f280d83c72f1","43.15243974740032","11.39854502007319","-700","-535","Excavation Unit","https://opencontext.org/static/oc/icons-v2/oc-context-icon.svg","","2012-12-28T00:00:00Z","2025-04-05T15:49:47Z"
"2010, ID:624","http://opencontext.org/subjects/8fac8645-1ea7-4c7b-60ad-5eceeb808dc2","https://n2t.net/ark:/28722/k2td9s892","Murlo","https://opencontext.org/projects/df043419-f23b-41da-7e4d-ee52af22f92f","Europe","Italy","Poggio Civitate","Civitate B","Civitate B 36","https://opencontext.org/subjects/d3b9f029-dd3d-4acb-fbfb-e4de3aa49fe7","43.153239437220904","11.39897049998541","-700","-535","Excavation Unit","https://opencontext.org/static/oc/icons-v2/oc-context-icon.svg","","2012-12-28T00:00:00Z","2025-04-05T15:49:44Z"
"T110 2024","http://opencontext.org/subjects/1d872f07-1cb7-4a66-80ce-f337eaa35473","","Murlo","https://opencontext.org/projects/df043419-f23b-41da-7e4d-ee52af22f92f","Europe","Italy","Poggio Civitate","Tesoro","Tesoro 110","https://opencontext.org/subjects/e064a717-565d-431a-bef6-a72ef63c6d03","43.15293835714533","11.402217122978033","-700","-535","Excavation Unit","https://opencontext.org/static/oc/icons-v2/oc-context-icon.svg","https://storage.googleapis.com/opencontext-media/poggio-civitate/2024-media/thumbs/trench-book-terraces-area-map-9-4-43.jpg","2012-07-06T00:00:00Z","2025-04-05T15:48:22Z"
"1972, ID:300","http://opencontext.org/subjects/19cfb9f3-77f7-4edf-0b90-e9d6e76bcd77","https://n2t.net/ark:/28722/k2vh5hk27","Murlo","https://opencontext.org/projects/df043419-f23b-41da-7e4d-ee52af22f92f","Europe","Italy","Poggio Civitate","Tesoro","Tesoro 17","https://opencontext.org/subjects/87ec8abc-82e3-43b0-e451-9c388bf98524","43.15354556856412","11.401635078489228","-700","-535","Excavation Unit","https://opencontext.org/static/oc/icons-v2/oc-context-icon.svg","https://artiraq.org/static/opencontext/poggio-civitate/thumbs/trenchbookimages/uncropped/DUzI_36,37.JPG","2012-12-28T00:00:00Z","2025-04-05T15:48:55Z"
"1970, ID:65","http://opencontext.org/subjects/041bc004-3a2b-4821-cc1a-f5ffc283e537","https://n2t.net/ark:/28722/k2z896g5n","Murlo","https://opencontext.org/projects/df043419-f23b-41da-7e4d-ee52af22f92f","Europe","Italy","Poggio Civitate","Tesoro","Tesoro 15","https://opencontext.org/subjects/fe170abf-0288-42ba-17b7-26fe33639ba6","43.15287480529015","11.40118639389335","-700","-535","Excavation Unit","https://opencontext.org/static/oc/icons-v2/oc-context-icon.svg","https://artiraq.org/static/opencontext/poggio-civitate/thumbs/trenchbookimages/uncropped/JMacIntoshI_48,49.JPG","2012-12-28T00:00:00Z","2025-04-05T15:48:48Z"
"T99 2019","http://opencontext.org/subjects/eb495774-823b-4d26-9715-14cacc43049a","https://n2t.net/ark:/28722/k24b3d21s","Murlo","https://opencontext.org/projects/df043419-f23b-41da-7e4d-ee52af22f92f","Europe","Italy","Poggio Civitate","Tesoro","Tesoro 99","https://opencontext.org/subjects/e53685a3-ca25-4294-971d-0ea11ba29af8","43.152609876758","11.402819672617","-700","-535","Excavation Unit","https://opencontext.org/static/oc/icons-v2/oc-context-icon.svg","","2019-09-13T16:43:46Z","2025-04-05T15:48:20Z"
"2005, ID:568","http://opencontext.org/subjects/f6b4b592-664a-47a0-a5b8-f77ef4a48149","https://n2t.net/ark:/28722/k2vx0b451","Murlo","https://opencontext.org/projects/df043419-f23b-41da-7e4d-ee52af22f92f","Europe","Italy","Poggio Civitate","Civitate D","Civitate D 13A","https://opencontext.org/subjects/50678b2b-06cc-4e53-ff3b-2ff9c1953229","43.15292955126445","11.402629066537239","-700","-535","Excavation Unit","https://opencontext.org/static/oc/icons-v2/oc-context-icon.svg","","2012-12-28T00:00:00Z","2025-04-05T15:49:37Z"
"2005, ID:557","http://opencontext.org/subjects/ab14b22e-c5ac-42e1-2bd3-0d7362d6dc59","https://n2t.net/ark:/28722/k2dn43x36","Murlo","https://opencontext.org/projects/df043419-f23b-41da-7e4d-ee52af22f92f","Europe","Italy","Poggio Civitate","Tesoro","Tesoro 43A","https://opencontext.org/subjects/d795ea67-b44e-4783-70ac-b4cf254bc8f3","43.15255772782509","11.402280109492057","-700","-535","Excavation Unit","https://opencontext.org/static/oc/icons-v2/oc-context-icon.svg","","2012-12-28T00:00:00Z","2025-04-05T15:49:35Z"
"2004, ID:545","http://opencontext.org/subjects/a386907e-c61d-4ac4-068d-77f3d2adfa3e","https://n2t.net/ark:/28722/k23779w5d","Murlo","https://opencontext.org/projects/df043419-f23b-41da-7e4d-ee52af22f92f","Europe","Italy","Poggio Civitate","Tesoro","Tesoro 41B","https://opencontext.org/subjects/9e7bbd11-b8d0-4a10-157a-e115d43729b1","43.15269747184098","11.402368115690587","-700","-535","Excavation Unit","https://opencontext.org/static/oc/icons-v2/oc-context-icon.svg","https://artiraq.org/static/opencontext/poggio-civitate/to-2017/thumbs/T-41CBO-7-14j.jpg","2012-12-28T00:00:00Z","2025-04-05T15:49:33Z"
"T123 2025","http://opencontext.org/subjects/9cef8bc9-4ebc-4b89-a745-7af1a99bf90b","","Murlo","https://opencontext.org/projects/df043419-f23b-41da-7e4d-ee52af22f92f","Europe","Italy","Poggio Civitate","Tesoro","Tesoro 123","https://opencontext.org/subjects/88800ff1-db84-4645-a58f-fa8e7a558419","43.152609876758","11.402819672617","-700","-535","Excavation Unit","https://opencontext.org/static/oc/icons-v2/oc-context-icon.svg","","2012-07-06T00:00:00Z","2025-09-29T20:58:57Z"
"2003, ID:505","http://opencontext.org/subjects/d68ce259-7e7b-4ae4-590a-4e5ea96265fc","https://n2t.net/ark:/28722/k2q23w162","Murlo","https://opencontext.org/projects/df043419-f23b-41da-7e4d-ee52af22f92f","Europe","Italy","Poggio Civitate","Tesoro South Terrace","Tesoro South Terrace 1","https://opencontext.org/subjects/2993645f-d3db-40d4-d215-552c8d8aed51","43.15404820269601","11.402090777275838","-700","-535","Excavation Unit","https://opencontext.org/static/oc/icons-v2/oc-context-icon.svg","","2012-12-28T00:00:00Z","2025-04-05T15:49:30Z"
"2015, ID:690","http://opencontext.org/subjects/a236e90a-f7b6-44b9-af1b-dc259071ab4f","https://n2t.net/ark:/28722/k2x06d84r","Murlo","https://opencontext.org/projects/df043419-f23b-41da-7e4d-ee52af22f92f","Europe","Italy","Poggio Civitate","Tesoro","Tesoro 73","https://opencontext.org/subjects/605a3123-fd41-40b1-bf8a-843e2fcdc650","43.15296613767829","11.400692025701995","-700","-535","Excavation Unit","https://opencontext.org/static/oc/icons-v2/oc-context-icon.svg","","2017-10-04T02:36:46Z","2025-04-05T15:49:53Z"
"2011, ID:635","http://opencontext.org/subjects/bbdc297e-7ac1-4925-e775-6d1b75cc280c","https://n2t.net/ark:/28722/k2wd3v27k","Murlo","https://opencontext.org/projects/df043419-f23b-41da-7e4d-ee52af22f92f","Europe","Italy","Poggio Civitate","Civitate B","Civitate B 43","https://opencontext.org/subjects/4e7ab168-6301-4b9e-5530-fabb264a1aa9","43.15245518708834","11.399119848024924","-700","-535","Excavation Unit","https://opencontext.org/static/oc/icons-v2/oc-context-icon.svg","","2012-12-28T00:00:00Z","2025-04-05T15:49:46Z"
"2011, ID:642","http://opencontext.org/subjects/87e9b5c3-0828-4f60-5f9a-db48ccab3cca","https://n2t.net/ark:/28722/k25t3m15w","Murlo","https://opencontext.org/projects/df043419-f23b-41da-7e4d-ee52af22f92f","Europe","Italy","Poggio Civitate","Civitate B","Civitate B 50","https://opencontext.org/subjects/3f7193ab-89bc-4407-8267-ba33e030ee21","43.152483181695445","11.399017869301577","-700","-535","Excavation Unit","https://opencontext.org/static/oc/icons-v2/oc-context-icon.svg","","2012-12-28T00:00:00Z","2025-04-05T15:49:46Z"
"T104 2023","http://opencontext.org/subjects/d467e9c5-5b03-4906-9640-f35423631bd0","","Murlo","https://opencontext.org/projects/df043419-f23b-41da-7e4d-ee52af22f92f","Europe","Italy","Poggio Civitate","Tesoro","Tesoro 104","https://opencontext.org/subjects/0ba5bd47-d86f-43eb-882a-909a5f5e9e2a","43.152707799857225","11.401918789442188","-700","-535","Excavation Unit","https://opencontext.org/static/oc/icons-v2/oc-context-icon.svg","","2012-07-06T00:00:00Z","2025-04-05T15:48:21Z"
"CA95 2023","http://opencontext.org/subjects/5daad77b-929e-44ce-9bdf-e7a67220671d","","Murlo","https://opencontext.org/projects/df043419-f23b-41da-7e4d-ee52af22f92f","Europe","Italy","Poggio Civitate","Civitate A","Civitate A95","https://opencontext.org/subjects/96d02412-cab3-41d4-9ba2-54026c541b05","43.153463762667705","11.400182751733926","-700","-535","Excavation Unit","https://opencontext.org/static/oc/icons-v2/oc-context-icon.svg","","2012-07-06T00:00:00Z","2025-04-05T15:50:00Z"
"1974, ID:285","http://opencontext.org/subjects/eff18bc6-edd7-4f7a-cfc5-be404701b71e","https://n2t.net/ark:/28722/k2w954p5q","Murlo","https://opencontext.org/projects/df043419-f23b-41da-7e4d-ee52af22f92f","Europe","Italy","Poggio Civitate","Tesoro Rectangle","Tesoro Rectangle 6,7 Doorway","https://opencontext.org/subjects/8b068f16-a415-4ca5-bc12-f165e4679b0b","43.153402960082","11.402370545803","-700","-535","Excavation Unit","https://opencontext.org/static/oc/icons-v2/oc-context-icon.svg","https://artiraq.org/static/opencontext/poggio-civitate/thumbs/trenchbookimages/uncropped/GWardenII_52,53.JPG","2012-12-28T00:00:00Z","2025-04-05T15:48:57Z"
"CA92 2022","http://opencontext.org/subjects/b0e2dec0-f4cd-4967-8bbd-90b9c667ce33","","Murlo","https://opencontext.org/projects/df043419-f23b-41da-7e4d-ee52af22f92f","Europe","Italy","Poggio Civitate","Civitate A","Civitate A92","https://opencontext.org/subjects/12f57708-970a-451e-bb9d-a42aa6a67e82","43.153556055504","11.40012431958","-700","-535","Excavation Unit","https://opencontext.org/static/oc/icons-v2/oc-context-icon.svg","","2012-07-06T00:00:00Z","2025-04-05T15:49:59Z"
"T22 2019","http://opencontext.org/subjects/8e60acef-fa59-4fda-92de-988ccd06e44f","https://n2t.net/ark:/28722/k2640222j","Murlo","https://opencontext.org/projects/df043419-f23b-41da-7e4d-ee52af22f92f","Europe","Italy","Poggio Civitate","Tesoro","Tesoro 22","https://opencontext.org/subjects/6cc50267-cd40-45e1-5bce-905f09a8ce49","43.152558517456","11.402769851685","-700","-535","Excavation Unit","https://opencontext.org/static/oc/icons-v2/oc-context-icon.svg","","2019-09-13T16:43:01Z","2025-04-05T15:48:17Z"
"2003, ID:510","http://opencontext.org/subjects/6b8c2c81-b703-4d15-f23e-50a38dd4a387","https://n2t.net/ark:/28722/k2nv9fb9r","Murlo","https://opencontext.org/projects/df043419-f23b-41da-7e4d-ee52af22f92f","Europe","Italy","Poggio Civitate","Tesoro","Tesoro 31","https://opencontext.org/subjects/32c55a97-1ede-457f-7c70-41b14d168cb2","43.15270318747124","11.401752259558396","-700","-535","Excavation Unit","https://opencontext.org/static/oc/icons-v2/oc-context-icon.svg","","2012-12-28T00:00:00Z","2025-04-05T15:49:30Z"
"2007, ID:592","http://opencontext.org/subjects/5d60be1b-57a7-4f37-7ca1-11e57a73fb31","https://n2t.net/ark:/28722/k2hh6h670","Murlo","https://opencontext.org/projects/df043419-f23b-41da-7e4d-ee52af22f92f","Europe","Italy","Poggio Civitate","Civitate A","Civitate A 58","https://opencontext.org/subjects/c99ad294-9718-4e18-159c-1e84efb3ba6b","43.153510691999365","11.399725130904898","-700","-535","Excavation Unit","https://opencontext.org/static/oc/icons-v2/oc-context-icon.svg","https://artiraq.org/static/opencontext/poggio-civitate/to-2017/thumbs/CA58-20070711-Closing-Photographs-From-South-Facing-North.jpg","2012-12-28T00:00:00Z","2025-04-05T15:49:40Z"
"2005, ID:566","http://opencontext.org/subjects/58fcc816-ff23-4890-06f6-db80719bff31","https://n2t.net/ark:/28722/k29g5mf5t","Murlo","https://opencontext.org/projects/df043419-f23b-41da-7e4d-ee52af22f92f","Europe","Italy","Poggio Civitate","Civitate B","Civitate B 34","https://opencontext.org/subjects/ec6a4dd2-774e-416a-e555-e009adaa00dc","43.15303315422984","11.398351850920976","-700","-535","Excavation Unit","https://opencontext.org/static/oc/icons-v2/oc-context-icon.svg","","2012-12-28T00:00:00Z","2025-04-05T15:49:36Z"
"2011, ID:641","http://opencontext.org/subjects/ccaa1707-e736-4cc6-d2f7-f6de62998fd4","https://n2t.net/ark:/28722/k2xd0vz7d","Murlo","https://opencontext.org/projects/df043419-f23b-41da-7e4d-ee52af22f92f","Europe","Italy","Poggio Civitate","Civitate B","Civitate B 47","https://opencontext.org/subjects/af2df1d5-4ebc-4a84-d2a7-ad238df8a305","43.15303250276362","11.399502758212552","-700","-535","Excavation Unit","https://opencontext.org/static/oc/icons-v2/oc-context-icon.svg","","2012-12-28T00:00:00Z","2025-04-05T15:49:46Z"
"2010, ID:619","http://opencontext.org/subjects/a5049327-bcce-43b2-aa50-2fbebd620bdf","https://n2t.net/ark:/28722/k2t14zq8s","Murlo","https://opencontext.org/projects/df043419-f23b-41da-7e4d-ee52af22f92f","Europe","Italy","Poggio Civitate","Civitate A","Civitate A 63","https://opencontext.org/subjects/db64cb62-a495-4d35-96cb-335168c23b2e","43.15329201812253","11.399678520046304","-700","-535","Excavation Unit","https://opencontext.org/static/oc/icons-v2/oc-context-icon.svg","","2012-12-28T00:00:00Z","2025-04-05T15:49:43Z"
"T97 2019","http://opencontext.org/subjects/4569c45b-4a65-4a56-907a-ef8e6177c06b","https://n2t.net/ark:/28722/k2vt1zk9k","Murlo","https://opencontext.org/projects/df043419-f23b-41da-7e4d-ee52af22f92f","Europe","Italy","Poggio Civitate","Tesoro","Tesoro 97","https://opencontext.org/subjects/71643da2-0d3f-4290-a1d6-4b7bda27b010","43.152609876758","11.402819672617","-700","-535","Excavation Unit","https://opencontext.org/static/oc/icons-v2/oc-context-icon.svg","","2019-09-13T16:43:44Z","2025-04-05T15:48:20Z"
"T120 2025","http://opencontext.org/subjects/e0535e7e-b7e5-4b9f-99d3-500eefe191fc","","Murlo","https://opencontext.org/projects/df043419-f23b-41da-7e4d-ee52af22f92f","Europe","Italy","Poggio Civitate","Tesoro","Tesoro 120","https://opencontext.org/subjects/aea080b6-fb76-4bfd-afb5-aa134dc41654","43.152609876758","11.402819672617","-700","-535","Excavation Unit","https://opencontext.org/static/oc/icons-v2/oc-context-icon.svg","","2012-07-06T00:00:00Z","2025-09-29T21:47:10Z"
"2011, ID:644","http://opencontext.org/subjects/c26457da-4b00-484e-f27e-85f2a2e88314","https://n2t.net/ark:/28722/k2pv6g78h","Murlo","https://opencontext.org/projects/df043419-f23b-41da-7e4d-ee52af22f92f","Europe","Italy","Poggio Civitate","Civitate B","Civitate B 49","https://opencontext.org/subjects/91f347b6-efc0-42ed-273e-45d0fd6ca8ef","43.15305720411467","11.39951110898197","-700","-535","Excavation Unit","https://opencontext.org/static/oc/icons-v2/oc-context-icon.svg","","2012-12-28T00:00:00Z","2025-04-05T15:49:47Z"
"2010, ID:625","http://opencontext.org/subjects/dfa0ab59-9398-46b7-3955-5da0439dfed9","https://n2t.net/ark:/28722/k22z16q7j","Murlo","https://opencontext.org/projects/df043419-f23b-41da-7e4d-ee52af22f92f","Europe","Italy","Poggio Civitate","Civitate B","Civitate B 37","https://opencontext.org/subjects/4816bbb7-2af0-4280-f9dd-77261c9e7c27","43.153234541059206","11.399062475255974","-700","-535","Excavation Unit","https://opencontext.org/static/oc/icons-v2/oc-context-icon.svg","","2012-12-28T00:00:00Z","2025-04-05T15:49:44Z"
"2005, ID:563","http://opencontext.org/subjects/e94e6618-a7fc-4aff-d004-69eeb3e8089a","https://n2t.net/ark:/28722/k21z45t79","Murlo","https://opencontext.org/projects/df043419-f23b-41da-7e4d-ee52af22f92f","Europe","Italy","Poggio Civitate","Civitate B","Civitate B 33","https://opencontext.org/subjects/56cf8984-6aad-4736-ae1a-a9fc95b4bef5","43.15319960576966","11.398543801868513","-700","-535","Excavation Unit","https://opencontext.org/static/oc/icons-v2/oc-context-icon.svg","","2012-12-28T00:00:00Z","2025-04-05T15:49:36Z"
"2013, ID:672","http://opencontext.org/subjects/83518343-34aa-4020-84e8-a50ff471879d","https://n2t.net/ark:/28722/k2kh0wv6x","Murlo","https://opencontext.org/projects/df043419-f23b-41da-7e4d-ee52af22f92f","Europe","Italy","Poggio Civitate","Civitate A","Civitate A84","https://opencontext.org/subjects/7f443a15-4b67-436e-bbb3-a3f0c391f2a7","43.153556055504","11.40012431958","-700","-535","Excavation Unit","https://opencontext.org/static/oc/icons-v2/oc-context-icon.svg","","2017-10-04T02:36:42Z","2025-04-05T15:49:51Z"
"CB63 2017","http://opencontext.org/subjects/221f94cc-1031-400e-a583-2e9b2bb18104","https://n2t.net/ark:/28722/k2x63t201","Murlo","https://opencontext.org/projects/df043419-f23b-41da-7e4d-ee52af22f92f","Europe","Italy","Poggio Civitate","Civitate B","Civitate B63","https://opencontext.org/subjects/0aa9ce0b-7692-4f4a-b662-85704d419ccc","43.153355499920146","11.398655440921697","-700","-535","Excavation Unit","https://opencontext.org/static/oc/icons-v2/oc-context-icon.svg","","2017-10-04T02:38:19Z","2025-04-05T15:50:00Z"
"T121 2025","http://opencontext.org/subjects/92721cd4-fa48-4fc3-bccf-99778ae9fc12","","Murlo","https://opencontext.org/projects/df043419-f23b-41da-7e4d-ee52af22f92f","Europe","Italy","Poggio Civitate","Tesoro","Tesoro 121","https://opencontext.org/subjects/3c41bb18-a516-43cd-827a-0f2d6e580475","43.152609876758","11.402819672617","-700","-535","Excavation Unit","https://opencontext.org/static/oc/icons-v2/oc-context-icon.svg","","2012-07-06T00:00:00Z","2025-09-29T21:47:11Z"
"T122 2025","http://opencontext.org/subjects/f6b35c6b-943a-4fe6-b0bc-7aa7236a058c","","Murlo","https://opencontext.org/projects/df043419-f23b-41da-7e4d-ee52af22f92f","Europe","Italy","Poggio Civitate","Tesoro","Tesoro 122","https://opencontext.org/subjects/32896730-8018-4314-bb0c-33bc8681f36a","43.152609876758","11.402819672617","-700","-535","Excavation Unit","https://opencontext.org/static/oc/icons-v2/oc-context-icon.svg","","2012-07-06T00:00:00Z","2025-09-29T20:58:56Z"
"T118 2025","http://opencontext.org/subjects/51c428d9-0f51-40bf-9b82-ef7d171bb660","","Murlo","https://opencontext.org/projects/df043419-f23b-41da-7e4d-ee52af22f92f","Europe","Italy","Poggio Civitate","Tesoro","Tesoro 118","https://opencontext.org/subjects/789a8d0c-ac97-40c9-815b-9166fd0e030f","43.152609876758","11.402819672617","-700","-535","Excavation Unit","https://opencontext.org/static/oc/icons-v2/oc-context-icon.svg","","2012-07-06T00:00:00Z","2025-09-29T21:47:08Z"
"2011, ID:645","http://opencontext.org/subjects/500ec0ee-1078-4be4-762d-3c66fcf853c2","https://n2t.net/ark:/28722/k2zc7ww05","Murlo","https://opencontext.org/projects/df043419-f23b-41da-7e4d-ee52af22f92f","Europe","Italy","Poggio Civitate","Civitate B","Civitate B 51","https://opencontext.org/subjects/9f150337-63a1-41fa-b247-9a0bf42bad37","43.15253148962144","11.398449436636852","-700","-535","Excavation Unit","https://opencontext.org/static/oc/icons-v2/oc-context-icon.svg","","2012-12-28T00:00:00Z","2025-04-05T15:49:47Z"
"2010, ID:632","http://opencontext.org/subjects/476ca37d-d70d-443e-45ad-d58b57f9ccef","https://n2t.net/ark:/28722/k2bz6590r","Murlo","https://opencontext.org/projects/df043419-f23b-41da-7e4d-ee52af22f92f","Europe","Italy","Poggio Civitate","Civitate A","Civitate A 69","https://opencontext.org/subjects/3289b7c4-b132-4744-4f8f-79787b44096f","43.153623565708756","11.399046052162063","-700","-535","Excavation Unit","https://opencontext.org/static/oc/icons-v2/oc-context-icon.svg","","2012-12-28T00:00:00Z","2025-04-05T15:49:45Z"
"2009, ID:617","http://opencontext.org/subjects/e89a8b35-2975-4e7a-4b07-5dc7e17f29e9","https://n2t.net/ark:/28722/k2ww7c166","Murlo","https://opencontext.org/projects/df043419-f23b-41da-7e4d-ee52af22f92f","Europe","Italy","Poggio Civitate","Tesoro","Tesoro 26","https://opencontext.org/subjects/85992e07-7da1-4af7-f0b8-2209cbe4f57f","43.15259854325552","11.401852704062886","-700","-535","Excavation Unit","https://opencontext.org/static/oc/icons-v2/oc-context-icon.svg","https://artiraq.org/static/opencontext/poggio-civitate/to-2017/thumbs/T26-20090728--Closing-Photos-From-North-Facing-South.jpg","2012-12-28T00:00:00Z","2025-04-05T15:49:43Z"
"CA88 2017","http://opencontext.org/subjects/e6b4620a-c575-411a-b136-b4110755ac6d","https://n2t.net/ark:/28722/k2np2cd8z","Murlo","https://opencontext.org/projects/df043419-f23b-41da-7e4d-ee52af22f92f","Europe","Italy","Poggio Civitate","Civitate A","Civitate A88","https://opencontext.org/subjects/ef82188a-fda6-4ad2-9668-52735efdd8f4","43.1533802634746","11.400649026030418","-700","-535","Excavation Unit","https://opencontext.org/static/oc/icons-v2/oc-context-icon.svg","","2017-10-04T02:38:19Z","2025-04-05T15:49:59Z"
"1998, ID:361","http://opencontext.org/subjects/8a9b8a77-37bb-4bf8-dc57-d30edb73c629","https://n2t.net/ark:/28722/k20c4xm05","Murlo","https://opencontext.org/projects/df043419-f23b-41da-7e4d-ee52af22f92f","Europe","Italy","Poggio Civitate","Civitate A","Civitate A 48","https://opencontext.org/subjects/7ef90575-3eef-4237-1af1-3f22fea71256","43.15314428669387","11.400588344645481","-700","-535","Excavation Unit","https://opencontext.org/static/oc/icons-v2/oc-context-icon.svg","https://artiraq.org/static/opencontext/poggio-civitate/thumbs/trenchbookimages/uncropped/GMeyersII_0,1.JPG","2012-12-28T00:00:00Z","2025-04-05T15:49:21Z"
"2005, ID:565","http://opencontext.org/subjects/8188ffaa-cfad-47d6-2a12-23e4ff5ddbfb","https://n2t.net/ark:/28722/k2zp41201","Murlo","https://opencontext.org/projects/df043419-f23b-41da-7e4d-ee52af22f92f","Europe","Italy","Poggio Civitate","Tesoro","Tesoro 44C","https://opencontext.org/subjects/0935a0c8-485f-48ef-fce7-9eee403ca467","43.15232583501462","11.401973256817554","-700","-535","Excavation Unit","https://opencontext.org/static/oc/icons-v2/oc-context-icon.svg","","2012-12-28T00:00:00Z","2025-04-05T15:49:36Z"
"2005, ID:573","http://opencontext.org/subjects/4b85886b-03e4-48fe-41ab-d55457c5e3a9","https://n2t.net/ark:/28722/k2nc5xd55","Murlo","https://opencontext.org/projects/df043419-f23b-41da-7e4d-ee52af22f92f","Europe","Italy","Poggio Civitate","Civitate D","Civitate D 14A, B, C","https://opencontext.org/subjects/14ba9339-c320-4143-1ea1-ea992ff7ed49","43.15259143768224","11.402579385348169","-700","-535","Excavation Unit","https://opencontext.org/static/oc/icons-v2/oc-context-icon.svg","","2012-12-28T00:00:00Z","2025-04-05T15:49:37Z"
"2012, ID:658","http://opencontext.org/subjects/1a6306d7-a0f3-4b45-9667-6854f9e21100","https://n2t.net/ark:/28722/k2ws90h0r","Murlo","https://opencontext.org/projects/df043419-f23b-41da-7e4d-ee52af22f92f","Europe","Italy","Poggio Civitate","Civitate A","Civitate A75","https://opencontext.org/subjects/8549495b-24a3-4cb8-8a3f-dd655267b500","43.1530464151654","11.40030728383211","-700","-535","Excavation Unit","https://opencontext.org/static/oc/icons-v2/oc-context-icon.svg","","2017-10-04T02:36:40Z","2025-04-05T15:49:49Z"
"2007, ID:593","http://opencontext.org/subjects/c0c7b0e4-6135-4a2d-5e6b-1285190f271f","https://n2t.net/ark:/28722/k2s17xt53","Murlo","https://opencontext.org/projects/df043419-f23b-41da-7e4d-ee52af22f92f","Europe","Italy","Poggio Civitate","Civitate A","Civitate A 59","https://opencontext.org/subjects/f0450f58-e95c-4d78-fc27-17d2ccd2a155","43.153513954933004","11.399663815824447","-700","-535","Excavation Unit","https://opencontext.org/static/oc/icons-v2/oc-context-icon.svg","https://artiraq.org/static/opencontext/poggio-civitate/to-2017/thumbs/CA59-20070711-Closing-Photographs-From-South-Facing-North..jpg","2012-12-28T00:00:00Z","2025-04-05T15:49:40Z"
"T126 2025","http://opencontext.org/subjects/e8373515-8717-40cd-bcdc-23fd1caf6351","","Murlo","https://opencontext.org/projects/df043419-f23b-41da-7e4d-ee52af22f92f","Europe","Italy","Poggio Civitate","Tesoro","Tesoro 126","https://opencontext.org/subjects/bcaf0385-1e99-4445-841b-8ef2538d55b5","43.152609876758","11.402819672617","-700","-535","Excavation Unit","https://opencontext.org/static/oc/icons-v2/oc-context-icon.svg","","2012-07-06T00:00:00Z","2025-09-29T20:59:00Z"
"T127 2025","http://opencontext.org/subjects/b1587d47-3825-41dd-8a20-97554cda2985","","Murlo","https://opencontext.org/projects/df043419-f23b-41da-7e4d-ee52af22f92f","Europe","Italy","Poggio Civitate","Tesoro","Tesoro 127","https://opencontext.org/subjects/9baf8e8d-1d63-4114-9937-45199636ed07","43.152609876758","11.402819672617","-700","-535","Excavation Unit","https://opencontext.org/static/oc/icons-v2/oc-context-icon.svg","","2012-07-06T00:00:00Z","2025-09-29T20:59:01Z"
"2015, ID:703","http://opencontext.org/subjects/0a00d502-984f-4449-8bdc-8245093690f8","https://n2t.net/ark:/28722/k2kp89n40","Murlo","https://opencontext.org/projects/df043419-f23b-41da-7e4d-ee52af22f92f","Europe","Italy","Poggio Civitate","Tesoro","Tesoro 80","https://opencontext.org/subjects/3cb8baf8-9721-48ec-8f3e-4bc40f060dbc","43.15291320945887","11.400748732702688","-700","-535","Excavation Unit","https://opencontext.org/static/oc/icons-v2/oc-context-icon.svg","","2017-10-04T02:36:50Z","2025-04-05T15:49:55Z"
"CA87 2017","http://opencontext.org/subjects/3f7dc67b-9640-4e09-8c63-42640b4b23c2","https://n2t.net/ark:/28722/k2j10c10x","Murlo","https://opencontext.org/projects/df043419-f23b-41da-7e4d-ee52af22f92f","Europe","Italy","Poggio Civitate","Civitate A","Civitate A87","https://opencontext.org/subjects/e7cd34cb-3ad9-4caa-a748-7ea48389e426","43.153062356876","11.399951352354835","-700","-535","Excavation Unit","https://opencontext.org/static/oc/icons-v2/oc-context-icon.svg","","2017-10-04T02:38:19Z","2025-04-05T15:49:59Z"
"2008, ID:603","http://opencontext.org/subjects/282a6231-1fda-4dd2-9e9b-ba5f25bc7e37","https://n2t.net/ark:/28722/k2vq2xb6x","Murlo","https://opencontext.org/projects/df043419-f23b-41da-7e4d-ee52af22f92f","Europe","Italy","Poggio Civitate","Civitate C","Civitate C 9","https://opencontext.org/subjects/1fba515c-87d5-4d09-3ff1-0ee3fc12a52c","43.15240492726755","11.40142025360922","-700","-535","Excavation Unit","https://opencontext.org/static/oc/icons-v2/oc-context-icon.svg","","2012-12-28T00:00:00Z","2025-04-05T15:49:41Z"
"CA86 2017","http://opencontext.org/subjects/2d73d4bc-bc05-4242-9896-b8cf3ca96346","https://n2t.net/ark:/28722/k2d79n654","Murlo","https://opencontext.org/projects/df043419-f23b-41da-7e4d-ee52af22f92f","Europe","Italy","Poggio Civitate","Civitate A","Civitate A86","https://opencontext.org/subjects/8a00a0df-721e-46a0-abf3-f58d61ed65c9","43.15304396543704","11.400183749830255","-700","-535","Excavation Unit","https://opencontext.org/static/oc/icons-v2/oc-context-icon.svg","","2017-10-04T02:38:19Z","2025-04-05T15:49:58Z"
"CA91 2022","http://opencontext.org/subjects/7e0a1f0b-052d-41e7-a8fb-cc8698da4c7e","","Murlo","https://opencontext.org/projects/df043419-f23b-41da-7e4d-ee52af22f92f","Europe","Italy","Poggio Civitate","Civitate A","Civitate A91","https://opencontext.org/subjects/c8889527-65ea-497d-afc8-a27beb4db784","43.153556055504","11.40012431958","-700","-535","Excavation Unit","https://opencontext.org/static/oc/icons-v2/oc-context-icon.svg","","2012-07-06T00:00:00Z","2025-04-05T15:49:59Z"
"2005, ID:558","http://opencontext.org/subjects/34a37e52-6950-4ae8-fca8-3de56973b33e","https://n2t.net/ark:/28722/k2jd4tq6g","Murlo","https://opencontext.org/projects/df043419-f23b-41da-7e4d-ee52af22f92f","Europe","Italy","Poggio Civitate","Tesoro","Tesoro 44A","https://opencontext.org/subjects/4b59bb47-6a05-4159-2cf7-666f17d87506","43.15235725845633","11.401976415701581","-700","-535","Excavation Unit","https://opencontext.org/static/oc/icons-v2/oc-context-icon.svg","","2012-12-28T00:00:00Z","2025-04-05T15:49:35Z"
"2005, ID:561","http://opencontext.org/subjects/a66d8905-2236-4d2a-3151-f0c49f59b660","https://n2t.net/ark:/28722/k2fn14t2z","Murlo","https://opencontext.org/projects/df043419-f23b-41da-7e4d-ee52af22f92f","Europe","Italy","Poggio Civitate","Tesoro","Tesoro 44D","https://opencontext.org/subjects/ffd2d30e-6a04-4ea4-cd30-f8c1737e1378","43.15232354914182","11.402016180070829","-700","-535","Excavation Unit","https://opencontext.org/static/oc/icons-v2/oc-context-icon.svg","","2012-12-28T00:00:00Z","2025-04-05T15:49:36Z"
"2014, ID:686","http://opencontext.org/subjects/1f5549bf-2d1e-4eab-aa1c-a23e76cff1d4","https://n2t.net/ark:/28722/k2cz3j197","Murlo","https://opencontext.org/projects/df043419-f23b-41da-7e4d-ee52af22f92f","Europe","Italy","Poggio Civitate","Tesoro","Tesoro 69","https://opencontext.org/subjects/c7bc1990-bbd0-45fd-892f-67c59e9e778e","43.15289592733589","11.400668024909976","-700","-535","Excavation Unit","https://opencontext.org/static/oc/icons-v2/oc-context-icon.svg","","2017-10-04T02:36:46Z","2025-04-05T15:49:53Z"
"T125 2025","http://opencontext.org/subjects/fe0b7863-c69e-44e2-8fa3-f807f34bed00","","Murlo","https://opencontext.org/projects/df043419-f23b-41da-7e4d-ee52af22f92f","Europe","Italy","Poggio Civitate","Tesoro","Tesoro 125","https://opencontext.org/subjects/66b27a71-9161-4ebe-bd68-6ab064970061","43.152609876758","11.402819672617","-700","-535","Excavation Unit","https://opencontext.org/static/oc/icons-v2/oc-context-icon.svg","","2012-07-06T00:00:00Z","2025-09-29T20:58:59Z"
"1971, ID:283","http://opencontext.org/subjects/b91809da-a28d-438b-f735-636d941825e1","https://n2t.net/ark:/28722/k2h41pn8p","Murlo","https://opencontext.org/projects/df043419-f23b-41da-7e4d-ee52af22f92f","Europe","Italy","Poggio Civitate","Tesoro Rectangle","Tesoro Rectangle 7","https://opencontext.org/subjects/91161fdb-70d6-4c74-7090-5171edcc899f","43.15338824770383","11.401391563984806","-700","-535","Excavation Unit","https://opencontext.org/static/oc/icons-v2/oc-context-icon.svg","","2012-12-28T00:00:00Z","2025-04-05T15:48:53Z"
"2010, ID:631","http://opencontext.org/subjects/6d6da14b-cde3-4a36-650d-a80a611c0689","https://n2t.net/ark:/28722/k2057ht3d","Murlo","https://opencontext.org/projects/df043419-f23b-41da-7e4d-ee52af22f92f","Europe","Italy","Poggio Civitate","Civitate B","Civitate B 41","https://opencontext.org/subjects/d35f2b37-88a4-4dfd-3b34-8f6045d571c2","43.1525084936882","11.399390265371014","-700","-535","Excavation Unit","https://opencontext.org/static/oc/icons-v2/oc-context-icon.svg","","2012-12-28T00:00:00Z","2025-04-05T15:49:45Z"
"1989, ID:249","http://opencontext.org/subjects/d55f05fe-7ebb-40d8-b39e-1ec5d83be1da","https://n2t.net/ark:/28722/k2jd4tq4h","Murlo","https://opencontext.org/projects/df043419-f23b-41da-7e4d-ee52af22f92f","Europe","Italy","Poggio Civitate","Civitate D","Civitate D 6","https://opencontext.org/subjects/5b8c1a9d-9b52-4341-9c4d-ef0fc2724ac9","43.15301254364422","11.402214834925351","-700","-535","Excavation Unit","https://opencontext.org/static/oc/icons-v2/oc-context-icon.svg","https://artiraq.org/static/opencontext/poggio-civitate/thumbs/trenchbookimages/uncropped/NMeyerI_32,33.JPG","2012-12-28T00:00:00Z","2025-04-05T15:49:11Z"
"T98 2019","http://opencontext.org/subjects/19b400ef-0de9-473f-b3cd-6662c5d61b96","https://n2t.net/ark:/28722/k20k2p752","Murlo","https://opencontext.org/projects/df043419-f23b-41da-7e4d-ee52af22f92f","Europe","Italy","Poggio Civitate","Tesoro","Tesoro 98","https://opencontext.org/subjects/cfef9e4c-2688-4f15-a3dc-d56b1ee1225e","43.152609876758","11.402819672617","-700","-535","Excavation Unit","https://opencontext.org/static/oc/icons-v2/oc-context-icon.svg","","2019-09-13T16:43:45Z","2025-04-05T15:48:20Z"
"2005, ID:549","http://opencontext.org/subjects/7655e594-69c9-4438-1bed-5987f671d933","https://n2t.net/ark:/28722/k2vq2xb7d","Murlo","https://opencontext.org/projects/df043419-f23b-41da-7e4d-ee52af22f92f","Europe","Italy","Poggio Civitate","Tesoro","Tesoro 42A","https://opencontext.org/subjects/11697578-2d58-4b26-3cbb-21a05a1849fb","43.15248527342592","11.402030368835325","-700","-535","Excavation Unit","https://opencontext.org/static/oc/icons-v2/oc-context-icon.svg","","2012-12-28T00:00:00Z","2025-04-05T15:49:34Z"
"2007, ID:595","http://opencontext.org/subjects/78dc8ffd-d170-4ff7-1d02-ea0c85a4539c","https://n2t.net/ark:/28722/k21j9c88v","Murlo","https://opencontext.org/projects/df043419-f23b-41da-7e4d-ee52af22f92f","Europe","Italy","Poggio Civitate","Civitate A","Civitate A 60","https://opencontext.org/subjects/a6b77ef6-3c0c-4216-582c-26089a814169","43.153445716453724","11.39975867711243","-700","-535","Excavation Unit","https://opencontext.org/static/oc/icons-v2/oc-context-icon.svg","","2012-12-28T00:00:00Z","2025-04-05T15:49:40Z"
"T124 2025","http://opencontext.org/subjects/0fd3eadf-14cd-4d85-9a5e-2b249c46188e","","Murlo","https://opencontext.org/projects/df043419-f23b-41da-7e4d-ee52af22f92f","Europe","Italy","Poggio Civitate","Tesoro","Tesoro 124","https://opencontext.org/subjects/e72f8b3f-abb3-4a78-9e07-114c9809ab20","43.152609876758","11.402819672617","-700","-535","Excavation Unit","https://opencontext.org/static/oc/icons-v2/oc-context-icon.svg","","2012-07-06T00:00:00Z","2025-09-29T20:58:58Z"
"1971, ID:382","http://opencontext.org/subjects/3696ac55-cc89-4299-979f-e230364487fc","https://n2t.net/ark:/28722/k24t6k45n","Murlo","https://opencontext.org/projects/df043419-f23b-41da-7e4d-ee52af22f92f","Europe","Italy","Poggio Civitate","Tesoro","Tesoro 9","https://opencontext.org/subjects/2810a063-516f-4418-0d33-551d985b438c","43.153575452712","11.403420606434","-700","-535","Excavation Unit","https://opencontext.org/static/oc/icons-v2/oc-context-icon.svg","","2012-12-28T00:00:00Z","2025-04-05T15:48:53Z"
"2007, ID:594","http://opencontext.org/subjects/18dd4edd-cf3f-4829-a003-87afa4ed6742","https://n2t.net/ark:/28722/k2br8rh43","Murlo","https://opencontext.org/projects/df043419-f23b-41da-7e4d-ee52af22f92f","Europe","Italy","Poggio Civitate","Civitate C","Civitate C 8","https://opencontext.org/subjects/4aaa3254-e8df-418f-3ad1-3a3731c218c4","43.15233358646941","11.402251431316477","-700","-535","Excavation Unit","https://opencontext.org/static/oc/icons-v2/oc-context-icon.svg","","2012-12-28T00:00:00Z","2025-04-05T15:49:40Z"
"2003, ID:503","http://opencontext.org/subjects/7e17dfbb-8f0f-4a19-3f74-f9268fbd6813","https://n2t.net/ark:/28722/k2736r35z","Murlo","https://opencontext.org/projects/df043419-f23b-41da-7e4d-ee52af22f92f","Europe","Italy","Poggio Civitate","Civitate A","Civitate A 54","https://opencontext.org/subjects/5ba78955-2817-48f9-d0c5-e3b2c438dfc7","43.153300508402204","11.399858137827795","-700","-535","Excavation Unit","https://opencontext.org/static/oc/icons-v2/oc-context-icon.svg","","2012-12-28T00:00:00Z","2025-04-05T15:49:29Z"
"2012, ID:660","http://opencontext.org/subjects/ecba8803-74d2-40ac-a63a-54ee3dce5d2c","https://n2t.net/ark:/28722/k25b0dz1m","Murlo","https://opencontext.org/projects/df043419-f23b-41da-7e4d-ee52af22f92f","Europe","Italy","Poggio Civitate","Civitate B","Civitate B60","https://opencontext.org/subjects/fe69159e-d7c0-4c8e-8bf0-23e0936699d7","43.152772643565655","11.400193493294022","-700","-535","Excavation Unit","https://opencontext.org/static/oc/icons-v2/oc-context-icon.svg","","2017-10-04T02:36:40Z","2025-04-05T15:49:49Z"
"T101 2023","http://opencontext.org/subjects/251faa99-47e4-41ce-a184-cbe6861a44d6","","Murlo","https://opencontext.org/projects/df043419-f23b-41da-7e4d-ee52af22f92f","Europe","Italy","Poggio Civitate","Tesoro","Tesoro 101","https://opencontext.org/subjects/dd22b8e3-68bd-4d8f-b10c-8613f3348a44","43.15283702805796","11.40165200174104","-700","-535","Excavation Unit","https://opencontext.org/static/oc/icons-v2/oc-context-icon.svg","","2012-07-06T00:00:00Z","2025-04-05T15:48:20Z"
"T119 2025","http://opencontext.org/subjects/b648990a-ae68-49e9-a0a2-5c2629cfef1f","","Murlo","https://opencontext.org/projects/df043419-f23b-41da-7e4d-ee52af22f92f","Europe","Italy","Poggio Civitate","Tesoro","Tesoro 119","https://opencontext.org/subjects/99e8dd4d-3db3-40a5-9233-107f37ee4881","43.152609876758","11.402819672617","-700","-535","Excavation Unit","https://opencontext.org/static/oc/icons-v2/oc-context-icon.svg","","2012-07-06T00:00:00Z","2025-09-29T21:47:09Z"
"2005, ID:553","http://opencontext.org/subjects/99f94829-b4f3-44ce-8a9b-a8236becfbb4","https://n2t.net/ark:/28722/k2cr5sd7s","Murlo","https://opencontext.org/projects/df043419-f23b-41da-7e4d-ee52af22f92f","Europe","Italy","Poggio Civitate","Tesoro","Tesoro 44","https://opencontext.org/subjects/4f0bbfbe-2108-482e-3a81-572e84a5732d","43.152388357309604","11.401985704810826","-700","-535","Excavation Unit","https://opencontext.org/static/oc/icons-v2/oc-context-icon.svg","","2012-12-28T00:00:00Z","2025-04-05T15:49:34Z"
"T96 2019","http://opencontext.org/subjects/b62df9fc-c722-46c2-9122-0f2cdb9ab26b","https://n2t.net/ark:/28722/k2r217s6m","Murlo","https://opencontext.org/projects/df043419-f23b-41da-7e4d-ee52af22f92f","Europe","Italy","Poggio Civitate","Tesoro","Tesoro 96","https://opencontext.org/subjects/d2673e1a-deab-40d7-b640-069e84337ce3","43.152609876758","11.402819672617","-700","-535","Excavation Unit","https://opencontext.org/static/oc/icons-v2/oc-context-icon.svg","","2019-09-13T16:43:43Z","2025-04-05T15:48:20Z"
"CA94 2023","http://opencontext.org/subjects/85cec729-67d2-41fd-b423-0466f07eed50","","Murlo","https://opencontext.org/projects/df043419-f23b-41da-7e4d-ee52af22f92f","Europe","Italy","Poggio Civitate","Civitate A","Civitate A94","https://opencontext.org/subjects/b4b6860f-642d-494e-830c-049c486d19d9","43.15344769832818","11.399877430615867","-700","-535","Excavation Unit","https://opencontext.org/static/oc/icons-v2/oc-context-icon.svg","","2012-07-06T00:00:00Z","2025-04-05T15:49:59Z"
"1990, ID:234","http://opencontext.org/subjects/af4264d9-c414-4b82-555e-231542b8a4a3","https://n2t.net/ark:/28722/k2b857j9s","Murlo","https://opencontext.org/projects/df043419-f23b-41da-7e4d-ee52af22f92f","Europe","Italy","Poggio Civitate","Civitate B","Civitate B 26","https://opencontext.org/subjects/a4d33fa9-0e20-4cc8-b21e-4a9ddf611980","43.152317255282","11.399201496398","-700","-535","Excavation Unit","https://opencontext.org/static/oc/icons-v2/oc-context-icon.svg","https://artiraq.org/static/opencontext/poggio-civitate/thumbs/trenchbookimages/uncropped/MSWilcoxVI_2,3.JPG","2012-12-28T00:00:00Z","2025-04-05T15:49:13Z"
"T117 2025","http://opencontext.org/subjects/6e081563-2c12-4322-8616-df9dbf4d63e7","","Murlo","https://opencontext.org/projects/df043419-f23b-41da-7e4d-ee52af22f92f","Europe","Italy","Poggio Civitate","Tesoro","Tesoro 117","https://opencontext.org/subjects/758e3c61-5d43-44f5-ba2e-155d09fa4000","43.152609876758","11.402819672617","-700","-535","Excavation Unit","https://opencontext.org/static/oc/icons-v2/oc-context-icon.svg","","2012-07-06T00:00:00Z","2025-09-29T21:47:07Z"
"2010, ID:626","http://opencontext.org/subjects/a08a8f9b-dfac-436c-6d6e-f08ede4c40db","https://n2t.net/ark:/28722/k2v120m7x","Murlo","https://opencontext.org/projects/df043419-f23b-41da-7e4d-ee52af22f92f","Europe","Italy","Poggio Civitate","Civitate A","Civitate A 67","https://opencontext.org/subjects/11d4ff91-61ef-4ad7-7248-1822f8070bdd","43.15360814108653","11.399081489064418","-700","-535","Excavation Unit","https://opencontext.org/static/oc/icons-v2/oc-context-icon.svg","","2012-12-28T00:00:00Z","2025-04-05T15:49:45Z"
"2005, ID:548","http://opencontext.org/subjects/337fe71e-94cd-4fb5-872f-b1678343b812","https://n2t.net/ark:/28722/k2m90642j","Murlo","https://opencontext.org/projects/df043419-f23b-41da-7e4d-ee52af22f92f","Europe","Italy","Poggio Civitate","Tesoro","Tesoro 42C","https://opencontext.org/subjects/796e1c30-7a47-4202-df3b-eabb01a920db","43.15249153175928","11.402082364834362","-700","-535","Excavation Unit","https://opencontext.org/static/oc/icons-v2/oc-context-icon.svg","","2012-12-28T00:00:00Z","2025-04-05T15:49:34Z"
"CA93 2023","http://opencontext.org/subjects/7bbc18af-af3a-47dc-9504-84178123f1fb","","Murlo","https://opencontext.org/projects/df043419-f23b-41da-7e4d-ee52af22f92f","Europe","Italy","Poggio Civitate","Civitate A","Civitate A93","https://opencontext.org/subjects/eef0d8dd-4c4b-4d9d-88e2-ca36e0bd0ddf","43.15340200046085","11.399963991794342","-700","-535","Excavation Unit","https://opencontext.org/static/oc/icons-v2/oc-context-icon.svg","","2012-07-06T00:00:00Z","2025-04-05T15:49:59Z"
"2004, ID:517","http://opencontext.org/subjects/8cbc3ce8-d016-454f-877a-ffcc6cdd93b3","https://n2t.net/ark:/28722/k25x29d86","Murlo","https://opencontext.org/projects/df043419-f23b-41da-7e4d-ee52af22f92f","Europe","Italy","Poggio Civitate","Tesoro","Tesoro 36","https://opencontext.org/subjects/9fa5b249-33b8-4509-24e4-baac1f0d4c7a","43.152435684204","11.402659988403","-700","-535","Excavation Unit","https://opencontext.org/static/oc/icons-v2/oc-context-icon.svg","https://artiraq.org/static/opencontext/poggio-civitate/to-2017/thumbs/T-36KRK-7-12j.jpg","2012-12-28T00:00:00Z","2025-04-05T15:49:31Z"
"1977, ID:80","http://opencontext.org/subjects/17a80550-e9da-4d5b-f69b-21a32b3c1458","https://n2t.net/ark:/28722/k25x29d9p","Murlo","https://opencontext.org/projects/df043419-f23b-41da-7e4d-ee52af22f92f","Europe","Italy","Poggio Civitate","Tesoro","Tesoro 19","https://opencontext.org/subjects/2c8ea052-ea7e-4eef-c09e-15b4aa761fa0","43.15343595048972","11.401956753855588","-700","-535","Excavation Unit","https://opencontext.org/static/oc/icons-v2/oc-context-icon.svg","","2012-12-28T00:00:00Z","2025-04-05T15:48:59Z"
"1970, ID:439","http://opencontext.org/subjects/36aa7f2a-f090-43a2-b5c8-a18b16276e6b","https://n2t.net/ark:/28722/k2ns0r011","Murlo","https://opencontext.org/projects/df043419-f23b-41da-7e4d-ee52af22f92f","Europe","Italy","Poggio Civitate","Civitate A","Civitate A 24","https://opencontext.org/subjects/7f7545d4-f5d1-4af6-ce89-eeb5c02f7419","43.15296067703895","11.401015416950521","-700","-535","Excavation Unit","https://opencontext.org/static/oc/icons-v2/oc-context-icon.svg","","2012-12-28T00:00:00Z","2025-04-05T15:48:49Z"
"1998, ID:357","http://opencontext.org/subjects/444151e3-24f0-421f-9bd9-6e29de9f62c7","https://n2t.net/ark:/28722/k26d5tc49","Murlo","https://opencontext.org/projects/df043419-f23b-41da-7e4d-ee52af22f92f","Europe","Italy","Poggio Civitate","Tesoro","Tesoro 26 North","https://opencontext.org/subjects/151a307c-e8c9-4542-271f-ab14d6b378e8","43.15276081378198","11.401856675601335","-700","-535","Excavation Unit","https://opencontext.org/static/oc/icons-v2/oc-context-icon.svg","","2012-12-28T00:00:00Z","2025-04-05T15:49:21Z"
"1981, ID:109","http://opencontext.org/subjects/c4e13506-ccfb-4538-8307-412eab609cab","https://n2t.net/ark:/28722/k2p847x3j","Murlo","https://opencontext.org/projects/df043419-f23b-41da-7e4d-ee52af22f92f","Europe","Italy","Poggio Civitate","Tesoro","Tesoro 26","https://opencontext.org/subjects/85992e07-7da1-4af7-f0b8-2209cbe4f57f","43.15272105003251","11.402017088630252","-700","-535","Excavation Unit","https://opencontext.org/static/oc/icons-v2/oc-context-icon.svg","","2012-12-28T00:00:00Z","2025-04-05T15:49:05Z"
"1979, ID:92","http://opencontext.org/subjects/3ecf9e3d-995b-4156-6ab7-87a8ba5bca99","https://n2t.net/ark:/28722/k2kd1vm57","Murlo","https://opencontext.org/projects/df043419-f23b-41da-7e4d-ee52af22f92f","Europe","Italy","Poggio Civitate","Tesoro","Tesoro 23","https://opencontext.org/subjects/7d95d727-e50a-412a-0129-5d4f57812599","43.152723810013576","11.402177986005455","-700","-535","Excavation Unit","https://opencontext.org/static/oc/icons-v2/oc-context-icon.svg","","2012-12-28T00:00:00Z","2025-04-05T15:49:02Z"
"1977, ID:69","http://opencontext.org/subjects/7f063c00-f507-4eb3-a384-b487190459e4","https://n2t.net/ark:/28722/k2m042z5h","Murlo","https://opencontext.org/projects/df043419-f23b-41da-7e4d-ee52af22f92f","Europe","Italy","Poggio Civitate","Tesoro","Tesoro 17","https://opencontext.org/subjects/87ec8abc-82e3-43b0-e451-9c388bf98524","43.15357218814956","11.401568062883388","-700","-535","Excavation Unit","https://opencontext.org/static/oc/icons-v2/oc-context-icon.svg","","2012-12-28T00:00:00Z","2025-04-05T15:48:59Z"
"CA85 2017","http://opencontext.org/subjects/8605e112-6af4-4b29-a50e-4ce4bb45801b","https://n2t.net/ark:/28722/k28g8xd10","Murlo","https://opencontext.org/projects/df043419-f23b-41da-7e4d-ee52af22f92f","Europe","Italy","Poggio Civitate","Civitate A","Civitate A85","https://opencontext.org/subjects/fe8ec489-d895-469c-ad03-9ccf35b795d8","43.15301963956764","11.400131996246657","-700","-535","Excavation Unit","https://opencontext.org/static/oc/icons-v2/oc-context-icon.svg","","2017-10-04T02:38:19Z","2025-04-05T15:49:58Z"
"1978, ID:82","http://opencontext.org/subjects/ef7c1c1f-7cda-4d22-06d8-e0b6b1c6d9d8","https://n2t.net/ark:/28722/k2wm17v68","Murlo","https://opencontext.org/projects/df043419-f23b-41da-7e4d-ee52af22f92f","Europe","Italy","Poggio Civitate","Tesoro","Tesoro 21","https://opencontext.org/subjects/d1d5cd18-52e4-4df6-3996-57c51161bcb2","43.15280791451258","11.401458478138457","-700","-535","Excavation Unit","https://opencontext.org/static/oc/icons-v2/oc-context-icon.svg","","2012-12-28T00:00:00Z","2025-04-05T15:49:00Z"
"CA90 2022","http://opencontext.org/subjects/185f00fb-99ed-42cc-a554-b2250dac1951","","Murlo","https://opencontext.org/projects/df043419-f23b-41da-7e4d-ee52af22f92f","Europe","Italy","Poggio Civitate","Civitate A","Civitate A90","https://opencontext.org/subjects/d7443a91-93c5-41be-80f8-b7d4ce2cfa87","43.153556055504","11.40012431958","-700","-535","Excavation Unit","https://opencontext.org/static/oc/icons-v2/oc-context-icon.svg","","2012-07-06T00:00:00Z","2025-04-05T15:49:59Z"
"1980, ID:269","http://opencontext.org/subjects/5c8ba00a-fd53-4d68-8ba8-8a4a17f4cbd6","https://n2t.net/ark:/28722/k2z03394n","Murlo","https://opencontext.org/projects/df043419-f23b-41da-7e4d-ee52af22f92f","Europe","Italy","Poggio Civitate","Agger","Agger 11 Extension","https://opencontext.org/subjects/c5fc0996-5cda-4aaf-5def-3c6c1582705e","43.15282763703619","11.401111876024045","-700","-535","Excavation Unit","https://opencontext.org/static/oc/icons-v2/oc-context-icon.svg","","2012-12-28T00:00:00Z","2025-04-05T15:49:04Z"
"2003, ID:495","http://opencontext.org/subjects/73891705-fb89-41bb-2136-0ecaa7eec787","https://n2t.net/ark:/28722/k2s75bm3q","Murlo","https://opencontext.org/projects/df043419-f23b-41da-7e4d-ee52af22f92f","Europe","Italy","Poggio Civitate","Tesoro","Tesoro 26","https://opencontext.org/subjects/85992e07-7da1-4af7-f0b8-2209cbe4f57f","43.15265000000001","11.401850000000001","-700","-535","Excavation Unit","https://opencontext.org/static/oc/icons-v2/oc-context-icon.svg","","2012-12-28T00:00:00Z","2025-07-02T11:18:43Z"
"T115 2025","http://opencontext.org/subjects/a82eddb0-d915-40b8-8f86-b2f9454a7072","","Murlo","https://opencontext.org/projects/df043419-f23b-41da-7e4d-ee52af22f92f","Europe","Italy","Poggio Civitate","Tesoro","Tesoro 115","https://opencontext.org/subjects/1b6529da-e344-4dd2-b63e-8d1ee5497dca","43.152609876758","11.402819672617","-700","-535","Excavation Unit","https://opencontext.org/static/oc/icons-v2/oc-context-icon.svg","","2012-07-06T00:00:00Z","2025-09-29T21:47:04Z"
"1968, ID:162","http://opencontext.org/subjects/e25f27c3-cdfc-4d39-9b9a-a749a8a80f64","https://n2t.net/ark:/28722/k26h4hr7m","Murlo","https://opencontext.org/projects/df043419-f23b-41da-7e4d-ee52af22f92f","Europe","Italy","Poggio Civitate","Civitate A","Civitate A 2I","https://opencontext.org/subjects/70c79482-d139-48d9-679f-bc81251b4908","43.15322189437428","11.400833879204288","-700","-535","Excavation Unit","https://opencontext.org/static/oc/icons-v2/oc-context-icon.svg","","2012-12-28T00:00:00Z","2025-04-05T15:48:36Z"
"1977, ID:293","http://opencontext.org/subjects/368588e0-9a4f-4e00-2cf8-c4da561557bf","https://n2t.net/ark:/28722/k2pr7rv5s","Murlo","https://opencontext.org/projects/df043419-f23b-41da-7e4d-ee52af22f92f","Europe","Italy","Poggio Civitate","Tesoro Rectangle","Tesoro Rectangle 12","https://opencontext.org/subjects/07a9f589-86a0-4297-95d1-e6565c93ba14","43.1531275491507","11.401234737753926","-700","-535","Excavation Unit","https://opencontext.org/static/oc/icons-v2/oc-context-icon.svg","","2012-12-28T00:00:00Z","2025-04-05T15:48:59Z"
"1968, ID:161","http://opencontext.org/subjects/0bd521e1-a442-48dc-c45f-4ca748597550","https://n2t.net/ark:/28722/k2z033954","Murlo","https://opencontext.org/projects/df043419-f23b-41da-7e4d-ee52af22f92f","Europe","Italy","Poggio Civitate","Civitate A","Civitate A 2H","https://opencontext.org/subjects/84ef9555-a65f-40f7-5e7f-f14b2c46194c","43.15323094549868","11.400779954928623","-700","-535","Excavation Unit","https://opencontext.org/static/oc/icons-v2/oc-context-icon.svg","","2012-12-28T00:00:00Z","2025-04-05T15:48:35Z"
"1968, ID:48","http://opencontext.org/subjects/f1c8ede7-b1ab-41fe-998f-820c5f85074c","https://n2t.net/ark:/28722/k25m66816","Murlo","https://opencontext.org/projects/df043419-f23b-41da-7e4d-ee52af22f92f","Europe","Italy","Poggio Civitate","Tesoro","Tesoro 5E","https://opencontext.org/subjects/111e6686-2053-4055-3ce1-560232da7573","43.15327878968225","11.401492718400648","-700","-535","Excavation Unit","https://opencontext.org/static/oc/icons-v2/oc-context-icon.svg","","2012-12-28T00:00:00Z","2025-04-05T15:48:35Z"
"1976, ID:272","http://opencontext.org/subjects/de5efa76-4851-4afc-df09-467d249ab1b9","https://n2t.net/ark:/28722/k25m66784","Murlo","https://opencontext.org/projects/df043419-f23b-41da-7e4d-ee52af22f92f","Europe","Italy","Poggio Civitate","Tesoro Rectangle","Tesoro Rectangle 2","https://opencontext.org/subjects/2ec1808c-2404-42de-bf5b-1a53e8ed8f7b","43.15335951972235","11.402088752286172","-700","-535","Excavation Unit","https://opencontext.org/static/oc/icons-v2/oc-context-icon.svg","","2012-12-28T00:00:00Z","2025-04-05T15:48:58Z"
"1980, ID:408","http://opencontext.org/subjects/32b61533-be8c-481d-cfd9-31c7aa2db5b0","https://n2t.net/ark:/28722/k2df6q431","Murlo","https://opencontext.org/projects/df043419-f23b-41da-7e4d-ee52af22f92f","Europe","Italy","Poggio Civitate","Tesoro Rectangle","Tesoro Rectangle 22","https://opencontext.org/subjects/52f9a1d5-8943-494b-31e9-08ee850defc3","43.152769201226036","11.40107397161433","-700","-535","Excavation Unit","https://opencontext.org/static/oc/icons-v2/oc-context-icon.svg","","2012-12-28T00:00:00Z","2025-04-05T15:49:04Z"
"1968, ID:160","http://opencontext.org/subjects/a5e7af56-bb36-4490-2eeb-9f9ea2ae1368","https://n2t.net/ark:/28722/k2pg1np77","Murlo","https://opencontext.org/projects/df043419-f23b-41da-7e4d-ee52af22f92f","Europe","Italy","Poggio Civitate","Civitate A","Civitate A 2G","https://opencontext.org/subjects/f73b5a03-f6c1-4678-a78c-a9610b182459","43.15324099805589","11.400720037516148","-700","-535","Excavation Unit","https://opencontext.org/static/oc/icons-v2/oc-context-icon.svg","","2012-12-28T00:00:00Z","2025-04-05T15:48:35Z"
"1969, ID:57","http://opencontext.org/subjects/68f088f1-a2c1-4072-a9ab-ee6001f30cf8","https://n2t.net/ark:/28722/k2rn3485s","Murlo","https://opencontext.org/projects/df043419-f23b-41da-7e4d-ee52af22f92f","Europe","Italy","Poggio Civitate","Tesoro","Tesoro 9","https://opencontext.org/subjects/2810a063-516f-4418-0d33-551d985b438c","43.15323845772348","11.402176939197908","-700","-535","Excavation Unit","https://opencontext.org/static/oc/icons-v2/oc-context-icon.svg","","2012-12-28T00:00:00Z","2025-04-05T15:48:42Z"
"1990, ID:197","http://opencontext.org/subjects/373b16b4-8e0f-4008-8d24-43685aa72064","https://n2t.net/ark:/28722/k27p8zf5j","Murlo","https://opencontext.org/projects/df043419-f23b-41da-7e4d-ee52af22f92f","Europe","Italy","Poggio Civitate","Civitate A","Civitate A 33","https://opencontext.org/subjects/905a30a8-a71d-44df-3181-437816b64864","43.15369257113941","11.39919379801322","-700","-535","Excavation Unit","https://opencontext.org/static/oc/icons-v2/oc-context-icon.svg","","2012-12-28T00:00:00Z","2025-04-05T15:49:12Z"
"1972, ID:275","http://opencontext.org/subjects/8ac933df-d0c3-479a-9d7f-1bd5854ac9c6","https://n2t.net/ark:/28722/k22v2hb47","Murlo","https://opencontext.org/projects/df043419-f23b-41da-7e4d-ee52af22f92f","Europe","Italy","Poggio Civitate","Tesoro Rectangle","Tesoro Rectangle 5","https://opencontext.org/subjects/c7642f73-7027-4294-575e-b647e1f4486d","43.153443448424234","11.401511812292544","-700","-535","Excavation Unit","https://opencontext.org/static/oc/icons-v2/oc-context-icon.svg","","2012-12-28T00:00:00Z","2025-04-05T15:48:55Z"
"1970, ID:67","http://opencontext.org/subjects/85401603-a817-48c1-e331-9c63ba143cc9","https://n2t.net/ark:/28722/k2g73c53r","Murlo","https://opencontext.org/projects/df043419-f23b-41da-7e4d-ee52af22f92f","Europe","Italy","Poggio Civitate","Tesoro","Tesoro 17","https://opencontext.org/subjects/87ec8abc-82e3-43b0-e451-9c388bf98524","43.153561471011315","11.401623183966631","-700","-535","Excavation Unit","https://opencontext.org/static/oc/icons-v2/oc-context-icon.svg","","2012-12-28T00:00:00Z","2025-04-05T15:48:48Z"
"1969, ID:152","http://opencontext.org/subjects/04d907b0-a850-4129-03fb-cbaba554171f","https://n2t.net/ark:/28722/k27944v84","Murlo","https://opencontext.org/projects/df043419-f23b-41da-7e4d-ee52af22f92f","Europe","Italy","Poggio Civitate","Civitate A","Civitate A 1","https://opencontext.org/subjects/21fb0f16-5ea7-49a6-6407-9c109f19d590","43.15319224988624","11.401047094209579","-700","-535","Excavation Unit","https://opencontext.org/static/oc/icons-v2/oc-context-icon.svg","","2012-12-28T00:00:00Z","2025-04-05T15:48:42Z"
"2000, ID:437","http://opencontext.org/subjects/039766cc-521f-46b6-2b98-40210f7da8f1","https://n2t.net/ark:/28722/k2xk88r5g","Murlo","https://opencontext.org/projects/df043419-f23b-41da-7e4d-ee52af22f92f","Europe","Italy","Poggio Civitate","Tesoro","Tesoro 22 West Extension","https://opencontext.org/subjects/7657e3b1-bd3b-4ca1-dde9-283320549b59","43.15276138610931","11.401591667718707","-700","-535","Excavation Unit","https://opencontext.org/static/oc/icons-v2/oc-context-icon.svg","","2012-12-28T00:00:00Z","2025-04-05T15:49:25Z"
"2000, ID:425","http://opencontext.org/subjects/b0f889b2-6d71-4022-f311-caa9919a9ecc","https://n2t.net/ark:/28722/k2542p932","Murlo","https://opencontext.org/projects/df043419-f23b-41da-7e4d-ee52af22f92f","Europe","Italy","Poggio Civitate","Tesoro","Tesoro 21","https://opencontext.org/subjects/d1d5cd18-52e4-4df6-3996-57c51161bcb2","43.152754693347504","11.401547843103346","-700","-535","Excavation Unit","https://opencontext.org/static/oc/icons-v2/oc-context-icon.svg","","2012-12-28T00:00:00Z","2025-04-05T15:49:24Z"
"1969, ID:192","http://opencontext.org/subjects/a63e424c-a2af-469b-a85d-ac1cc690b2a9","https://n2t.net/ark:/28722/k2z896g45","Murlo","https://opencontext.org/projects/df043419-f23b-41da-7e4d-ee52af22f92f","Europe","Italy","Poggio Civitate","Civitate A","Civitate A 28","https://opencontext.org/subjects/e6c393f9-9543-431e-7af9-3625e7c58884","43.153486625848565","11.401214366780286","-700","-535","Excavation Unit","https://opencontext.org/static/oc/icons-v2/oc-context-icon.svg","","2012-12-28T00:00:00Z","2025-04-05T15:48:44Z"
"1970, ID:281","http://opencontext.org/subjects/b9276437-4e36-4e08-2d09-7faa0ae7b7d2","https://n2t.net/ark:/28722/k2028td90","Murlo","https://opencontext.org/projects/df043419-f23b-41da-7e4d-ee52af22f92f","Europe","Italy","Poggio Civitate","Tesoro Rectangle","Tesoro Rectangle 6","https://opencontext.org/subjects/44628caa-a72c-46be-3db0-d4d44d5266dd","43.15346357912232","11.401437965028919","-700","-535","Excavation Unit","https://opencontext.org/static/oc/icons-v2/oc-context-icon.svg","","2012-12-28T00:00:00Z","2025-04-05T15:48:49Z"
"1972, ID:284","http://opencontext.org/subjects/53eb84d5-7033-4c0a-3473-1703ac111198","https://n2t.net/ark:/28722/k2ms3q296","Murlo","https://opencontext.org/projects/df043419-f23b-41da-7e4d-ee52af22f92f","Europe","Italy","Poggio Civitate","Tesoro Rectangle","Tesoro Rectangle 7","https://opencontext.org/subjects/91161fdb-70d6-4c74-7090-5171edcc899f","43.15338824770383","11.401391563984806","-700","-535","Excavation Unit","https://opencontext.org/static/oc/icons-v2/oc-context-icon.svg","","2012-12-28T00:00:00Z","2025-04-05T15:48:55Z"
"1970, ID:288","http://opencontext.org/subjects/8a817258-0759-47e8-0b1e-ffac21ad9d3e","https://n2t.net/ark:/28722/k2sj1fs1t","Murlo","https://opencontext.org/projects/df043419-f23b-41da-7e4d-ee52af22f92f","Europe","Italy","Poggio Civitate","Tesoro Rectangle","Tesoro Rectangle 9","https://opencontext.org/subjects/c253c0ea-35af-4cb0-2706-5029b26a50a7","43.153270474004145","11.401326993144824","-700","-535","Excavation Unit","https://opencontext.org/static/oc/icons-v2/oc-context-icon.svg","","2012-12-28T00:00:00Z","2025-04-05T15:48:49Z"
"1971, ID:295","http://opencontext.org/subjects/9f5d7919-2266-4617-40b9-45cafa9b178e","https://n2t.net/ark:/28722/k2bg2nb6j","Murlo","https://opencontext.org/projects/df043419-f23b-41da-7e4d-ee52af22f92f","Europe","Italy","Poggio Civitate","Tesoro Rectangle","Tesoro Rectangle 13","https://opencontext.org/subjects/69c35ef4-a28a-44ed-9207-781f6e590bfc","43.153048641232466","11.401204217245791","-700","-535","Excavation Unit","https://opencontext.org/static/oc/icons-v2/oc-context-icon.svg","","2012-12-28T00:00:00Z","2025-04-05T15:48:53Z"
"1968, ID:164","http://opencontext.org/subjects/8ef7aa6f-6ce3-4b45-b488-302e52bb9615","https://n2t.net/ark:/28722/k2qf8pk7x","Murlo","https://opencontext.org/projects/df043419-f23b-41da-7e4d-ee52af22f92f","Europe","Italy","Poggio Civitate","Civitate A","Civitate A 2K","https://opencontext.org/subjects/4229e876-c8f2-4b77-009e-c3e060979115","43.15329775883126","11.400794632994867","-700","-535","Excavation Unit","https://opencontext.org/static/oc/icons-v2/oc-context-icon.svg","","2012-12-28T00:00:00Z","2025-04-05T15:48:36Z"
"1969, ID:259","http://opencontext.org/subjects/8fd93d1c-264c-40b6-9a72-1f3eab44c8b6","https://n2t.net/ark:/28722/k2zs2qd9d","Murlo","https://opencontext.org/projects/df043419-f23b-41da-7e4d-ee52af22f92f","Europe","Italy","Poggio Civitate","Agger","Agger 3","https://opencontext.org/subjects/cc26ee76-1a1f-4fc6-7177-c057d53e85ea","43.153265670265206","11.401305122984146","-700","-535","Excavation Unit","https://opencontext.org/static/oc/icons-v2/oc-context-icon.svg","","2012-12-28T00:00:00Z","2025-04-05T15:48:46Z"
"1978, ID:85","http://opencontext.org/subjects/5c7c5703-c751-4458-9611-3994a62ac974","https://n2t.net/ark:/28722/k2qz26j63","Murlo","https://opencontext.org/projects/df043419-f23b-41da-7e4d-ee52af22f92f","Europe","Italy","Poggio Civitate","Tesoro","Tesoro 22","https://opencontext.org/subjects/6cc50267-cd40-45e1-5bce-905f09a8ce49","43.15277576201372","11.401708689182435","-700","-535","Excavation Unit","https://opencontext.org/static/oc/icons-v2/oc-context-icon.svg","","2012-12-28T00:00:00Z","2025-04-05T15:49:00Z"
"1966, ID:41","http://opencontext.org/subjects/13781dfa-0d2c-41fc-8d12-ef779f960074","https://n2t.net/ark:/28722/k2rf5qh07","Murlo","https://opencontext.org/projects/df043419-f23b-41da-7e4d-ee52af22f92f","Europe","Italy","Poggio Civitate","Tesoro","Tesoro 2","https://opencontext.org/subjects/ce6776d3-567b-4ce8-90bb-ba3421985927","43.15302777944867","11.401415919384469","-700","-535","Excavation Unit","https://opencontext.org/static/oc/icons-v2/oc-context-icon.svg","","2012-12-28T00:00:00Z","2025-04-05T15:48:24Z"
"1975, ID:74","http://opencontext.org/subjects/c004d54d-c176-4792-be08-792d9195317a","https://n2t.net/ark:/28722/k2rr1tn77","Murlo","https://opencontext.org/projects/df043419-f23b-41da-7e4d-ee52af22f92f","Europe","Italy","Poggio Civitate","Tesoro","Tesoro 18","https://opencontext.org/subjects/8278e5d0-37ee-493b-8c3f-d2b82e469e98","43.15348645343905","11.401772458027166","-700","-535","Excavation Unit","https://opencontext.org/static/oc/icons-v2/oc-context-icon.svg","","2012-12-28T00:00:00Z","2025-04-05T15:48:57Z"
"1969, ID:260","http://opencontext.org/subjects/2a1a12f4-f920-4a59-35c5-70d8d7fec492","https://n2t.net/ark:/28722/k2c24vp4g","Murlo","https://opencontext.org/projects/df043419-f23b-41da-7e4d-ee52af22f92f","Europe","Italy","Poggio Civitate","Agger","Agger 4","https://opencontext.org/subjects/2c6b6a2a-48e8-4bb6-73de-f80a6e10db64","43.15317410713098","11.401289142872628","-700","-535","Excavation Unit","https://opencontext.org/static/oc/icons-v2/oc-context-icon.svg","","2012-12-28T00:00:00Z","2025-04-05T15:48:46Z"
"1967, ID:157","http://opencontext.org/subjects/1486cef9-fb7e-48a5-1468-306c069785bd","https://n2t.net/ark:/28722/k2x062d6c","Murlo","https://opencontext.org/projects/df043419-f23b-41da-7e4d-ee52af22f92f","Europe","Italy","Poggio Civitate","Civitate A","Civitate A 2E","https://opencontext.org/subjects/a6d06e20-815e-4bdb-1d4f-164a33e9065a","43.153268140021055","11.400558261023047","-700","-535","Excavation Unit","https://opencontext.org/static/oc/icons-v2/oc-context-icon.svg","","2012-12-28T00:00:00Z","2025-04-05T15:48:33Z"
"1969, ID:56","http://opencontext.org/subjects/83e9f7d3-4b39-4734-476b-f64e3ab4d584","https://n2t.net/ark:/28722/k2cc0zv51","Murlo","https://opencontext.org/projects/df043419-f23b-41da-7e4d-ee52af22f92f","Europe","Italy","Poggio Civitate","Tesoro","Tesoro 8","https://opencontext.org/subjects/70b8455e-9b27-4229-8f2f-50a4a004b6e9","43.15317624575061","11.401770460103178","-700","-535","Excavation Unit","https://opencontext.org/static/oc/icons-v2/oc-context-icon.svg","","2012-12-28T00:00:00Z","2025-04-05T15:48:42Z"
"1967, ID:156","http://opencontext.org/subjects/a3cdcb91-5b30-4305-eff7-1014ab258a0e","https://n2t.net/ark:/28722/k2ng4mt1j","Murlo","https://opencontext.org/projects/df043419-f23b-41da-7e4d-ee52af22f92f","Europe","Italy","Poggio Civitate","Civitate A","Civitate A 2C","https://opencontext.org/subjects/567c3d7c-64d1-4be0-c3d2-715cc5bb9cbe","43.15326411636207","11.400582226678711","-700","-535","Excavation Unit","https://opencontext.org/static/oc/icons-v2/oc-context-icon.svg","","2012-12-28T00:00:00Z","2025-04-05T15:48:32Z"
"1972, ID:81","http://opencontext.org/subjects/eb236367-cce3-4a53-eb80-351e2e598e90","https://n2t.net/ark:/28722/k26w9b98w","Murlo","https://opencontext.org/projects/df043419-f23b-41da-7e4d-ee52af22f92f","Europe","Italy","Poggio Civitate","Tesoro","Tesoro 20","https://opencontext.org/subjects/264836f4-3e66-4b0e-4e6c-0c8d3da7b445","43.152837160541424","11.401878355496766","-700","-535","Excavation Unit","https://opencontext.org/static/oc/icons-v2/oc-context-icon.svg","","2012-12-28T00:00:00Z","2025-04-05T15:48:54Z"
"1969, ID:55","http://opencontext.org/subjects/db8a88c9-ca9e-44dd-9e67-aca26d5ae831","https://n2t.net/ark:/28722/k23t9j74x","Murlo","https://opencontext.org/projects/df043419-f23b-41da-7e4d-ee52af22f92f","Europe","Italy","Poggio Civitate","Tesoro","Tesoro 7","https://opencontext.org/subjects/97e454e6-96c5-40f2-fd8c-dcdc6748b984","43.15313446098552","11.401396571537061","-700","-535","Excavation Unit","https://opencontext.org/static/oc/icons-v2/oc-context-icon.svg","","2012-12-28T00:00:00Z","2025-04-05T15:48:42Z"
"1978, ID:253","http://opencontext.org/subjects/02e6eefa-f1ce-4584-752d-44175c50626c","https://n2t.net/ark:/28722/k21j9c87c","Murlo","https://opencontext.org/projects/df043419-f23b-41da-7e4d-ee52af22f92f","Europe","Italy","Poggio Civitate","North Terrace","North Terrace 1","https://opencontext.org/subjects/049b8866-8a07-4515-f59c-45d710ee1a32","43.15367619113449","11.4015134767635","-700","-535","Excavation Unit","https://opencontext.org/static/oc/icons-v2/oc-context-icon.svg","","2012-12-28T00:00:00Z","2025-04-05T15:49:01Z"
"1972, ID:71","http://opencontext.org/subjects/93ab3dc0-e669-45e2-678f-4e41bf0664c4","https://n2t.net/ark:/28722/k2h70d20j","Murlo","https://opencontext.org/projects/df043419-f23b-41da-7e4d-ee52af22f92f","Europe","Italy","Poggio Civitate","Tesoro","Tesoro 18","https://opencontext.org/subjects/8278e5d0-37ee-493b-8c3f-d2b82e469e98","43.15351240137826","11.401767088675228","-700","-535","Excavation Unit","https://opencontext.org/static/oc/icons-v2/oc-context-icon.svg","","2012-12-28T00:00:00Z","2025-04-05T15:48:53Z"
"1979, ID:304","http://opencontext.org/subjects/e56eeaae-ae6d-49a5-b2ae-6ed1e4d38655","https://n2t.net/ark:/28722/k28p60b17","Murlo","https://opencontext.org/projects/df043419-f23b-41da-7e4d-ee52af22f92f","Europe","Italy","Poggio Civitate","Tesoro Rectangle","Tesoro Rectangle 22","https://opencontext.org/subjects/52f9a1d5-8943-494b-31e9-08ee850defc3","43.152769201226036","11.40107397161433","-700","-535","Excavation Unit","https://opencontext.org/static/oc/icons-v2/oc-context-icon.svg","","2012-12-28T00:00:00Z","2025-04-05T15:49:03Z"
"1976, ID:290","http://opencontext.org/subjects/5e978f37-6ff0-4e05-7d7e-62b5ab2c918f","https://n2t.net/ark:/28722/k25t3m14d","Murlo","https://opencontext.org/projects/df043419-f23b-41da-7e4d-ee52af22f92f","Europe","Italy","Poggio Civitate","Tesoro Rectangle","Tesoro Rectangle 10","https://opencontext.org/subjects/65014676-d046-4771-019c-abbec701a5c7","43.15320754763646","11.40129529824424","-700","-535","Excavation Unit","https://opencontext.org/static/oc/icons-v2/oc-context-icon.svg","","2012-12-28T00:00:00Z","2025-04-05T15:48:58Z"
"1977, ID:385","http://opencontext.org/subjects/b663ba3e-cef9-40fc-3546-4c5ac7122efb","https://n2t.net/ark:/28722/k2183840x","Murlo","https://opencontext.org/projects/df043419-f23b-41da-7e4d-ee52af22f92f","Europe","Italy","Poggio Civitate","Tesoro","Tesoro 18","https://opencontext.org/subjects/8278e5d0-37ee-493b-8c3f-d2b82e469e98","43.15352531851776","11.401707885996673","-700","-535","Excavation Unit","https://opencontext.org/static/oc/icons-v2/oc-context-icon.svg","","2012-12-28T00:00:00Z","2025-04-05T15:49:00Z"
"1970, ID:59","http://opencontext.org/subjects/388bb97a-c9b0-4ebb-fa5d-2a7b57460547","https://n2t.net/ark:/28722/k2125vb1t","Murlo","https://opencontext.org/projects/df043419-f23b-41da-7e4d-ee52af22f92f","Europe","Italy","Poggio Civitate","Tesoro","Tesoro 9","https://opencontext.org/subjects/2810a063-516f-4418-0d33-551d985b438c","43.1532557789155","11.40217800121641","-700","-535","Excavation Unit","https://opencontext.org/static/oc/icons-v2/oc-context-icon.svg","","2012-12-28T00:00:00Z","2025-04-05T15:48:47Z"
"1998, ID:358","http://opencontext.org/subjects/4ac3d7e6-8b05-480a-320e-b2aa1266759a","https://n2t.net/ark:/28722/k2fx7803c","Murlo","https://opencontext.org/projects/df043419-f23b-41da-7e4d-ee52af22f92f","Europe","Italy","Poggio Civitate","Tesoro","Tesoro 26 South","https://opencontext.org/subjects/7c41430b-5204-42f5-48ff-e8f519045669","43.152724899952446","11.401853067189245","-700","-535","Excavation Unit","https://opencontext.org/static/oc/icons-v2/oc-context-icon.svg","","2012-12-28T00:00:00Z","2025-04-05T15:49:21Z"
"1997, ID:353","http://opencontext.org/subjects/f05b2b91-ccd4-4ed0-f2bf-f1e2dbea354b","https://n2t.net/ark:/28722/k26w9b97d","Murlo","https://opencontext.org/projects/df043419-f23b-41da-7e4d-ee52af22f92f","Europe","Italy","Poggio Civitate","Civitate A","Civitate A 42","https://opencontext.org/subjects/e0bab177-42ec-49e1-d4fc-25e7f2b3f31b","43.15337020841755","11.399396645853063","-700","-535","Excavation Unit","https://opencontext.org/static/oc/icons-v2/oc-context-icon.svg","","2012-12-28T00:00:00Z","2025-04-05T15:49:20Z"
"1991, ID:369","http://opencontext.org/subjects/8e75346e-eccb-4bf0-77c1-c33bcb95d18d","https://n2t.net/ark:/28722/k2n58hn1g","Murlo","https://opencontext.org/projects/df043419-f23b-41da-7e4d-ee52af22f92f","Europe","Italy","Poggio Civitate","Civitate A","Civitate A 37","https://opencontext.org/subjects/0bcb4d5b-1824-4005-2db0-7d4a8e82ff0d","43.153272856575605","11.399755868635987","-700","-535","Excavation Unit","https://opencontext.org/static/oc/icons-v2/oc-context-icon.svg","","2012-12-28T00:00:00Z","2025-04-05T15:49:14Z"
"1977, ID:403","http://opencontext.org/subjects/e31abf39-8a5c-4ac3-c0de-accd8e741502","https://n2t.net/ark:/28722/k2x34rs99","Murlo","https://opencontext.org/projects/df043419-f23b-41da-7e4d-ee52af22f92f","Europe","Italy","Poggio Civitate","Tesoro Rectangle","Tesoro Rectangle 1","https://opencontext.org/subjects/e9555ef9-3ee7-4a8d-723e-169857d6018d","43.153410940188806","11.402112117054099","-700","-535","Excavation Unit","https://opencontext.org/static/oc/icons-v2/oc-context-icon.svg","","2012-12-28T00:00:00Z","2025-04-05T15:49:00Z"
"1966, ID:5","http://opencontext.org/subjects/769885e1-c279-470d-5f7c-18ae42cb00ac","https://n2t.net/ark:/28722/k22f7ps6v","Murlo","https://opencontext.org/projects/df043419-f23b-41da-7e4d-ee52af22f92f","Europe","Italy","Poggio Civitate","Tesoro","Tesoro 1E","https://opencontext.org/subjects/d50bacfd-9044-43b3-c4e7-b02d8558b262","43.15348953130851","11.401567896476966","-700","-535","Excavation Unit","https://opencontext.org/static/oc/icons-v2/oc-context-icon.svg","","2012-12-28T00:00:00Z","2025-04-05T15:48:23Z"
"1969, ID:261","http://opencontext.org/subjects/9673d2a7-4426-412b-cdcb-1d74fac4bd20","https://n2t.net/ark:/28722/k2r789q3g","Murlo","https://opencontext.org/projects/df043419-f23b-41da-7e4d-ee52af22f92f","Europe","Italy","Poggio Civitate","Agger","Agger 5","https://opencontext.org/subjects/de62c38a-1303-476a-b7a3-026cf6f5742c","43.153122090069566","11.401248940636357","-700","-535","Excavation Unit","https://opencontext.org/static/oc/icons-v2/oc-context-icon.svg","","2012-12-28T00:00:00Z","2025-04-05T15:48:46Z"
"1977, ID:291","http://opencontext.org/subjects/7c536c68-d9b1-4b34-01e9-b8187e757580","https://n2t.net/ark:/28722/k29k49t84","Murlo","https://opencontext.org/projects/df043419-f23b-41da-7e4d-ee52af22f92f","Europe","Italy","Poggio Civitate","Tesoro Rectangle","Tesoro Rectangle 11","https://opencontext.org/subjects/4b2826d7-890b-4398-193f-33f9685d69ab","43.153172260148324","11.401280083511054","-700","-535","Excavation Unit","https://opencontext.org/static/oc/icons-v2/oc-context-icon.svg","","2012-12-28T00:00:00Z","2025-04-05T15:48:59Z"
"1969, ID:436","http://opencontext.org/subjects/9ff8641d-c19b-4dfb-4de9-65300b0af24f","https://n2t.net/ark:/28722/k2sj1fs48","Murlo","https://opencontext.org/projects/df043419-f23b-41da-7e4d-ee52af22f92f","Europe","Italy","Poggio Civitate","Tesoro","Tesoro 10","https://opencontext.org/subjects/c8f5b33f-0c35-4a37-2563-6250131aeda9","43.152983458952406","11.401835907119276","-700","-535","Excavation Unit","https://opencontext.org/static/oc/icons-v2/oc-context-icon.svg","","2012-12-28T00:00:00Z","2025-04-05T15:48:47Z"
"1993, ID:84","http://opencontext.org/subjects/e82d1f24-bfad-49d7-7e19-007759d2e2c8","https://n2t.net/ark:/28722/k2hd7sv0s","Murlo","https://opencontext.org/projects/df043419-f23b-41da-7e4d-ee52af22f92f","Europe","Italy","Poggio Civitate","Tesoro","Tesoro 21","https://opencontext.org/subjects/d1d5cd18-52e4-4df6-3996-57c51161bcb2","43.15281747109406","11.401539337365596","-700","-535","Excavation Unit","https://opencontext.org/static/oc/icons-v2/oc-context-icon.svg","","2012-12-28T00:00:00Z","2025-04-05T15:49:15Z"
"1966, ID:371","http://opencontext.org/subjects/f1360278-6001-43df-f344-b11a536af061","https://n2t.net/ark:/28722/k2zw1dt49","Murlo","https://opencontext.org/projects/df043419-f23b-41da-7e4d-ee52af22f92f","Europe","Italy","Poggio Civitate","Tesoro","Tesoro 1","https://opencontext.org/subjects/bff48572-b389-49fe-891c-f0769589dbbb","43.153465704425905","11.401583101636211","-700","-535","Excavation Unit","https://opencontext.org/static/oc/icons-v2/oc-context-icon.svg","","2012-12-28T00:00:00Z","2025-04-05T15:48:25Z"
"1968, ID:257","http://opencontext.org/subjects/4daf1629-9562-4894-53be-76aaa63e2bb3","https://n2t.net/ark:/28722/k2b27ts28","Murlo","https://opencontext.org/projects/df043419-f23b-41da-7e4d-ee52af22f92f","Europe","Italy","Poggio Civitate","Agger","Agger 1","https://opencontext.org/subjects/bf504412-7460-460c-4109-fb3428ef1931","43.15350415455057","11.401428937858913","-700","-535","Excavation Unit","https://opencontext.org/static/oc/icons-v2/oc-context-icon.svg","","2012-12-28T00:00:00Z","2025-04-05T15:48:39Z"
"1972, ID:287","http://opencontext.org/subjects/97712850-b663-425c-54bd-914a6ad5ac95","https://n2t.net/ark:/28722/k2db80r34","Murlo","https://opencontext.org/projects/df043419-f23b-41da-7e4d-ee52af22f92f","Europe","Italy","Poggio Civitate","Tesoro Rectangle","Tesoro Rectangle 8","https://opencontext.org/subjects/d9f0545a-a48b-4dbf-daca-c78abb6e3441","43.15333300786795","11.4013814554399","-700","-535","Excavation Unit","https://opencontext.org/static/oc/icons-v2/oc-context-icon.svg","","2012-12-28T00:00:00Z","2025-04-05T15:48:55Z"
"1996, ID:305","http://opencontext.org/subjects/1f515d40-4915-4b7c-a644-07addd89acd4","https://n2t.net/ark:/28722/k2sq8vj8d","Murlo","https://opencontext.org/projects/df043419-f23b-41da-7e4d-ee52af22f92f","Europe","Italy","Poggio Civitate","Tesoro South Flank","Tesoro South Flank 0","https://opencontext.org/subjects/cf9d182a-abd0-4cb0-1564-acef6e30da65","43.15305637615859","11.401306911292213","-700","-535","Excavation Unit","https://opencontext.org/static/oc/icons-v2/oc-context-icon.svg","","2012-12-28T00:00:00Z","2025-04-05T15:49:19Z"
"1969, ID:262","http://opencontext.org/subjects/3cd9ca1d-069b-4a65-3dfd-3d170ae8023c","https://n2t.net/ark:/28722/k2w091h5n","Murlo","https://opencontext.org/projects/df043419-f23b-41da-7e4d-ee52af22f92f","Europe","Italy","Poggio Civitate","Agger","Agger 6","https://opencontext.org/subjects/eba8302c-0f84-43d0-a57a-583079196ec5","43.153162122832285","11.4013531321208","-700","-535","Excavation Unit","https://opencontext.org/static/oc/icons-v2/oc-context-icon.svg","","2012-12-28T00:00:00Z","2025-04-05T15:48:46Z"
"1997, ID:350","http://opencontext.org/subjects/122f81bf-29c7-4b62-0e43-e68059d21b8c","https://n2t.net/ark:/28722/k2ws8nn20","Murlo","https://opencontext.org/projects/df043419-f23b-41da-7e4d-ee52af22f92f","Europe","Italy","Poggio Civitate","Tesoro","Tesoro 25","https://opencontext.org/subjects/700fa3fc-e0b5-4268-b5a9-ff35cd5d4fd4","43.152661117768425","11.401423481660807","-700","-535","Excavation Unit","https://opencontext.org/static/oc/icons-v2/oc-context-icon.svg","","2012-12-28T00:00:00Z","2025-04-05T15:49:20Z"
"1989, ID:75","http://opencontext.org/subjects/2b395b34-f1d9-4c59-ee39-97e3ce1831a2","https://n2t.net/ark:/28722/k2wh2jg4f","Murlo","https://opencontext.org/projects/df043419-f23b-41da-7e4d-ee52af22f92f","Europe","Italy","Poggio Civitate","Tesoro","Tesoro 18","https://opencontext.org/subjects/8278e5d0-37ee-493b-8c3f-d2b82e469e98","43.153527663225766","11.401602875713671","-700","-535","Excavation Unit","https://opencontext.org/static/oc/icons-v2/oc-context-icon.svg","","2012-12-28T00:00:00Z","2025-04-05T15:49:11Z"
"1969, ID:53","http://opencontext.org/subjects/4b93ce0f-ad3c-45e2-a260-c52f71792f3a","https://n2t.net/ark:/28722/k2kw5ck5b","Murlo","https://opencontext.org/projects/df043419-f23b-41da-7e4d-ee52af22f92f","Europe","Italy","Poggio Civitate","Tesoro","Tesoro 6E (1)","https://opencontext.org/subjects/1f1507d9-3bc3-474f-9c43-4361f3c6c70a","43.15296061134857","11.401686248842207","-700","-535","Excavation Unit","https://opencontext.org/static/oc/icons-v2/oc-context-icon.svg","","2012-12-28T00:00:00Z","2025-04-05T15:48:41Z"
"1989, ID:145","http://opencontext.org/subjects/692cf461-0052-4019-bb8a-bb26d84e5f24","https://n2t.net/ark:/28722/k2959h87q","Murlo","https://opencontext.org/projects/df043419-f23b-41da-7e4d-ee52af22f92f","Europe","Italy","Poggio Civitate","Tesoro","Tesoro 27","https://opencontext.org/subjects/a004469d-dcd9-4219-425d-07e87490e01c","43.15243108151768","11.401768141110773","-700","-535","Excavation Unit","https://opencontext.org/static/oc/icons-v2/oc-context-icon.svg","","2012-12-28T00:00:00Z","2025-04-05T15:49:11Z"
"1980, ID:99","http://opencontext.org/subjects/a4f657a3-d496-408b-c03d-9bd7834b605b","https://n2t.net/ark:/28722/k20k2bc7p","Murlo","https://opencontext.org/projects/df043419-f23b-41da-7e4d-ee52af22f92f","Europe","Italy","Poggio Civitate","Tesoro","Tesoro 25","https://opencontext.org/subjects/700fa3fc-e0b5-4268-b5a9-ff35cd5d4fd4","43.15228382299","11.402322752233","-700","-535","Excavation Unit","https://opencontext.org/static/oc/icons-v2/oc-context-icon.svg","","2012-12-28T00:00:00Z","2025-04-05T15:49:03Z"
"2004, ID:519","http://opencontext.org/subjects/43f066e6-a524-4ee5-0042-3569062176a7","https://n2t.net/ark:/28722/k26t0mx7p","Murlo","https://opencontext.org/projects/df043419-f23b-41da-7e4d-ee52af22f92f","Europe","Italy","Poggio Civitate","Tesoro","Tesoro 35","https://opencontext.org/subjects/e3c2329f-fac6-4d23-1786-480918acdc52","43.152683734894","11.402280330658","-700","-535","Excavation Unit","https://opencontext.org/static/oc/icons-v2/oc-context-icon.svg","https://artiraq.org/static/opencontext/poggio-civitate/to-2017/thumbs/T-35AWM-7-08b.jpg","2012-12-28T00:00:00Z","2025-04-05T15:49:31Z"
"1968, ID:40","http://opencontext.org/subjects/c1769d8f-a55c-4e1a-4398-8cdc1524a589","https://n2t.net/ark:/28722/k2gx48w17","Murlo","https://opencontext.org/projects/df043419-f23b-41da-7e4d-ee52af22f92f","Europe","Italy","Poggio Civitate","Tesoro","Tesoro 1AN","https://opencontext.org/subjects/dc735f34-a8dd-4cd2-d1be-1efe17598e1b","43.15342453754245","11.402094595811132","-700","-535","Excavation Unit","https://opencontext.org/static/oc/icons-v2/oc-context-icon.svg","","2012-12-28T00:00:00Z","2025-04-05T15:48:34Z"
"1968, ID:163","http://opencontext.org/subjects/e9298df1-5f47-4bc6-7086-75b9b5e0e880","https://n2t.net/ark:/28722/k2fx7802w","Murlo","https://opencontext.org/projects/df043419-f23b-41da-7e4d-ee52af22f92f","Europe","Italy","Poggio Civitate","Civitate A","Civitate A 2J","https://opencontext.org/subjects/89536f2e-24e7-47c6-08b8-5d37953da7a2","43.15332590691598","11.400626860361935","-700","-535","Excavation Unit","https://opencontext.org/static/oc/icons-v2/oc-context-icon.svg","","2012-12-28T00:00:00Z","2025-04-05T15:48:36Z"
"1992, ID:87","http://opencontext.org/subjects/211173b4-ba77-42e7-7a84-afaca458d082","https://n2t.net/ark:/28722/k2n58hn3f","Murlo","https://opencontext.org/projects/df043419-f23b-41da-7e4d-ee52af22f92f","Europe","Italy","Poggio Civitate","Tesoro","Tesoro 22 West Extension","https://opencontext.org/subjects/7657e3b1-bd3b-4ca1-dde9-283320549b59","43.152807121369676","11.401573400878801","-700","-535","Excavation Unit","https://opencontext.org/static/oc/icons-v2/oc-context-icon.svg","","2012-12-28T00:00:00Z","2025-04-05T15:49:14Z"
"1992, ID:398","http://opencontext.org/subjects/5a9de9d3-9a86-494f-04c9-487d17fa9d2c","https://n2t.net/ark:/28722/k2c828f91","Murlo","https://opencontext.org/projects/df043419-f23b-41da-7e4d-ee52af22f92f","Europe","Italy","Poggio Civitate","Civitate B","Civitate B 27","https://opencontext.org/subjects/5e57d604-4298-47e7-5939-004cfc1a837f","43.15323984290002","11.398878075348387","-700","-535","Excavation Unit","https://opencontext.org/static/oc/icons-v2/oc-context-icon.svg","","2012-12-28T00:00:00Z","2025-04-05T15:49:15Z"
"1976, ID:271","http://opencontext.org/subjects/0888ee5a-f13a-4e8b-f5ff-959da485f55b","https://n2t.net/ark:/28722/k2sf2rc9c","Murlo","https://opencontext.org/projects/df043419-f23b-41da-7e4d-ee52af22f92f","Europe","Italy","Poggio Civitate","Tesoro Rectangle","Tesoro Rectangle 1","https://opencontext.org/subjects/e9555ef9-3ee7-4a8d-723e-169857d6018d","43.153410940188806","11.402112117054099","-700","-535","Excavation Unit","https://opencontext.org/static/oc/icons-v2/oc-context-icon.svg","","2012-12-28T00:00:00Z","2025-04-05T15:48:58Z"
"1969, ID:263","http://opencontext.org/subjects/be44a1b2-774b-4bb0-afdf-4617996cff76","https://n2t.net/ark:/28722/k2d21wk4q","Murlo","https://opencontext.org/projects/df043419-f23b-41da-7e4d-ee52af22f92f","Europe","Italy","Poggio Civitate","Agger","Agger 7","https://opencontext.org/subjects/2b2a99c0-e1b9-4994-6b77-d1958b345678","43.15326911222559","11.401291286888297","-700","-535","Excavation Unit","https://opencontext.org/static/oc/icons-v2/oc-context-icon.svg","","2012-12-28T00:00:00Z","2025-04-05T15:48:46Z"
"1990, ID:205","http://opencontext.org/subjects/09ae421a-f835-4c9b-f74e-45dd9f270e9d","https://n2t.net/ark:/28722/k2df6q44h","Murlo","https://opencontext.org/projects/df043419-f23b-41da-7e4d-ee52af22f92f","Europe","Italy","Poggio Civitate","Civitate A","Civitate A 35","https://opencontext.org/subjects/b8548ed4-08d3-4f98-6b11-ceb65faa9df9","43.15373892469982","11.399062256210883","-700","-535","Excavation Unit","https://opencontext.org/static/oc/icons-v2/oc-context-icon.svg","","2012-12-28T00:00:00Z","2025-04-05T15:49:13Z"
"1992, ID:384","http://opencontext.org/subjects/302ea385-93d1-441e-617e-9b5d172eb9ea","https://n2t.net/ark:/28722/k2416z13z","Murlo","https://opencontext.org/projects/df043419-f23b-41da-7e4d-ee52af22f92f","Europe","Italy","Poggio Civitate","Tesoro","Tesoro 17","https://opencontext.org/subjects/87ec8abc-82e3-43b0-e451-9c388bf98524","43.15354890990836","11.401548352929249","-700","-535","Excavation Unit","https://opencontext.org/static/oc/icons-v2/oc-context-icon.svg","","2012-12-28T00:00:00Z","2025-04-05T15:49:15Z"
"1970, ID:381","http://opencontext.org/subjects/ed527e93-e63f-4fa6-a9a1-407f9ec2f3c1","https://n2t.net/ark:/28722/k2h41pp1r","Murlo","https://opencontext.org/projects/df043419-f23b-41da-7e4d-ee52af22f92f","Europe","Italy","Poggio Civitate","Tesoro","Tesoro 8","https://opencontext.org/subjects/70b8455e-9b27-4229-8f2f-50a4a004b6e9","43.15310077342578","11.401828008169778","-700","-535","Excavation Unit","https://opencontext.org/static/oc/icons-v2/oc-context-icon.svg","","2012-12-28T00:00:00Z","2025-04-05T15:48:49Z"
"1967, ID:155","http://opencontext.org/subjects/81edc6f0-153d-4881-3ae7-25e4a8e20806","https://n2t.net/ark:/28722/k2d21wk6p","Murlo","https://opencontext.org/projects/df043419-f23b-41da-7e4d-ee52af22f92f","Europe","Italy","Poggio Civitate","Civitate A","Civitate A 2B","https://opencontext.org/subjects/16aaf69f-a83e-48cb-1e45-014b84dcec0d","43.15322974778678","11.400621892767225","-700","-535","Excavation Unit","https://opencontext.org/static/oc/icons-v2/oc-context-icon.svg","","2012-12-28T00:00:00Z","2025-04-05T15:48:32Z"
"1991, ID:207","http://opencontext.org/subjects/1b0d3e3d-14be-4951-990b-76835166281c","https://n2t.net/ark:/28722/k25x29d7q","Murlo","https://opencontext.org/projects/df043419-f23b-41da-7e4d-ee52af22f92f","Europe","Italy","Poggio Civitate","Civitate A","Civitate A 38","https://opencontext.org/subjects/f9648e4b-e0d0-49bd-3f47-b137f9732fe2","43.15319974979292","11.399970446641769","-700","-535","Excavation Unit","https://opencontext.org/static/oc/icons-v2/oc-context-icon.svg","","2012-12-28T00:00:00Z","2025-04-05T15:49:14Z"
"1992, ID:209","http://opencontext.org/subjects/ac085185-fedb-4a4b-d077-fceac65730d0","https://n2t.net/ark:/28722/k2pz55n5c","Murlo","https://opencontext.org/projects/df043419-f23b-41da-7e4d-ee52af22f92f","Europe","Italy","Poggio Civitate","Civitate A","Civitate A 40","https://opencontext.org/subjects/bec1d3e6-73d5-405b-68db-4d83d7517786","43.15377986532358","11.400688290315713","-700","-535","Excavation Unit","https://opencontext.org/static/oc/icons-v2/oc-context-icon.svg","","2012-12-28T00:00:00Z","2025-04-05T15:49:15Z"
"1996, ID:402","http://opencontext.org/subjects/e8bdb401-722d-45d4-dc6d-52a041bb1c35","https://n2t.net/ark:/28722/k2j10156g","Murlo","https://opencontext.org/projects/df043419-f23b-41da-7e4d-ee52af22f92f","Europe","Italy","Poggio Civitate","Civitate B","Civitate B 31","https://opencontext.org/subjects/215411d1-0b46-4c3e-91c8-f6a9c1166cdc","43.15325248949652","11.398725234409092","-700","-535","Excavation Unit","https://opencontext.org/static/oc/icons-v2/oc-context-icon.svg","","2012-12-28T00:00:00Z","2025-04-05T15:49:20Z"
"1973, ID:386","http://opencontext.org/subjects/837ff3d5-3868-4741-ea8c-ebba02b732eb","https://n2t.net/ark:/28722/k2pz55n6v","Murlo","https://opencontext.org/projects/df043419-f23b-41da-7e4d-ee52af22f92f","Europe","Italy","Poggio Civitate","Tesoro","Tesoro 20","https://opencontext.org/subjects/264836f4-3e66-4b0e-4e6c-0c8d3da7b445","43.15287191631766","11.401891611366105","-700","-535","Excavation Unit","https://opencontext.org/static/oc/icons-v2/oc-context-icon.svg","","2012-12-28T00:00:00Z","2025-07-01T07:05:17Z"
"2004, ID:538","http://opencontext.org/subjects/7fc5291e-a036-4100-981b-3ee7decce097","https://n2t.net/ark:/28722/k2513zx1t","Murlo","https://opencontext.org/projects/df043419-f23b-41da-7e4d-ee52af22f92f","Europe","Italy","Poggio Civitate","Tesoro","Tesoro 30D","https://opencontext.org/subjects/e8cda380-8206-4413-5c7b-c8a14cc40226","43.15272741023714","11.40181017396222","-700","-535","Excavation Unit","https://opencontext.org/static/oc/icons-v2/oc-context-icon.svg","https://artiraq.org/static/opencontext/poggio-civitate/to-2017/thumbs/T-30CNT-7-16a.jpg","2012-12-28T00:00:00Z","2025-04-05T15:49:33Z"
"1967, ID:154","http://opencontext.org/subjects/4605eae5-2eb5-4a06-e1cb-63bd6d287a31","https://n2t.net/ark:/28722/k20r9r51f","Murlo","https://opencontext.org/projects/df043419-f23b-41da-7e4d-ee52af22f92f","Europe","Italy","Poggio Civitate","Civitate A","Civitate A 2A","https://opencontext.org/subjects/be445d1c-6756-4b3b-4691-5d749a93f7fb","43.15327362399636","11.400635669426261","-700","-535","Excavation Unit","https://opencontext.org/static/oc/icons-v2/oc-context-icon.svg","","2012-12-28T00:00:00Z","2025-04-05T15:48:32Z"
"1968, ID:49","http://opencontext.org/subjects/9879a755-c08a-498b-3da2-283e5d8a4346","https://n2t.net/ark:/28722/k2pn92h0b","Murlo","https://opencontext.org/projects/df043419-f23b-41da-7e4d-ee52af22f92f","Europe","Italy","Poggio Civitate","Tesoro","Tesoro 6A","https://opencontext.org/subjects/d6d15151-a538-4a13-e65d-2260d33ac6bb","43.15277654684324","11.401226413309779","-700","-535","Excavation Unit","https://opencontext.org/static/oc/icons-v2/oc-context-icon.svg","","2012-12-28T00:00:00Z","2025-04-05T15:48:35Z"
"1969, ID:54","http://opencontext.org/subjects/905b4ea0-91a8-4b10-0020-7841c86953b0","https://n2t.net/ark:/28722/k2vd6t60d","Murlo","https://opencontext.org/projects/df043419-f23b-41da-7e4d-ee52af22f92f","Europe","Italy","Poggio Civitate","Tesoro","Tesoro 6F","https://opencontext.org/subjects/369d7a35-3f03-4f81-bd82-416e39f22bd1","43.15288918604905","11.401693744403397","-700","-535","Excavation Unit","https://opencontext.org/static/oc/icons-v2/oc-context-icon.svg","","2012-12-28T00:00:00Z","2025-04-05T15:48:41Z"
"2000, ID:424","http://opencontext.org/subjects/56201674-f881-47cc-7000-b2c52ffe9e3a","https://n2t.net/ark:/28722/k2st7jz2t","Murlo","https://opencontext.org/projects/df043419-f23b-41da-7e4d-ee52af22f92f","Europe","Italy","Poggio Civitate","Tesoro","Tesoro 22 West Extension","https://opencontext.org/subjects/7657e3b1-bd3b-4ca1-dde9-283320549b59","43.15276138610931","11.401591667718707","-700","-535","Excavation Unit","https://opencontext.org/static/oc/icons-v2/oc-context-icon.svg","","2012-12-28T00:00:00Z","2025-04-05T15:49:24Z"
"2012, ID:652","http://opencontext.org/subjects/6e9a747f-a5ca-40b6-2e21-61eb5cf4e6ca","https://n2t.net/ark:/28722/k2mg7kx19","Murlo","https://opencontext.org/projects/df043419-f23b-41da-7e4d-ee52af22f92f","Europe","Italy","Poggio Civitate","Civitate A","Civitate A 70","https://opencontext.org/subjects/50d5e83e-a2f9-4d48-c149-db52a4e5cae6","43.152952137706166","11.400297818550575","-700","-535","Excavation Unit","https://opencontext.org/static/oc/icons-v2/oc-context-icon.svg","","2012-12-28T00:00:00Z","2025-04-05T15:49:48Z"
"1966, ID:405","http://opencontext.org/subjects/7144b0f0-f80b-4c59-5c27-195ad5513957","https://n2t.net/ark:/28722/k24j0fz5q","Murlo","https://opencontext.org/projects/df043419-f23b-41da-7e4d-ee52af22f92f","Europe","Italy","Poggio Civitate","Civitate A","Civitate A 2A","https://opencontext.org/subjects/be445d1c-6756-4b3b-4691-5d749a93f7fb","43.15327362399636","11.400635669426261","-700","-535","Excavation Unit","https://opencontext.org/static/oc/icons-v2/oc-context-icon.svg","","2012-12-28T00:00:00Z","2025-04-05T15:48:26Z"
"1968, ID:172","http://opencontext.org/subjects/9d983826-70de-48f2-a145-b33a171e8928","https://n2t.net/ark:/28722/k2sf2rd1z","Murlo","https://opencontext.org/projects/df043419-f23b-41da-7e4d-ee52af22f92f","Europe","Italy","Poggio Civitate","Civitate A","Civitate A 10","https://opencontext.org/subjects/33500be7-8d11-402b-3243-a4f12c4401c4","43.15293851522214","11.401134343279338","-700","-535","Excavation Unit","https://opencontext.org/static/oc/icons-v2/oc-context-icon.svg","","2012-12-28T00:00:00Z","2025-04-05T15:48:37Z"
"1968, ID:38","http://opencontext.org/subjects/51ca7a3e-5d5a-43f6-9b15-937dec71ab63","https://n2t.net/ark:/28722/k2v69dd3n","Murlo","https://opencontext.org/projects/df043419-f23b-41da-7e4d-ee52af22f92f","Europe","Italy","Poggio Civitate","Tesoro","Tesoro 1AL","https://opencontext.org/subjects/7f72399a-4849-4438-117c-b82896061862","43.15338850109163","11.40210025535729","-700","-535","Excavation Unit","https://opencontext.org/static/oc/icons-v2/oc-context-icon.svg","","2012-12-28T00:00:00Z","2025-04-05T15:48:34Z"
"1970, ID:468","http://opencontext.org/subjects/66213b47-0de6-450b-10df-d9143c5c8bc2","https://n2t.net/ark:/28722/k20v8fj38","Murlo","https://opencontext.org/projects/df043419-f23b-41da-7e4d-ee52af22f92f","Europe","Italy","Poggio Civitate","Agger","Agger 9B","https://opencontext.org/subjects/d5a8fc05-a8f2-4948-2609-a0b4c3f470f7","43.15303926328204","11.401202400294967","-700","-535","Excavation Unit","https://opencontext.org/static/oc/icons-v2/oc-context-icon.svg","","2012-12-28T00:00:00Z","2025-04-05T15:48:50Z"
"1966, ID:151","http://opencontext.org/subjects/292963d7-cbff-4e98-6b36-2be5bf7f3fb6","https://n2t.net/ark:/28722/k2gt5kh0w","Murlo","https://opencontext.org/projects/df043419-f23b-41da-7e4d-ee52af22f92f","Europe","Italy","Poggio Civitate","Civitate A","Civitate A 2","https://opencontext.org/subjects/1c62135e-c1d0-4eef-e640-30862635d42f","43.153422927856","11.401146316528","-700","-535","Excavation Unit","https://opencontext.org/static/oc/icons-v2/oc-context-icon.svg","","2012-12-28T00:00:00Z","2025-04-05T15:48:24Z"
"1967, ID:21","http://opencontext.org/subjects/4d825459-8568-47a5-9a85-8510957aabb8","https://n2t.net/ark:/28722/k2b27ts47","Murlo","https://opencontext.org/projects/df043419-f23b-41da-7e4d-ee52af22f92f","Europe","Italy","Poggio Civitate","Tesoro","Tesoro 1U","https://opencontext.org/subjects/43ddfbc0-a209-4da1-388d-ea01a7e468ec","43.15343527284446","11.401455306866465","-700","-535","Excavation Unit","https://opencontext.org/static/oc/icons-v2/oc-context-icon.svg","","2012-12-28T00:00:00Z","2025-04-05T15:48:29Z"
"2010, ID:629","http://opencontext.org/subjects/ec80d676-f07e-4174-e781-8795d4bf599a","https://n2t.net/ark:/28722/k2bg2nb71","Murlo","https://opencontext.org/projects/df043419-f23b-41da-7e4d-ee52af22f92f","Europe","Italy","Poggio Civitate","Civitate B","Civitate B 38","https://opencontext.org/subjects/5c5af90a-ba5c-4ba9-b4b3-a47b38bd1d29","43.15246119186168","11.398978672286265","-700","-535","Excavation Unit","https://opencontext.org/static/oc/icons-v2/oc-context-icon.svg","","2012-12-28T00:00:00Z","2025-04-05T15:49:45Z"
"1970, ID:265","http://opencontext.org/subjects/321d5bd9-70ee-4095-fd3e-c80b00cdec78","https://n2t.net/ark:/28722/k2s75bm1r","Murlo","https://opencontext.org/projects/df043419-f23b-41da-7e4d-ee52af22f92f","Europe","Italy","Poggio Civitate","Agger","Agger 9A","https://opencontext.org/subjects/b485c22a-0eaa-47af-d984-ffcbb582fc4b","43.15303386053827","11.401229752250538","-700","-535","Excavation Unit","https://opencontext.org/static/oc/icons-v2/oc-context-icon.svg","","2012-12-28T00:00:00Z","2025-04-05T15:48:49Z"
"2010, ID:633","http://opencontext.org/subjects/7251fbf7-631d-44c3-c0b6-5753a0e24659","https://n2t.net/ark:/28722/k27p8zf42","Murlo","https://opencontext.org/projects/df043419-f23b-41da-7e4d-ee52af22f92f","Europe","Italy","Poggio Civitate","Civitate B","Civitate B 39","https://opencontext.org/subjects/5979818f-fd10-49e0-269c-4e160bf7dc11","43.15236972165823","11.398944830299065","-700","-535","Excavation Unit","https://opencontext.org/static/oc/icons-v2/oc-context-icon.svg","","2012-12-28T00:00:00Z","2025-04-05T15:49:45Z"
"1968, ID:466","http://opencontext.org/subjects/85bcd16c-705b-4cc5-c88a-52c280711a7b","https://n2t.net/ark:/28722/k2c53k257","Murlo","https://opencontext.org/projects/df043419-f23b-41da-7e4d-ee52af22f92f","Europe","Italy","Poggio Civitate","Agger","Agger 2C","https://opencontext.org/subjects/4e2397ed-60bd-427f-3b16-f5fc2a25283d","43.15338756455631","11.401372317938462","-700","-535","Excavation Unit","https://opencontext.org/static/oc/icons-v2/oc-context-icon.svg","","2012-12-28T00:00:00Z","2025-04-05T15:48:40Z"
"1967, ID:19","http://opencontext.org/subjects/f8d0afb5-cc02-4756-e6a9-474692be78c3","https://n2t.net/ark:/28722/k2xw4cx5j","Murlo","https://opencontext.org/projects/df043419-f23b-41da-7e4d-ee52af22f92f","Europe","Italy","Poggio Civitate","Tesoro","Tesoro 1S","https://opencontext.org/subjects/3bf04260-635f-4367-1744-1436dd9c57cb","43.15341900506991","11.40149805830441","-700","-535","Excavation Unit","https://opencontext.org/static/oc/icons-v2/oc-context-icon.svg","","2012-12-28T00:00:00Z","2025-04-05T15:48:29Z"
"1966, ID:7","http://opencontext.org/subjects/77079316-dbee-4881-630e-d6c10d1961f4","https://n2t.net/ark:/28722/k2kd1vm6q","Murlo","https://opencontext.org/projects/df043419-f23b-41da-7e4d-ee52af22f92f","Europe","Italy","Poggio Civitate","Tesoro","Tesoro 1G","https://opencontext.org/subjects/2a59c384-1cc9-43c6-592d-df3ab534c9de","43.1561855316","11.4001827236","-700","-535","Excavation Unit","https://opencontext.org/static/oc/icons-v2/oc-context-icon.svg","","2012-12-28T00:00:00Z","2025-04-05T15:48:23Z"
"1970, ID:452","http://opencontext.org/subjects/ec53b973-106d-4642-cfd3-996029945ae5","https://n2t.net/ark:/28722/k23j3f23x","Murlo","https://opencontext.org/projects/df043419-f23b-41da-7e4d-ee52af22f92f","Europe","Italy","Poggio Civitate","Agger","Agger 3","https://opencontext.org/subjects/cc26ee76-1a1f-4fc6-7177-c057d53e85ea","43.153475570679","11.40212059021","-700","-535","Excavation Unit","https://opencontext.org/static/oc/icons-v2/oc-context-icon.svg","","2012-12-28T00:00:00Z","2025-04-05T15:48:50Z"
"1967, ID:31","http://opencontext.org/subjects/21ee7a84-703b-49da-60fb-d7fafa83fd6e","https://n2t.net/ark:/28722/k2x062d7v","Murlo","https://opencontext.org/projects/df043419-f23b-41da-7e4d-ee52af22f92f","Europe","Italy","Poggio Civitate","Tesoro","Tesoro 1AE","https://opencontext.org/subjects/2a9a682f-d6f3-4013-e824-890c9c19c7a0","43.15328202160688","11.40209140068068","-700","-535","Excavation Unit","https://opencontext.org/static/oc/icons-v2/oc-context-icon.svg","","2012-12-28T00:00:00Z","2025-04-05T15:48:31Z"
"1967, ID:45","http://opencontext.org/subjects/24878b9f-e641-49a6-e7be-f536303a96bd","https://n2t.net/ark:/28722/k2dn3zx8k","Murlo","https://opencontext.org/projects/df043419-f23b-41da-7e4d-ee52af22f92f","Europe","Italy","Poggio Civitate","Tesoro","Tesoro 5B","https://opencontext.org/subjects/d3f92ab6-69f6-4062-0e80-6850d5c4c459","43.153334787009186","11.401475543032529","-700","-535","Excavation Unit","https://opencontext.org/static/oc/icons-v2/oc-context-icon.svg","","2012-12-28T00:00:00Z","2025-04-05T15:48:32Z"
"1979, ID:268","http://opencontext.org/subjects/f66635b3-323b-4cdd-b0b5-5f48adca46f1","https://n2t.net/ark:/28722/k2dz07326","Murlo","https://opencontext.org/projects/df043419-f23b-41da-7e4d-ee52af22f92f","Europe","Italy","Poggio Civitate","Agger","Agger 11","https://opencontext.org/subjects/7b70ad0d-f25b-428d-41ea-ae9fff2a1c86","43.152460098267","11.401751836141","-700","-535","Excavation Unit","https://opencontext.org/static/oc/icons-v2/oc-context-icon.svg","","2012-12-28T00:00:00Z","2025-04-05T15:49:03Z"
"1969, ID:240","http://opencontext.org/subjects/843b05f2-7df7-4ee2-efa3-bffe76dc5d37","https://n2t.net/ark:/28722/k2p26v48s","Murlo","https://opencontext.org/projects/df043419-f23b-41da-7e4d-ee52af22f92f","Europe","Italy","Poggio Civitate","Civitate C","Civitate C 3","https://opencontext.org/subjects/7ddcef0a-a249-46dc-b907-dca56e35106e","43.151725587034","11.402415508694","-700","-535","Excavation Unit","https://opencontext.org/static/oc/icons-v2/oc-context-icon.svg","","2012-12-28T00:00:00Z","2025-04-05T15:48:45Z"
"1967, ID:30","http://opencontext.org/subjects/ff55f04e-e14e-4230-7155-6dbcdaafab19","https://n2t.net/ark:/28722/k2s75bm46","Murlo","https://opencontext.org/projects/df043419-f23b-41da-7e4d-ee52af22f92f","Europe","Italy","Poggio Civitate","Tesoro","Tesoro 1AD","https://opencontext.org/subjects/d05b01cf-20ff-4528-9a8f-e21bb135adf0","43.15336840731666","11.401469274992749","-700","-535","Excavation Unit","https://opencontext.org/static/oc/icons-v2/oc-context-icon.svg","","2012-12-28T00:00:00Z","2025-04-05T15:48:30Z"
"2005, ID:567","http://opencontext.org/subjects/9b688358-00f8-4091-e5d2-b2e0ab25adbc","https://n2t.net/ark:/28722/k2bv7fw7d","Murlo","https://opencontext.org/projects/df043419-f23b-41da-7e4d-ee52af22f92f","Europe","Italy","Poggio Civitate","Civitate D","Civitate D 13","https://opencontext.org/subjects/5160208e-c4ab-492b-3912-719b4940c42f","43.152955878504486","11.40264743275633","-700","-535","Excavation Unit","https://opencontext.org/static/oc/icons-v2/oc-context-icon.svg","","2012-12-28T00:00:00Z","2025-04-05T15:49:37Z"
"2005, ID:570","http://opencontext.org/subjects/9d2fd065-fa0f-4da3-21fe-a2d3ca02e320","https://n2t.net/ark:/28722/k2r49m992","Murlo","https://opencontext.org/projects/df043419-f23b-41da-7e4d-ee52af22f92f","Europe","Italy","Poggio Civitate","Civitate D","Civitate D 11","https://opencontext.org/subjects/acdff585-00ca-4d43-b5e5-b4a91882fc42","43.152829139075244","11.402546241052043","-700","-535","Excavation Unit","https://opencontext.org/static/oc/icons-v2/oc-context-icon.svg","","2012-12-28T00:00:00Z","2025-04-05T15:49:37Z"
"1967, ID:14","http://opencontext.org/subjects/1107e1d5-dfad-4d63-3dd2-1096ae61587d","https://n2t.net/ark:/28722/k2hm56m1d","Murlo","https://opencontext.org/projects/df043419-f23b-41da-7e4d-ee52af22f92f","Europe","Italy","Poggio Civitate","Tesoro","Tesoro 1N","https://opencontext.org/subjects/a5c795ce-8b32-4bf9-095e-404ff7ef0878","43.1534226288702","11.401802941808903","-700","-535","Excavation Unit","https://opencontext.org/static/oc/icons-v2/oc-context-icon.svg","","2012-12-28T00:00:00Z","2025-04-05T15:48:28Z"
"1968, ID:39","http://opencontext.org/subjects/d1385646-a2b3-4a24-35a8-e7fe4d2b9e8e","https://n2t.net/ark:/28722/k2000421n","Murlo","https://opencontext.org/projects/df043419-f23b-41da-7e4d-ee52af22f92f","Europe","Italy","Poggio Civitate","Tesoro","Tesoro 1AM","https://opencontext.org/subjects/f5cfb904-a44d-4e8b-76a6-860ad38f6ad7","43.153405072804375","11.402156757778954","-700","-535","Excavation Unit","https://opencontext.org/static/oc/icons-v2/oc-context-icon.svg","","2012-12-28T00:00:00Z","2025-04-05T15:48:34Z"
"1968, ID:258","http://opencontext.org/subjects/038dc277-d83a-492b-f5ce-ae13dce3d50b","https://n2t.net/ark:/28722/k2q818t3s","Murlo","https://opencontext.org/projects/df043419-f23b-41da-7e4d-ee52af22f92f","Europe","Italy","Poggio Civitate","Agger","Agger 2A","https://opencontext.org/subjects/2c1ca071-15c9-431f-6582-c9e9f95a7ff3","43.15344876813306","11.40139686473272","-700","-535","Excavation Unit","https://opencontext.org/static/oc/icons-v2/oc-context-icon.svg","","2012-12-28T00:00:00Z","2025-04-05T15:48:39Z"
"1969, ID:52","http://opencontext.org/subjects/ca2126b2-51b5-43a6-fbe2-ceaf068934a7","https://n2t.net/ark:/28722/k2bc3xz3t","Murlo","https://opencontext.org/projects/df043419-f23b-41da-7e4d-ee52af22f92f","Europe","Italy","Poggio Civitate","Tesoro","Tesoro 6D","https://opencontext.org/subjects/e33cc341-7c7b-4428-dab2-d0fe9171b3f8","43.152898479829716","11.401639218211951","-700","-535","Excavation Unit","https://opencontext.org/static/oc/icons-v2/oc-context-icon.svg","","2012-12-28T00:00:00Z","2025-04-05T15:48:41Z"
"1967, ID:18","http://opencontext.org/subjects/e84623b7-e3d6-4bc1-c5f7-4ad36e4d6e81","https://n2t.net/ark:/28722/k2pc2zb0f","Murlo","https://opencontext.org/projects/df043419-f23b-41da-7e4d-ee52af22f92f","Europe","Italy","Poggio Civitate","Tesoro","Tesoro 1R","https://opencontext.org/subjects/5b87dd9f-af6e-41a4-bdc7-ae524c060a6f","43.15339992724371","11.40188600727064","-700","-535","Excavation Unit","https://opencontext.org/static/oc/icons-v2/oc-context-icon.svg","","2012-12-28T00:00:00Z","2025-04-05T15:48:29Z"
"1968, ID:51","http://opencontext.org/subjects/8b1452f5-abf0-4f10-9196-9964b1e10c8f","https://n2t.net/ark:/28722/k22v2hb7p","Murlo","https://opencontext.org/projects/df043419-f23b-41da-7e4d-ee52af22f92f","Europe","Italy","Poggio Civitate","Tesoro","Tesoro 6C","https://opencontext.org/subjects/293bae1d-28f7-4164-d8e8-bb5e38a775e1","43.152963994802285","11.40132968492026","-700","-535","Excavation Unit","https://opencontext.org/static/oc/icons-v2/oc-context-icon.svg","","2012-12-28T00:00:00Z","2025-04-05T15:48:35Z"
"1966, ID:2","http://opencontext.org/subjects/eeb08529-f0be-4311-53e7-1a4c8bcc200d","https://n2t.net/ark:/28722/k2dr2t96j","Murlo","https://opencontext.org/projects/df043419-f23b-41da-7e4d-ee52af22f92f","Europe","Italy","Poggio Civitate","Tesoro","Tesoro 1B","https://opencontext.org/subjects/9490c379-4484-47d8-f191-03d21a48f4f3","43.15344064216851","11.401617259395964","-700","-535","Excavation Unit","https://opencontext.org/static/oc/icons-v2/oc-context-icon.svg","","2012-12-28T00:00:00Z","2025-04-05T15:48:22Z"
"1970, ID:451","http://opencontext.org/subjects/76e58960-342a-48af-c4a0-d4f4f3b16a41","https://n2t.net/ark:/28722/k2gt5kg89","Murlo","https://opencontext.org/projects/df043419-f23b-41da-7e4d-ee52af22f92f","Europe","Italy","Poggio Civitate","Agger","Agger 4","https://opencontext.org/subjects/2c6b6a2a-48e8-4bb6-73de-f80a6e10db64","43.153300094604","11.40210609436","-700","-535","Excavation Unit","https://opencontext.org/static/oc/icons-v2/oc-context-icon.svg","","2012-12-28T00:00:00Z","2025-04-05T15:48:50Z"
"1967, ID:11","http://opencontext.org/subjects/2042b811-d07c-4665-2cab-6c9673e54127","https://n2t.net/ark:/28722/k2r49mb1n","Murlo","https://opencontext.org/projects/df043419-f23b-41da-7e4d-ee52af22f92f","Europe","Italy","Poggio Civitate","Tesoro","Tesoro 1K","https://opencontext.org/subjects/7c62081f-0c99-411c-9df3-d863b59142f2","43.15342244179117","11.401679360391896","-700","-535","Excavation Unit","https://opencontext.org/static/oc/icons-v2/oc-context-icon.svg","","2012-12-28T00:00:00Z","2025-04-05T15:48:28Z"
"1967, ID:12","http://opencontext.org/subjects/ba3576d9-df16-4ae9-532a-841ccf20df84","https://n2t.net/ark:/28722/k2833s056","Murlo","https://opencontext.org/projects/df043419-f23b-41da-7e4d-ee52af22f92f","Europe","Italy","Poggio Civitate","Tesoro","Tesoro 1L","https://opencontext.org/subjects/11f236d2-0c40-4729-95dd-cf9cdf15c8c5","43.15339776955376","11.401714667893671","-700","-535","Excavation Unit","https://opencontext.org/static/oc/icons-v2/oc-context-icon.svg","","2012-12-28T00:00:00Z","2025-04-05T15:48:28Z"
"1967, ID:47","http://opencontext.org/subjects/e72d3e97-c3fd-4c21-8b4d-6f153221e59f","https://n2t.net/ark:/28722/k21z45t98","Murlo","https://opencontext.org/projects/df043419-f23b-41da-7e4d-ee52af22f92f","Europe","Italy","Poggio Civitate","Tesoro","Tesoro 5D","https://opencontext.org/subjects/74bb8a62-d4c7-4f24-52b0-c7d68f2df530","43.15326536976821","11.401410348223681","-700","-535","Excavation Unit","https://opencontext.org/static/oc/icons-v2/oc-context-icon.svg","","2012-12-28T00:00:00Z","2025-04-05T15:48:32Z"
"1967, ID:20","http://opencontext.org/subjects/f2e38a8d-1156-43cc-8efc-875820d95fd4","https://n2t.net/ark:/28722/k2697400w","Murlo","https://opencontext.org/projects/df043419-f23b-41da-7e4d-ee52af22f92f","Europe","Italy","Poggio Civitate","Tesoro","Tesoro 1T","https://opencontext.org/subjects/ec01c34f-a5ed-4a7c-95cf-245c9d7620b8","43.153382584282","11.401953150238096","-700","-535","Excavation Unit","https://opencontext.org/static/oc/icons-v2/oc-context-icon.svg","","2012-12-28T00:00:00Z","2025-04-05T15:48:29Z"
"1967, ID:26","http://opencontext.org/subjects/fd2fa15c-22ac-4585-360f-8ff50c98791f","https://n2t.net/ark:/28722/k2rb71366","Murlo","https://opencontext.org/projects/df043419-f23b-41da-7e4d-ee52af22f92f","Europe","Italy","Poggio Civitate","Tesoro","Tesoro 1Z","https://opencontext.org/subjects/3e8c1ea5-4888-45cd-fce8-85b03a6c7967","43.153282046347684","11.401963858488227","-700","-535","Excavation Unit","https://opencontext.org/static/oc/icons-v2/oc-context-icon.svg","","2012-12-28T00:00:00Z","2025-04-05T15:48:30Z"
"1966, ID:4","http://opencontext.org/subjects/afce6c74-53de-46b2-ef24-f4e1c5dae3d6","https://n2t.net/ark:/28722/k2p55jj07","Murlo","https://opencontext.org/projects/df043419-f23b-41da-7e4d-ee52af22f92f","Europe","Italy","Poggio Civitate","Tesoro","Tesoro 1D","https://opencontext.org/subjects/e22e3b1a-2ff8-4556-efbe-9ccb46b8d0cf","43.153482772224024","11.401652438301205","-700","-535","Excavation Unit","https://opencontext.org/static/oc/icons-v2/oc-context-icon.svg","","2012-12-28T00:00:00Z","2025-04-05T15:48:23Z"
"2002, ID:488","http://opencontext.org/subjects/1bf95233-46fb-4a57-a802-c55200071858","https://n2t.net/ark:/28722/k2dn43x4p","Murlo","https://opencontext.org/projects/df043419-f23b-41da-7e4d-ee52af22f92f","Europe","Italy","Poggio Civitate","Tesoro","Tesoro 21","https://opencontext.org/subjects/d1d5cd18-52e4-4df6-3996-57c51161bcb2","43.152510561262","11.402454384006","-700","-535","Excavation Unit","https://opencontext.org/static/oc/icons-v2/oc-context-icon.svg","","2012-12-28T00:00:00Z","2025-04-05T15:49:27Z"
"1968, ID:484","http://opencontext.org/subjects/34f012fe-a6b2-4a95-06c4-8ac5dd990f82","https://n2t.net/ark:/28722/k26q1xj2d","Murlo","https://opencontext.org/projects/df043419-f23b-41da-7e4d-ee52af22f92f","Europe","Italy","Poggio Civitate","Tesoro","Tesoro 1 Sub 1","https://opencontext.org/subjects/60c0bd0a-f128-47e5-0b58-c4ab8f88ddc0","43.152609876758","11.402819672617","-700","-535","Excavation Unit","https://opencontext.org/static/oc/icons-v2/oc-context-icon.svg","","2012-12-28T00:00:00Z","2025-04-05T15:48:41Z"
"1967, ID:17","http://opencontext.org/subjects/8c7f1700-d3b1-408f-0bb7-d10b775f2b2e","https://n2t.net/ark:/28722/k2dv1hp8c","Murlo","https://opencontext.org/projects/df043419-f23b-41da-7e4d-ee52af22f92f","Europe","Italy","Poggio Civitate","Tesoro","Tesoro 1Q","https://opencontext.org/subjects/b07a6914-b5a7-46a6-02cb-a5ff966fa70d","43.15339164848448","11.40154564209777","-700","-535","Excavation Unit","https://opencontext.org/static/oc/icons-v2/oc-context-icon.svg","","2012-12-28T00:00:00Z","2025-04-05T15:48:29Z"
"1966, ID:8","http://opencontext.org/subjects/9a9af766-1cad-496e-4959-292e0b0f410c","https://n2t.net/ark:/28722/k2tx3975s","Murlo","https://opencontext.org/projects/df043419-f23b-41da-7e4d-ee52af22f92f","Europe","Italy","Poggio Civitate","Tesoro","Tesoro 1H","https://opencontext.org/subjects/4c4fa322-b496-4e3f-7d21-55599f5c499d","43.1560878755","11.400224209","-700","-535","Excavation Unit","https://opencontext.org/static/oc/icons-v2/oc-context-icon.svg","","2012-12-28T00:00:00Z","2025-04-05T15:48:23Z"
"1968, ID:37","http://opencontext.org/subjects/e5e80bd3-81e5-4215-29e8-602d59a2b8d8","https://n2t.net/ark:/28722/k2fx7804v","Murlo","https://opencontext.org/projects/df043419-f23b-41da-7e4d-ee52af22f92f","Europe","Italy","Poggio Civitate","Tesoro","Tesoro 1AK","https://opencontext.org/subjects/ffb55f1a-087c-4f74-abe7-bab4e21fa5e8","43.15337196769188","11.402090586679387","-700","-535","Excavation Unit","https://opencontext.org/static/oc/icons-v2/oc-context-icon.svg","","2012-12-28T00:00:00Z","2025-04-05T15:48:34Z"
"1970, ID:469","http://opencontext.org/subjects/034aa229-42a6-4b45-287e-e5c409981cf9","https://n2t.net/ark:/28722/k28c9w51s","Murlo","https://opencontext.org/projects/df043419-f23b-41da-7e4d-ee52af22f92f","Europe","Italy","Poggio Civitate","Agger","Agger 9C","https://opencontext.org/subjects/3b1bd401-f3f4-4e24-43dd-97c3faff25f0","43.15312247084326","11.401250210051067","-700","-535","Excavation Unit","https://opencontext.org/static/oc/icons-v2/oc-context-icon.svg","","2012-12-28T00:00:00Z","2025-04-05T15:48:50Z"
"1967, ID:44","http://opencontext.org/subjects/6f340337-95b3-48e1-d09b-d5d7ff9700e0","https://n2t.net/ark:/28722/k2xk84s1b","Murlo","https://opencontext.org/projects/df043419-f23b-41da-7e4d-ee52af22f92f","Europe","Italy","Poggio Civitate","Tesoro","Tesoro 5A","https://opencontext.org/subjects/fb4a8c45-3d72-488f-1730-dcb1e2c337da","43.153330396027165","11.401411825403482","-700","-535","Excavation Unit","https://opencontext.org/static/oc/icons-v2/oc-context-icon.svg","","2012-12-28T00:00:00Z","2025-04-05T15:48:32Z"
"1968, ID:50","http://opencontext.org/subjects/fdd41cef-bce8-4ef1-53aa-a702f71d081e","https://n2t.net/ark:/28722/k2td9s924","Murlo","https://opencontext.org/projects/df043419-f23b-41da-7e4d-ee52af22f92f","Europe","Italy","Poggio Civitate","Tesoro","Tesoro 6B","https://opencontext.org/subjects/5e46e338-5bab-480b-a7c1-2a8492abae5d","43.15289845440036","11.40135269514307","-700","-535","Excavation Unit","https://opencontext.org/static/oc/icons-v2/oc-context-icon.svg","","2012-12-28T00:00:00Z","2025-04-05T15:48:35Z"
"1979, ID:244","http://opencontext.org/subjects/9054684c-c14f-4404-b9f2-9a4fc3082af1","https://n2t.net/ark:/28722/k2474bs64","Murlo","https://opencontext.org/projects/df043419-f23b-41da-7e4d-ee52af22f92f","Europe","Italy","Poggio Civitate","Civitate D","Civitate D 1","https://opencontext.org/subjects/7be22e11-83d7-43bb-d9b6-634bd749cfb3","43.15301254364422","11.402214834925351","-700","-535","Excavation Unit","https://opencontext.org/static/oc/icons-v2/oc-context-icon.svg","","2012-12-28T00:00:00Z","2025-04-05T15:49:02Z"
"1967, ID:33","http://opencontext.org/subjects/a03e5ea3-cc6f-4bae-3fa0-d7e8931adcf5","https://n2t.net/ark:/28722/k2f18xg5w","Murlo","https://opencontext.org/projects/df043419-f23b-41da-7e4d-ee52af22f92f","Europe","Italy","Poggio Civitate","Tesoro","Tesoro 1AG","https://opencontext.org/subjects/1ae0ef0d-9568-41c7-1627-6a2687192447","43.15320908788955","11.40200319551444","-700","-535","Excavation Unit","https://opencontext.org/static/oc/icons-v2/oc-context-icon.svg","","2012-12-28T00:00:00Z","2025-04-05T15:48:31Z"
"1966, ID:6","http://opencontext.org/subjects/c03933df-64f7-4c78-75a3-980b41cb53d8","https://n2t.net/ark:/28722/k29z94d10","Murlo","https://opencontext.org/projects/df043419-f23b-41da-7e4d-ee52af22f92f","Europe","Italy","Poggio Civitate","Tesoro","Tesoro 1F","https://opencontext.org/subjects/5c0cc283-12c9-4c3f-485d-1677bed2ab29","43.15348998563784","11.40167800639458","-700","-535","Excavation Unit","https://opencontext.org/static/oc/icons-v2/oc-context-icon.svg","","2012-12-28T00:00:00Z","2025-04-05T15:48:23Z"
"1966, ID:1","http://opencontext.org/subjects/e947308a-5f9a-41dd-e98a-d63bea1ce1d9","https://n2t.net/ark:/28722/k21g0nw3q","Murlo","https://opencontext.org/projects/df043419-f23b-41da-7e4d-ee52af22f92f","Europe","Italy","Poggio Civitate","Tesoro","Tesoro 1A","https://opencontext.org/subjects/eaca3da2-126a-4313-e854-beca3e9aa4e1","43.15345336556426","11.401598689185317","-700","-535","Excavation Unit","https://opencontext.org/static/oc/icons-v2/oc-context-icon.svg","","2012-12-28T00:00:00Z","2025-04-05T15:48:22Z"
"1967, ID:28","http://opencontext.org/subjects/fe6761c0-9514-48e9-ceab-d8d7cd0a44f8","https://n2t.net/ark:/28722/k2d21wk8n","Murlo","https://opencontext.org/projects/df043419-f23b-41da-7e4d-ee52af22f92f","Europe","Italy","Poggio Civitate","Tesoro","Tesoro 1AB","https://opencontext.org/subjects/0545a920-b145-4b43-e1b1-11fcae7fd303","43.15329972275914","11.402034430340258","-700","-535","Excavation Unit","https://opencontext.org/static/oc/icons-v2/oc-context-icon.svg","","2012-12-28T00:00:00Z","2025-04-05T15:48:30Z"
"1979, ID:245","http://opencontext.org/subjects/0bba0905-bc1b-4c0f-751b-09b3ba87a221","https://n2t.net/ark:/28722/k2hd7st86","Murlo","https://opencontext.org/projects/df043419-f23b-41da-7e4d-ee52af22f92f","Europe","Italy","Poggio Civitate","Civitate D","Civitate D 2","https://opencontext.org/subjects/f97f432f-96eb-4719-801f-b24acaf85177","43.15301254364422","11.402214834925351","-700","-535","Excavation Unit","https://opencontext.org/static/oc/icons-v2/oc-context-icon.svg","","2012-12-28T00:00:00Z","2025-04-05T15:49:02Z"
"1967, ID:34","http://opencontext.org/subjects/1e07d087-de44-4b52-0c69-21481b1e6816","https://n2t.net/ark:/28722/k2t72ch2g","Murlo","https://opencontext.org/projects/df043419-f23b-41da-7e4d-ee52af22f92f","Europe","Italy","Poggio Civitate","Tesoro","Tesoro 1AH","https://opencontext.org/subjects/c82fd429-2ccc-43fa-658e-cef3db15ae22","43.15325760228077","11.401838023279169","-700","-535","Excavation Unit","https://opencontext.org/static/oc/icons-v2/oc-context-icon.svg","","2012-12-28T00:00:00Z","2025-04-05T15:48:31Z"
"1967, ID:27","http://opencontext.org/subjects/865868e6-b3f9-43d4-1eaf-b2fa1008c3a7","https://n2t.net/ark:/28722/k20r9r52x","Murlo","https://opencontext.org/projects/df043419-f23b-41da-7e4d-ee52af22f92f","Europe","Italy","Poggio Civitate","Tesoro","Tesoro 1AA","https://opencontext.org/subjects/17531f26-8a53-4147-7b2e-d6c5341796af","43.15330796179002","11.401867000458747","-700","-535","Excavation Unit","https://opencontext.org/static/oc/icons-v2/oc-context-icon.svg","","2012-12-28T00:00:00Z","2025-04-05T15:48:30Z"
"1967, ID:23","http://opencontext.org/subjects/0d9788f5-d6fb-425c-d87e-252d6a1d2f55","https://n2t.net/ark:/28722/k23j3f25w","Murlo","https://opencontext.org/projects/df043419-f23b-41da-7e4d-ee52af22f92f","Europe","Italy","Poggio Civitate","Tesoro","Tesoro 1W","https://opencontext.org/subjects/1b494957-5b7a-49ae-74b0-285f4600b017","43.15333956132467","11.401890178744273","-700","-535","Excavation Unit","https://opencontext.org/static/oc/icons-v2/oc-context-icon.svg","","2012-12-28T00:00:00Z","2025-04-05T15:48:30Z"
"1967, ID:25","http://opencontext.org/subjects/59109adc-4ddb-4223-0ba1-e0c5593a20f7","https://n2t.net/ark:/28722/k2gt5kh1c","Murlo","https://opencontext.org/projects/df043419-f23b-41da-7e4d-ee52af22f92f","Europe","Italy","Poggio Civitate","Tesoro","Tesoro 1Y","https://opencontext.org/subjects/a105ec09-1b78-4cda-578a-95f434b45d13","43.15332103809515","11.40181640693755","-700","-535","Excavation Unit","https://opencontext.org/static/oc/icons-v2/oc-context-icon.svg","","2012-12-28T00:00:00Z","2025-04-05T15:48:30Z"
"1967, ID:22","http://opencontext.org/subjects/9020295d-29de-4709-1657-f077c4c2057e","https://n2t.net/ark:/28722/k2v40q11c","Murlo","https://opencontext.org/projects/df043419-f23b-41da-7e4d-ee52af22f92f","Europe","Italy","Poggio Civitate","Tesoro","Tesoro 1V","https://opencontext.org/subjects/790693b9-2569-4b5d-3cc8-6f8858ffb78b","43.15336677468587","11.402000014811813","-700","-535","Excavation Unit","https://opencontext.org/static/oc/icons-v2/oc-context-icon.svg","","2012-12-28T00:00:00Z","2025-04-05T15:48:29Z"
"1967, ID:16","http://opencontext.org/subjects/b19c4f26-ed8c-46bf-0a9a-2565484c9ed6","https://n2t.net/ark:/28722/k2930sw4j","Murlo","https://opencontext.org/projects/df043419-f23b-41da-7e4d-ee52af22f92f","Europe","Italy","Poggio Civitate","Tesoro","Tesoro 1P","https://opencontext.org/subjects/8370d6e3-b764-4696-bb96-7735e7fd66b8","43.15334998927742","11.401628684388097","-700","-535","Excavation Unit","https://opencontext.org/static/oc/icons-v2/oc-context-icon.svg","","2012-12-28T00:00:00Z","2025-04-05T15:48:29Z"
"1967, ID:46","http://opencontext.org/subjects/bac52ed6-040a-4e6b-95cf-3fe40592a951","https://n2t.net/ark:/28722/k2639k703","Murlo","https://opencontext.org/projects/df043419-f23b-41da-7e4d-ee52af22f92f","Europe","Italy","Poggio Civitate","Tesoro","Tesoro 5C","https://opencontext.org/subjects/2f803c4a-1b17-4cbb-7576-0a0acfac0e36","43.15325435855196","11.401373427684561","-700","-535","Excavation Unit","https://opencontext.org/static/oc/icons-v2/oc-context-icon.svg","","2012-12-28T00:00:00Z","2025-04-05T15:48:32Z"
"1967, ID:32","http://opencontext.org/subjects/1f380c32-eda5-4f74-59cf-05bc44055468","https://n2t.net/ark:/28722/k29886p4k","Murlo","https://opencontext.org/projects/df043419-f23b-41da-7e4d-ee52af22f92f","Europe","Italy","Poggio Civitate","Tesoro","Tesoro 1AF","https://opencontext.org/subjects/7381e5a8-99a2-4142-70bf-d67be0e9d187","43.15331883585773","11.401633139611087","-700","-535","Excavation Unit","https://opencontext.org/static/oc/icons-v2/oc-context-icon.svg","","2012-12-28T00:00:00Z","2025-04-05T15:48:31Z"
"1967, ID:29","http://opencontext.org/subjects/4595251b-b67a-4132-443b-0000e2044c85","https://n2t.net/ark:/28722/k2ht2md04","Murlo","https://opencontext.org/projects/df043419-f23b-41da-7e4d-ee52af22f92f","Europe","Italy","Poggio Civitate","Tesoro","Tesoro 1AC","https://opencontext.org/subjects/ee9b4d0f-f866-4a31-34c0-221013025c82","43.15329413105181","11.40190635445459","-700","-535","Excavation Unit","https://opencontext.org/static/oc/icons-v2/oc-context-icon.svg","","2012-12-28T00:00:00Z","2025-04-05T15:48:30Z"
"1967, ID:36","http://opencontext.org/subjects/f17d401c-a890-49b3-972f-c516da9dfc8d","https://n2t.net/ark:/28722/k2b857k1c","Murlo","https://opencontext.org/projects/df043419-f23b-41da-7e4d-ee52af22f92f","Europe","Italy","Poggio Civitate","Tesoro","Tesoro 1AJ","https://opencontext.org/subjects/1b67452b-cf52-4eaa-69dc-8bd11149f653","43.15321783441741","11.402012675889942","-700","-535","Excavation Unit","https://opencontext.org/static/oc/icons-v2/oc-context-icon.svg","","2012-12-28T00:00:00Z","2025-04-05T15:48:32Z"
"1980, ID:410","http://opencontext.org/subjects/2a7e14cd-9457-4d35-faa7-d018830429c0","https://n2t.net/ark:/28722/k2gf0rx71","Murlo","https://opencontext.org/projects/df043419-f23b-41da-7e4d-ee52af22f92f","Europe","Italy","Poggio Civitate","Tesoro","Tesoro 19","https://opencontext.org/subjects/2c8ea052-ea7e-4eef-c09e-15b4aa761fa0","43.153909673446","11.402903659527","-700","-535","Excavation Unit","https://opencontext.org/static/oc/icons-v2/oc-context-icon.svg","","2012-12-28T00:00:00Z","2025-04-05T15:49:04Z"
"1978, ID:422","http://opencontext.org/subjects/e69cd898-32ec-4092-ef4c-96bcf763072f","https://n2t.net/ark:/28722/k2tq5wg07","Murlo","https://opencontext.org/projects/df043419-f23b-41da-7e4d-ee52af22f92f","Europe","Italy","Poggio Civitate","Tesoro","Tesoro 19","https://opencontext.org/subjects/2c8ea052-ea7e-4eef-c09e-15b4aa761fa0","43.153909673446","11.402903659527","-700","-535","Excavation Unit","https://opencontext.org/static/oc/icons-v2/oc-context-icon.svg","","2012-12-28T00:00:00Z","2025-04-05T15:49:01Z"
"1967, ID:13","http://opencontext.org/subjects/00fabcf8-a821-4934-9a17-0c23dc2106b4","https://n2t.net/ark:/28722/k2cv4gs7n","Murlo","https://opencontext.org/projects/df043419-f23b-41da-7e4d-ee52af22f92f","Europe","Italy","Poggio Civitate","Tesoro","Tesoro 1M","https://opencontext.org/subjects/d5783801-10ea-4902-0e08-bb5a604a1db1","43.15335749364673","11.401737837393014","-700","-535","Excavation Unit","https://opencontext.org/static/oc/icons-v2/oc-context-icon.svg","","2012-12-28T00:00:00Z","2025-04-05T15:48:28Z"
"1968, ID:465","http://opencontext.org/subjects/403cdcf6-c5cf-4fc2-c66c-075f99ea91ad","https://n2t.net/ark:/28722/k2000418k","Murlo","https://opencontext.org/projects/df043419-f23b-41da-7e4d-ee52af22f92f","Europe","Italy","Poggio Civitate","Agger","Agger 2B","https://opencontext.org/subjects/045d28f9-5723-4094-2037-1565e2a1c864","43.15342140929617","11.401383021181651","-700","-535","Excavation Unit","https://opencontext.org/static/oc/icons-v2/oc-context-icon.svg","","2012-12-28T00:00:00Z","2025-04-05T15:48:40Z"
"1967, ID:24","http://opencontext.org/subjects/8fec1f08-b91f-4f02-3065-42c80dfa828c","https://n2t.net/ark:/28722/k2zs2qf2g","Murlo","https://opencontext.org/projects/df043419-f23b-41da-7e4d-ee52af22f92f","Europe","Italy","Poggio Civitate","Tesoro","Tesoro 1X","https://opencontext.org/subjects/2b7d0994-0b03-457f-2985-e7a58b3899a6","43.15334983768478","11.401930354262742","-700","-535","Excavation Unit","https://opencontext.org/static/oc/icons-v2/oc-context-icon.svg","","2012-12-28T00:00:00Z","2025-04-05T15:48:30Z"
"1966, ID:3","http://opencontext.org/subjects/938bca2c-161d-4dc5-130b-c54c98ec8f82","https://n2t.net/ark:/28722/k2jd4tq8f","Murlo","https://opencontext.org/projects/df043419-f23b-41da-7e4d-ee52af22f92f","Europe","Italy","Poggio Civitate","Tesoro","Tesoro 1C","https://opencontext.org/subjects/382c7494-c6fd-43cb-81ac-8cf1c5fb5648","43.153428402398546","11.4016352028799","-700","-535","Excavation Unit","https://opencontext.org/static/oc/icons-v2/oc-context-icon.svg","","2012-12-28T00:00:00Z","2025-04-05T15:48:23Z"
"1966, ID:149","http://opencontext.org/subjects/7c556426-f498-47d0-f5bd-e2cdfcede073","https://n2t.net/ark:/28722/k23j3f24d","Murlo","https://opencontext.org/projects/df043419-f23b-41da-7e4d-ee52af22f92f","Europe","Italy","Poggio Civitate","Civitate A","Civitate A 1","https://opencontext.org/subjects/21fb0f16-5ea7-49a6-6407-9c109f19d590","43.15330730785","11.401757153598","-700","-535","Excavation Unit","https://opencontext.org/static/oc/icons-v2/oc-context-icon.svg","","2012-12-28T00:00:00Z","2025-04-05T15:48:24Z"
"1994, ID:396","http://opencontext.org/subjects/e7ebfd60-e0a5-4962-6a7f-a218b9a02168","https://n2t.net/ark:/28722/k2xg9kc3n","Murlo","https://opencontext.org/projects/df043419-f23b-41da-7e4d-ee52af22f92f","Europe","Italy","Poggio Civitate","Civitate A","Civitate A 36","https://opencontext.org/subjects/c388d8db-69cb-498e-6159-5dc0d6b33b44","43.15346031189","11.399638748169","-700","-535","Excavation Unit","https://opencontext.org/static/oc/icons-v2/oc-context-icon.svg","","2012-12-28T00:00:00Z","2025-04-05T15:49:18Z"
"1979, ID:418","http://opencontext.org/subjects/1f812a7e-06d1-470f-c6e4-6dfd82e0e866","https://n2t.net/ark:/28722/k2t72ch0h","Murlo","https://opencontext.org/projects/df043419-f23b-41da-7e4d-ee52af22f92f","Europe","Italy","Poggio Civitate","Agger","Agger 11 Extension","https://opencontext.org/subjects/c5fc0996-5cda-4aaf-5def-3c6c1582705e","43.152581078666","11.401897157942","-700","-535","Excavation Unit","https://opencontext.org/static/oc/icons-v2/oc-context-icon.svg","","2012-12-28T00:00:00Z","2025-04-05T15:49:03Z"
"1978, ID:383","http://opencontext.org/subjects/d662b9f4-b0a3-4418-ee3e-ee360430ca74","https://n2t.net/ark:/28722/k20867683","Murlo","https://opencontext.org/projects/df043419-f23b-41da-7e4d-ee52af22f92f","Europe","Italy","Poggio Civitate","Tesoro","Tesoro 17","https://opencontext.org/subjects/87ec8abc-82e3-43b0-e451-9c388bf98524","43.154115710669","11.402470012033","-700","-535","Excavation Unit","https://opencontext.org/static/oc/icons-v2/oc-context-icon.svg","","2012-12-28T00:00:00Z","2025-04-05T15:49:01Z"
"1967, ID:514","http://opencontext.org/subjects/10bfdd6b-7bd6-4714-f81f-2d7e52d243d6","https://n2t.net/ark:/28722/k23f4qp7k","Murlo","https://opencontext.org/projects/df043419-f23b-41da-7e4d-ee52af22f92f","Europe","Italy","Poggio Civitate","Tesoro","Tesoro 1H","https://opencontext.org/subjects/4c4fa322-b496-4e3f-7d21-55599f5c499d","43.153512615085475","11.401452254978386","-700","-535","Excavation Unit","https://opencontext.org/static/oc/icons-v2/oc-context-icon.svg","","2012-12-28T00:00:00Z","2025-04-05T15:48:33Z"
"1969, ID:187","http://opencontext.org/subjects/8e2a69f9-6f5a-40e7-6b64-481e67b1402b","https://n2t.net/ark:/28722/k2j38qj6d","Murlo","https://opencontext.org/projects/df043419-f23b-41da-7e4d-ee52af22f92f","Europe","Italy","Poggio Civitate","Civitate A","Civitate A 24","https://opencontext.org/subjects/7f7545d4-f5d1-4af6-ce89-eeb5c02f7419","43.152894210815","11.401761245728","-700","-535","Excavation Unit","https://opencontext.org/static/oc/icons-v2/oc-context-icon.svg","","2012-12-28T00:00:00Z","2025-04-05T15:48:44Z"
"1968, ID:224","http://opencontext.org/subjects/137686a5-baf3-466d-4675-790c883053b5","https://n2t.net/ark:/28722/k2mk6991k","Murlo","https://opencontext.org/projects/df043419-f23b-41da-7e4d-ee52af22f92f","Europe","Italy","Poggio Civitate","Civitate B","Civitate B 15","https://opencontext.org/subjects/aded9537-2653-462e-ccfc-98a481886dba","43.152317255282","11.399201496398","-700","-535","Excavation Unit","https://opencontext.org/static/oc/icons-v2/oc-context-icon.svg","","2012-12-28T00:00:00Z","2025-04-05T15:48:39Z"
"1985, ID:143","http://opencontext.org/subjects/f84a0195-3739-4e20-dbc5-e6ab4c7828b4","https://n2t.net/ark:/28722/k21n82n8q","Murlo","https://opencontext.org/projects/df043419-f23b-41da-7e4d-ee52af22f92f","Europe","Italy","Poggio Civitate","Tesoro","Tesoro 27","https://opencontext.org/subjects/a004469d-dcd9-4219-425d-07e87490e01c","43.151919742546","11.40295171834","-700","-535","Excavation Unit","https://opencontext.org/static/oc/icons-v2/oc-context-icon.svg","","2012-12-28T00:00:00Z","2025-04-05T15:49:07Z"
"1970, ID:61","http://opencontext.org/subjects/66364248-e606-4dea-df72-50b2d22d5b0c","https://n2t.net/ark:/28722/k2x925k6f","Murlo","https://opencontext.org/projects/df043419-f23b-41da-7e4d-ee52af22f92f","Europe","Italy","Poggio Civitate","Tesoro","Tesoro 11","https://opencontext.org/subjects/14f4a481-4b07-4c7c-1f8c-f3c2c45b8e24","43.152609876758","11.402819672617","-700","-535","Excavation Unit","https://opencontext.org/static/oc/icons-v2/oc-context-icon.svg","","2012-12-28T00:00:00Z","2025-04-05T15:48:47Z"
"1988, ID:196","http://opencontext.org/subjects/1112d05d-7d69-49ca-5f48-a2661cfc1abf","https://n2t.net/ark:/28722/k2086767m","Murlo","https://opencontext.org/projects/df043419-f23b-41da-7e4d-ee52af22f92f","Europe","Italy","Poggio Civitate","Civitate A","Civitate A 32","https://opencontext.org/subjects/45925a7f-9792-4a40-380d-0239cdc36c12","43.153556055504","11.40012431958","-700","-535","Excavation Unit","https://opencontext.org/static/oc/icons-v2/oc-context-icon.svg","","2012-12-28T00:00:00Z","2025-04-05T15:49:09Z"
"1970, ID:63","http://opencontext.org/subjects/f6b51179-7b98-41a8-06bf-59d1eb74b7bc","https://n2t.net/ark:/28722/k2k35rf6n","Murlo","https://opencontext.org/projects/df043419-f23b-41da-7e4d-ee52af22f92f","Europe","Italy","Poggio Civitate","Tesoro","Tesoro 13","https://opencontext.org/subjects/0024c91a-5d02-4467-6849-163150536722","43.152609876758","11.402819672617","-700","-535","Excavation Unit","https://opencontext.org/static/oc/icons-v2/oc-context-icon.svg","","2012-12-28T00:00:00Z","2025-04-05T15:48:48Z"
"1996, ID:235","http://opencontext.org/subjects/c4449e3c-5ca2-4f24-ed9d-ad28aa10ce41","https://n2t.net/ark:/28722/k26h4hr64","Murlo","https://opencontext.org/projects/df043419-f23b-41da-7e4d-ee52af22f92f","Europe","Italy","Poggio Civitate","Civitate B","Civitate B 30","https://opencontext.org/subjects/28b22fa1-7499-479f-1257-49a04bb2b7b7","43.152317255282","11.399201496398","-700","-535","Excavation Unit","https://opencontext.org/static/oc/icons-v2/oc-context-icon.svg","","2012-12-28T00:00:00Z","2025-04-05T15:49:18Z"
"1988, ID:231","http://opencontext.org/subjects/37738ca9-1d96-4396-efe8-625129736d23","https://n2t.net/ark:/28722/k2f18xg2f","Murlo","https://opencontext.org/projects/df043419-f23b-41da-7e4d-ee52af22f92f","Europe","Italy","Poggio Civitate","Civitate B","Civitate B 22","https://opencontext.org/subjects/2be2b057-c914-40d5-9103-3cf7519c962b","43.152317255282","11.399201496398","-700","-535","Excavation Unit","https://opencontext.org/static/oc/icons-v2/oc-context-icon.svg","","2012-12-28T00:00:00Z","2025-04-05T15:49:09Z"
"1970, ID:441","http://opencontext.org/subjects/ece4a351-2e5e-443a-8cbb-aa2b130f1d52","https://n2t.net/ark:/28722/k2th8gn9x","Murlo","https://opencontext.org/projects/df043419-f23b-41da-7e4d-ee52af22f92f","Europe","Italy","Poggio Civitate","Tesoro Rectangle","Tesoro Rectangle 12","https://opencontext.org/subjects/07a9f589-86a0-4297-95d1-e6565c93ba14","43.153191321237","11.402040100098","-700","-535","Excavation Unit","https://opencontext.org/static/oc/icons-v2/oc-context-icon.svg","","2012-12-28T00:00:00Z","2025-04-05T15:48:50Z"
"1968, ID:377","http://opencontext.org/subjects/514fad69-8d83-43e2-5114-310e9aad52d2","https://n2t.net/ark:/28722/k2ht2mc91","Murlo","https://opencontext.org/projects/df043419-f23b-41da-7e4d-ee52af22f92f","Europe","Italy","Poggio Civitate","Tesoro","Tesoro 1 Test 7","https://opencontext.org/subjects/dcfc4169-4807-4be2-8212-1277affec6f7","43.152609876758","11.402819672617","-700","-535","Excavation Unit","https://opencontext.org/static/oc/icons-v2/oc-context-icon.svg","","2012-12-28T00:00:00Z","2025-04-05T15:48:39Z"
"1991, ID:206","http://opencontext.org/subjects/dcb078ff-b4bc-4ce0-7467-a497b31b9e39","https://n2t.net/ark:/28722/k2nz84r35","Murlo","https://opencontext.org/projects/df043419-f23b-41da-7e4d-ee52af22f92f","Europe","Italy","Poggio Civitate","Civitate A","Civitate A 36","https://opencontext.org/subjects/c388d8db-69cb-498e-6159-5dc0d6b33b44","43.15346031189","11.399638748169","-700","-535","Excavation Unit","https://opencontext.org/static/oc/icons-v2/oc-context-icon.svg","","2012-12-28T00:00:00Z","2025-04-05T15:49:14Z"
"1990, ID:203","http://opencontext.org/subjects/4b4a3281-8992-466b-576c-908df62e72ac","https://n2t.net/ark:/28722/k2wh2jg3z","Murlo","https://opencontext.org/projects/df043419-f23b-41da-7e4d-ee52af22f92f","Europe","Italy","Poggio Civitate","Civitate A","Civitate A 33 Extension","https://opencontext.org/subjects/aa4d7f6e-007b-47da-0e98-d0e1afb31541","43.154099400838","11.398989232381","-700","-535","Excavation Unit","https://opencontext.org/static/oc/icons-v2/oc-context-icon.svg","","2012-12-28T00:00:00Z","2025-04-05T15:49:12Z"
"1988, ID:229","http://opencontext.org/subjects/5c1d058d-2d7e-4198-ecf0-96b0676662f5","https://n2t.net/ark:/28722/k2x34rt0d","Murlo","https://opencontext.org/projects/df043419-f23b-41da-7e4d-ee52af22f92f","Europe","Italy","Poggio Civitate","Civitate B","Civitate B 20","https://opencontext.org/subjects/7e2e5fdc-8617-4dbf-5e26-5db076733a55","43.152317255282","11.399201496398","-700","-535","Excavation Unit","https://opencontext.org/static/oc/icons-v2/oc-context-icon.svg","","2012-12-28T00:00:00Z","2025-04-05T15:49:09Z"
"1990, ID:233","http://opencontext.org/subjects/fd8d7a1b-9119-4a3d-bc57-8024adeb2b4d","https://n2t.net/ark:/28722/k2z31sq2m","Murlo","https://opencontext.org/projects/df043419-f23b-41da-7e4d-ee52af22f92f","Europe","Italy","Poggio Civitate","Civitate B","Civitate B 25","https://opencontext.org/subjects/c7fc7d5e-14bf-49ab-d24a-68b7bdf167e5","43.152317255282","11.399201496398","-700","-535","Excavation Unit","https://opencontext.org/static/oc/icons-v2/oc-context-icon.svg","","2012-12-28T00:00:00Z","2025-04-05T15:49:13Z"
"1980, ID:409","http://opencontext.org/subjects/2eca9b53-3260-4103-0c4d-2c8842a1d49c","https://n2t.net/ark:/28722/k2df6q450","Murlo","https://opencontext.org/projects/df043419-f23b-41da-7e4d-ee52af22f92f","Europe","Italy","Poggio Civitate","Tesoro","Tesoro 18","https://opencontext.org/subjects/8278e5d0-37ee-493b-8c3f-d2b82e469e98","43.154011395837","11.402685903368","-700","-535","Excavation Unit","https://opencontext.org/static/oc/icons-v2/oc-context-icon.svg","","2012-12-28T00:00:00Z","2025-04-05T15:49:04Z"
"1970, ID:440","http://opencontext.org/subjects/86ae8e4c-fd6f-4d5a-8402-1cfe1fff039d","https://n2t.net/ark:/28722/k2mp50p4w","Murlo","https://opencontext.org/projects/df043419-f23b-41da-7e4d-ee52af22f92f","Europe","Italy","Poggio Civitate","Tesoro","Tesoro 2","https://opencontext.org/subjects/ce6776d3-567b-4ce8-90bb-ba3421985927","43.153007888794","11.402309036255","-700","-535","Excavation Unit","https://opencontext.org/static/oc/icons-v2/oc-context-icon.svg","","2012-12-28T00:00:00Z","2025-04-05T15:48:50Z"
"1967, ID:516","http://opencontext.org/subjects/7a31b205-c6d1-4d24-eba4-d93d5732e28a","https://n2t.net/ark:/28722/k2fn14t4x","Murlo","https://opencontext.org/projects/df043419-f23b-41da-7e4d-ee52af22f92f","Europe","Italy","Poggio Civitate","Tesoro","Tesoro 1G","https://opencontext.org/subjects/2a59c384-1cc9-43c6-592d-df3ab534c9de","43.15349703603327","11.401528672634527","-700","-535","Excavation Unit","https://opencontext.org/static/oc/icons-v2/oc-context-icon.svg","","2012-12-28T00:00:00Z","2025-04-05T15:48:33Z"
"1970, ID:470","http://opencontext.org/subjects/a52228ce-ea6f-4488-d1ab-dd785954f2ba","https://n2t.net/ark:/28722/k2fx7800x","Murlo","https://opencontext.org/projects/df043419-f23b-41da-7e4d-ee52af22f92f","Europe","Italy","Poggio Civitate","Agger","Agger 9 Extension","https://opencontext.org/subjects/5f3f7e8b-7d93-4295-9c09-5ddcb9f88508","43.153084182739","11.40200958252","-700","-535","Excavation Unit","https://opencontext.org/static/oc/icons-v2/oc-context-icon.svg","","2012-12-28T00:00:00Z","2025-04-05T15:48:51Z"
"1993, ID:400","http://opencontext.org/subjects/15272852-7875-4598-31e3-5cc72a5addbd","https://n2t.net/ark:/28722/k20z74x91","Murlo","https://opencontext.org/projects/df043419-f23b-41da-7e4d-ee52af22f92f","Europe","Italy","Poggio Civitate","Civitate B","Civitate B 28","https://opencontext.org/subjects/ec144e36-35de-48ee-4dfb-a6d20bd9a70a","43.152317255282","11.399201496398","-700","-535","Excavation Unit","https://opencontext.org/static/oc/icons-v2/oc-context-icon.svg","","2012-12-28T00:00:00Z","2025-04-05T15:49:16Z"
"1990, ID:204","http://opencontext.org/subjects/2c43f625-7da5-4a3e-d447-d9c2e279f25c","https://n2t.net/ark:/28722/k24x58h9f","Murlo","https://opencontext.org/projects/df043419-f23b-41da-7e4d-ee52af22f92f","Europe","Italy","Poggio Civitate","Civitate A","Civitate A 34","https://opencontext.org/subjects/8add385d-d716-41d1-e4d0-b11b4045c025","43.153556055504","11.40012431958","-700","-535","Excavation Unit","https://opencontext.org/static/oc/icons-v2/oc-context-icon.svg","","2012-12-28T00:00:00Z","2025-04-05T15:49:13Z"
"1969, ID:380","http://opencontext.org/subjects/cf13cefc-66d8-4fc9-34b8-6e185c107393","https://n2t.net/ark:/28722/k29886p33","Murlo","https://opencontext.org/projects/df043419-f23b-41da-7e4d-ee52af22f92f","Europe","Italy","Poggio Civitate","Tesoro","Tesoro 5 Test","https://opencontext.org/subjects/c32ab14c-9e38-4fde-1f76-db35c4529d93","43.152609876758","11.402819672617","-700","-535","Excavation Unit","https://opencontext.org/static/oc/icons-v2/oc-context-icon.svg","","2012-12-28T00:00:00Z","2025-04-05T15:48:47Z"
"2005, ID:571","http://opencontext.org/subjects/e405152c-1036-49ae-0a8b-a621b66ec7ab","https://n2t.net/ark:/28722/k24b3259v","Murlo","https://opencontext.org/projects/df043419-f23b-41da-7e4d-ee52af22f92f","Europe","Italy","Poggio Civitate","Civitate D","Civitate D 11B","https://opencontext.org/subjects/ecc8a9a5-ac8b-4a74-c43d-dd618e1ec8d8","43.15279850865477","11.40249215202643","-700","-535","Excavation Unit","https://opencontext.org/static/oc/icons-v2/oc-context-icon.svg","","2012-12-28T00:00:00Z","2025-04-05T15:49:37Z"
"1970, ID:60","http://opencontext.org/subjects/0adffb28-7534-48fd-ed92-631102b4852e","https://n2t.net/ark:/28722/k2db80r72","Murlo","https://opencontext.org/projects/df043419-f23b-41da-7e4d-ee52af22f92f","Europe","Italy","Poggio Civitate","Tesoro","Tesoro 10","https://opencontext.org/subjects/c8f5b33f-0c35-4a37-2563-6250131aeda9","43.15285901375831","11.401774781805262","-700","-535","Excavation Unit","https://opencontext.org/static/oc/icons-v2/oc-context-icon.svg","","2012-12-28T00:00:00Z","2025-04-05T15:48:47Z"
"1966, ID:43","http://opencontext.org/subjects/ff322b45-b0e8-4af4-296d-a8c08593ef50","https://n2t.net/ark:/28722/k2d50kz6j","Murlo","https://opencontext.org/projects/df043419-f23b-41da-7e4d-ee52af22f92f","Europe","Italy","Poggio Civitate","Tesoro","Tesoro 4","https://opencontext.org/subjects/3196f726-99b6-4b23-809f-272ef6a1dc72","43.152609876758","11.402819672617","-700","-535","Excavation Unit","https://opencontext.org/static/oc/icons-v2/oc-context-icon.svg","","2012-12-28T00:00:00Z","2025-04-05T15:48:24Z"
"1969, ID:177","http://opencontext.org/subjects/e1e241a7-ec4e-4a68-72d0-651c72240a5f","https://n2t.net/ark:/28722/k2z31sq33","Murlo","https://opencontext.org/projects/df043419-f23b-41da-7e4d-ee52af22f92f","Europe","Italy","Poggio Civitate","Civitate A","Civitate A 14","https://opencontext.org/subjects/f4e3fa9e-5271-4ed9-9d91-9ac450027af1","43.153556055504","11.40012431958","-700","-535","Excavation Unit","https://opencontext.org/static/oc/icons-v2/oc-context-icon.svg","","2012-12-28T00:00:00Z","2025-04-05T15:48:42Z"
"1968, ID:175","http://opencontext.org/subjects/202891e5-c6a0-4643-fac1-0d3df5f586ac","https://n2t.net/ark:/28722/k2jw8bp2n","Murlo","https://opencontext.org/projects/df043419-f23b-41da-7e4d-ee52af22f92f","Europe","Italy","Poggio Civitate","Civitate A","Civitate A 13","https://opencontext.org/subjects/4d14cdaf-5e48-47a9-242f-a19071009b4c","43.153556055504","11.40012431958","-700","-535","Excavation Unit","https://opencontext.org/static/oc/icons-v2/oc-context-icon.svg","","2012-12-28T00:00:00Z","2025-04-05T15:48:37Z"
"1971, ID:58","http://opencontext.org/subjects/68f8b3b3-83ac-4d34-d0d4-1bc8843bf767","https://n2t.net/ark:/28722/k2w954p85","Murlo","https://opencontext.org/projects/df043419-f23b-41da-7e4d-ee52af22f92f","Europe","Italy","Poggio Civitate","Tesoro","Tesoro 9","https://opencontext.org/subjects/2810a063-516f-4418-0d33-551d985b438c","43.153575452712","11.403420606434","-700","-535","Excavation Unit","https://opencontext.org/static/oc/icons-v2/oc-context-icon.svg","","2012-12-28T00:00:00Z","2025-04-05T15:48:51Z"
"1969, ID:184","http://opencontext.org/subjects/87f1c844-3a7d-45e0-2124-f69dad88e6aa","https://n2t.net/ark:/28722/k2rj4dw41","Murlo","https://opencontext.org/projects/df043419-f23b-41da-7e4d-ee52af22f92f","Europe","Italy","Poggio Civitate","Civitate A","Civitate A 21","https://opencontext.org/subjects/8ae34465-721f-46f1-ca73-dd2217b1e1e3","43.153556055504","11.40012431958","-700","-535","Excavation Unit","https://opencontext.org/static/oc/icons-v2/oc-context-icon.svg","","2012-12-28T00:00:00Z","2025-04-05T15:48:43Z"
"1966, ID:372","http://opencontext.org/subjects/9639b69c-f887-446b-4108-88ae018a5d09","https://n2t.net/ark:/28722/k27d2v870","Murlo","https://opencontext.org/projects/df043419-f23b-41da-7e4d-ee52af22f92f","Europe","Italy","Poggio Civitate","Tesoro","Tesoro 1 Test 1","https://opencontext.org/subjects/d5957108-c78d-4671-60da-96c15d274e95","43.152609876758","11.402819672617","-700","-535","Excavation Unit","https://opencontext.org/static/oc/icons-v2/oc-context-icon.svg","","2012-12-28T00:00:00Z","2025-04-05T15:48:25Z"
"1969, ID:185","http://opencontext.org/subjects/6f68b8c8-18cc-41dc-a148-e920c5430d93","https://n2t.net/ark:/28722/k2125vb0b","Murlo","https://opencontext.org/projects/df043419-f23b-41da-7e4d-ee52af22f92f","Europe","Italy","Poggio Civitate","Civitate A","Civitate A 22","https://opencontext.org/subjects/33a5b0cc-0d4f-4d7f-025e-9c2ba248403f","43.153556055504","11.40012431958","-700","-535","Excavation Unit","https://opencontext.org/static/oc/icons-v2/oc-context-icon.svg","","2012-12-28T00:00:00Z","2025-04-05T15:48:43Z"
"1968, ID:166","http://opencontext.org/subjects/78b8bb61-e9ea-4af7-c8ae-84fcaaa5b55f","https://n2t.net/ark:/28722/k27d2v86h","Murlo","https://opencontext.org/projects/df043419-f23b-41da-7e4d-ee52af22f92f","Europe","Italy","Poggio Civitate","Civitate A","Civitate A 4","https://opencontext.org/subjects/3a1fd99f-cc70-4d27-a6bb-91f08fb29065","43.153556055504","11.40012431958","-700","-535","Excavation Unit","https://opencontext.org/static/oc/icons-v2/oc-context-icon.svg","","2012-12-28T00:00:00Z","2025-04-05T15:48:36Z"
"1966, ID:374","http://opencontext.org/subjects/06719318-3696-41cc-a22c-11651d99a557","https://n2t.net/ark:/28722/k2rb7135q","Murlo","https://opencontext.org/projects/df043419-f23b-41da-7e4d-ee52af22f92f","Europe","Italy","Poggio Civitate","Tesoro","Tesoro 1 Test 3","https://opencontext.org/subjects/3b423ca2-5ea4-47a6-655e-21fca7d273d8","43.152609876758","11.402819672617","-700","-535","Excavation Unit","https://opencontext.org/static/oc/icons-v2/oc-context-icon.svg","","2012-12-28T00:00:00Z","2025-04-05T15:48:26Z"
"1966, ID:373","http://opencontext.org/subjects/43c66e72-212a-4d22-5876-f45c467b32e9","https://n2t.net/ark:/28722/k2gx48w0r","Murlo","https://opencontext.org/projects/df043419-f23b-41da-7e4d-ee52af22f92f","Europe","Italy","Poggio Civitate","Tesoro","Tesoro 1 Test 2","https://opencontext.org/subjects/9d78b201-52a0-4042-55d5-9f0273b0ade8","43.152609876758","11.402819672617","-700","-535","Excavation Unit","https://opencontext.org/static/oc/icons-v2/oc-context-icon.svg","","2012-12-28T00:00:00Z","2025-04-05T15:48:26Z"
"1968, ID:378","http://opencontext.org/subjects/945a7dc4-582c-4e47-7b26-c4fecabf8084","https://n2t.net/ark:/28722/k2nk3b61t","Murlo","https://opencontext.org/projects/df043419-f23b-41da-7e4d-ee52af22f92f","Europe","Italy","Poggio Civitate","Tesoro","Tesoro 1 Test 8","https://opencontext.org/subjects/5fa57af4-62d0-45a1-3e7d-0d6f7242f095","43.152609876758","11.402819672617","-700","-535","Excavation Unit","https://opencontext.org/static/oc/icons-v2/oc-context-icon.svg","","2012-12-28T00:00:00Z","2025-04-05T15:48:40Z"
"1968, ID:376","http://opencontext.org/subjects/ba45abc5-b26e-422a-41a5-b4dc1d7a8752","https://n2t.net/ark:/28722/k28c9w53r","Murlo","https://opencontext.org/projects/df043419-f23b-41da-7e4d-ee52af22f92f","Europe","Italy","Poggio Civitate","Tesoro","Tesoro 1 Test 6","https://opencontext.org/subjects/07b4a395-1299-4edf-4aad-6b19ebb216eb","43.152609876758","11.402819672617","-700","-535","Excavation Unit","https://opencontext.org/static/oc/icons-v2/oc-context-icon.svg","","2012-12-28T00:00:00Z","2025-04-05T15:48:39Z"
"1968, ID:222","http://opencontext.org/subjects/0cde01b7-90a2-4c88-741d-f9ae20c6b6eb","https://n2t.net/ark:/28722/k23n24g0s","Murlo","https://opencontext.org/projects/df043419-f23b-41da-7e4d-ee52af22f92f","Europe","Italy","Poggio Civitate","Civitate B","Civitate B 13","https://opencontext.org/subjects/1a7b95de-a1fe-4e5d-d353-bcf506c1f390","43.152317255282","11.399201496398","-700","-535","Excavation Unit","https://opencontext.org/static/oc/icons-v2/oc-context-icon.svg","","2012-12-28T00:00:00Z","2025-04-05T15:48:38Z"
"1969, ID:179","http://opencontext.org/subjects/14c19d4b-72e0-4d92-586d-2f361798fbe6","https://n2t.net/ark:/28722/k2g44nr8f","Murlo","https://opencontext.org/projects/df043419-f23b-41da-7e4d-ee52af22f92f","Europe","Italy","Poggio Civitate","Civitate A","Civitate A 16","https://opencontext.org/subjects/ab6b5d8d-2554-4239-073a-ba6c5c51f1d6","43.153556055504","11.40012431958","-700","-535","Excavation Unit","https://opencontext.org/static/oc/icons-v2/oc-context-icon.svg","","2012-12-28T00:00:00Z","2025-04-05T15:48:42Z"
"1969, ID:178","http://opencontext.org/subjects/16536693-f66b-4427-6892-df17987d1916","https://n2t.net/ark:/28722/k26m3748c","Murlo","https://opencontext.org/projects/df043419-f23b-41da-7e4d-ee52af22f92f","Europe","Italy","Poggio Civitate","Civitate A","Civitate A 15","https://opencontext.org/subjects/eea49493-7c7d-4b60-a20d-3c4467acd4f9","43.153556055504","11.40012431958","-700","-535","Excavation Unit","https://opencontext.org/static/oc/icons-v2/oc-context-icon.svg","","2012-12-28T00:00:00Z","2025-04-05T15:48:42Z"
"1969, ID:189","http://opencontext.org/subjects/165bc5b4-3ea7-4b17-3110-aaeab7433743","https://n2t.net/ark:/28722/k2222w70k","Murlo","https://opencontext.org/projects/df043419-f23b-41da-7e4d-ee52af22f92f","Europe","Italy","Poggio Civitate","Civitate A","Civitate A 31","https://opencontext.org/subjects/c59cb947-3fe5-4124-2d59-827996d8f15b","43.153556055504","11.40012431958","-700","-535","Excavation Unit","https://opencontext.org/static/oc/icons-v2/oc-context-icon.svg","","2012-12-28T00:00:00Z","2025-04-05T15:48:44Z"
"1968, ID:173","http://opencontext.org/subjects/18329c0b-e32a-4c48-e531-3928a74dfb13","https://n2t.net/ark:/28722/k21v5gf6z","Murlo","https://opencontext.org/projects/df043419-f23b-41da-7e4d-ee52af22f92f","Europe","Italy","Poggio Civitate","Civitate A","Civitate A 11","https://opencontext.org/subjects/31597b1e-fd8b-4474-5508-675dee33ad8f","43.153556055504","11.40012431958","-700","-535","Excavation Unit","https://opencontext.org/static/oc/icons-v2/oc-context-icon.svg","","2012-12-28T00:00:00Z","2025-04-05T15:48:37Z"
"1969, ID:188","http://opencontext.org/subjects/1c009ee5-e3ef-4ef6-9973-10c276c01855","https://n2t.net/ark:/28722/k2x925k5z","Murlo","https://opencontext.org/projects/df043419-f23b-41da-7e4d-ee52af22f92f","Europe","Italy","Poggio Civitate","Civitate A","Civitate A 25","https://opencontext.org/subjects/33bbed44-abbb-4336-f5c9-0de8dbfc215c","43.153556055504","11.40012431958","-700","-535","Excavation Unit","https://opencontext.org/static/oc/icons-v2/oc-context-icon.svg","","2012-12-28T00:00:00Z","2025-04-05T15:48:44Z"
"1969, ID:181","http://opencontext.org/subjects/25908d39-5853-4e26-685b-b645f9d78f8e","https://n2t.net/ark:/28722/k2028tf03","Murlo","https://opencontext.org/projects/df043419-f23b-41da-7e4d-ee52af22f92f","Europe","Italy","Poggio Civitate","Civitate A","Civitate A 18","https://opencontext.org/subjects/67145df4-4b74-473e-fcbb-05d0281a5648","43.153556055504","11.40012431958","-700","-535","Excavation Unit","https://opencontext.org/static/oc/icons-v2/oc-context-icon.svg","","2012-12-28T00:00:00Z","2025-04-05T15:48:43Z"
"1969, ID:191","http://opencontext.org/subjects/2c1c863a-933d-4928-c87f-735114c9cca1","https://n2t.net/ark:/28722/k2pr7rv68","Murlo","https://opencontext.org/projects/df043419-f23b-41da-7e4d-ee52af22f92f","Europe","Italy","Poggio Civitate","Civitate A","Civitate A 27","https://opencontext.org/subjects/bbc4dc3d-54d3-47ce-34de-15b8120da93e","43.153556055504","11.40012431958","-700","-535","Excavation Unit","https://opencontext.org/static/oc/icons-v2/oc-context-icon.svg","","2012-12-28T00:00:00Z","2025-04-05T15:48:44Z"
"1969, ID:180","http://opencontext.org/subjects/320149ec-05dd-4ca1-8f58-718ef3132e4c","https://n2t.net/ark:/28722/k2qn63c7h","Murlo","https://opencontext.org/projects/df043419-f23b-41da-7e4d-ee52af22f92f","Europe","Italy","Poggio Civitate","Civitate A","Civitate A 17","https://opencontext.org/subjects/d5d4c57b-f376-41b0-1282-04a4a6f413ba","43.153556055504","11.40012431958","-700","-535","Excavation Unit","https://opencontext.org/static/oc/icons-v2/oc-context-icon.svg","","2012-12-28T00:00:00Z","2025-04-05T15:48:42Z"
"1968, ID:174","http://opencontext.org/subjects/39176436-5226-4b26-47ec-8574abb5818b","https://n2t.net/ark:/28722/k29c6x22h","Murlo","https://opencontext.org/projects/df043419-f23b-41da-7e4d-ee52af22f92f","Europe","Italy","Poggio Civitate","Civitate A","Civitate A 12","https://opencontext.org/subjects/7eb44bc0-3614-45ec-71cd-5ebc5eb01c26","43.153556055504","11.40012431958","-700","-535","Excavation Unit","https://opencontext.org/static/oc/icons-v2/oc-context-icon.svg","","2012-12-28T00:00:00Z","2025-04-05T15:48:37Z"
"1969, ID:190","http://opencontext.org/subjects/5a53513f-e71b-47f2-6eaf-3dd0dab81df8","https://n2t.net/ark:/28722/k2fb51n2w","Murlo","https://opencontext.org/projects/df043419-f23b-41da-7e4d-ee52af22f92f","Europe","Italy","Poggio Civitate","Civitate A","Civitate A 26","https://opencontext.org/subjects/cd96b026-1eee-492a-c7af-576d5c7fd040","43.153556055504","11.40012431958","-700","-535","Excavation Unit","https://opencontext.org/static/oc/icons-v2/oc-context-icon.svg","","2012-12-28T00:00:00Z","2025-04-05T15:48:44Z"
"1969, ID:227","http://opencontext.org/subjects/64b1ff2c-520b-491e-b0df-3c2ee9cca75f","https://n2t.net/ark:/28722/k2ht2mc72","Murlo","https://opencontext.org/projects/df043419-f23b-41da-7e4d-ee52af22f92f","Europe","Italy","Poggio Civitate","Civitate B","Civitate B 18","https://opencontext.org/subjects/2e510a81-3620-4779-b4d8-64e753944082","43.152317255282","11.399201496398","-700","-535","Excavation Unit","https://opencontext.org/static/oc/icons-v2/oc-context-icon.svg","","2012-12-28T00:00:00Z","2025-04-05T15:48:44Z"
"1968, ID:221","http://opencontext.org/subjects/83ea86ad-c217-408f-ec26-4bb20866974e","https://n2t.net/ark:/28722/k2v40q09s","Murlo","https://opencontext.org/projects/df043419-f23b-41da-7e4d-ee52af22f92f","Europe","Italy","Poggio Civitate","Civitate B","Civitate B 12","https://opencontext.org/subjects/8e0ecca4-4353-4a66-f7f4-b877b53162dd","43.152317255282","11.399201496398","-700","-535","Excavation Unit","https://opencontext.org/static/oc/icons-v2/oc-context-icon.svg","","2012-12-28T00:00:00Z","2025-04-05T15:48:38Z"
"1969, ID:194","http://opencontext.org/subjects/9d4b97f6-2e08-4c40-9a4c-0cab145cbb25","https://n2t.net/ark:/28722/k2qr4sr6h","Murlo","https://opencontext.org/projects/df043419-f23b-41da-7e4d-ee52af22f92f","Europe","Italy","Poggio Civitate","Civitate A","Civitate A 30","https://opencontext.org/subjects/bcc8ccb9-2ca7-494e-084a-80ffd21eea24","43.153556055504","11.40012431958","-700","-535","Excavation Unit","https://opencontext.org/static/oc/icons-v2/oc-context-icon.svg","","2012-12-28T00:00:00Z","2025-04-05T15:48:44Z"
"1968, ID:225","http://opencontext.org/subjects/b1b80e63-30bd-45f3-ffd5-8163d7008fdb","https://n2t.net/ark:/28722/k2w37qw8k","Murlo","https://opencontext.org/projects/df043419-f23b-41da-7e4d-ee52af22f92f","Europe","Italy","Poggio Civitate","Civitate B","Civitate B 16","https://opencontext.org/subjects/28c17849-8239-43da-bbaf-b05237d33202","43.152317255282","11.399201496398","-700","-535","Excavation Unit","https://opencontext.org/static/oc/icons-v2/oc-context-icon.svg","","2012-12-28T00:00:00Z","2025-04-05T15:48:39Z"
"1968, ID:223","http://opencontext.org/subjects/b27df835-1f2f-419f-bed1-c0e32db0eefa","https://n2t.net/ark:/28722/k2c53k26q","Murlo","https://opencontext.org/projects/df043419-f23b-41da-7e4d-ee52af22f92f","Europe","Italy","Poggio Civitate","Civitate B","Civitate B 14","https://opencontext.org/subjects/d4fd4228-8efe-41ec-1ca9-66da0384b9bb","43.152317255282","11.399201496398","-700","-535","Excavation Unit","https://opencontext.org/static/oc/icons-v2/oc-context-icon.svg","","2012-12-28T00:00:00Z","2025-04-05T15:48:39Z"
"1969, ID:183","http://opencontext.org/subjects/bd983b75-4565-49fa-dd95-8ebdc1ffd8df","https://n2t.net/ark:/28722/k2h41pp08","Murlo","https://opencontext.org/projects/df043419-f23b-41da-7e4d-ee52af22f92f","Europe","Italy","Poggio Civitate","Civitate A","Civitate A 20","https://opencontext.org/subjects/27c0e2d3-4776-4fb6-a0e3-106f5e94edc3","43.153556055504","11.40012431958","-700","-535","Excavation Unit","https://opencontext.org/static/oc/icons-v2/oc-context-icon.svg","","2012-12-28T00:00:00Z","2025-04-05T15:48:43Z"
"1969, ID:186","http://opencontext.org/subjects/c48ff10e-b6de-4146-2d0b-cfabf0a3e193","https://n2t.net/ark:/28722/k28k78x9c","Murlo","https://opencontext.org/projects/df043419-f23b-41da-7e4d-ee52af22f92f","Europe","Italy","Poggio Civitate","Civitate A","Civitate A 23","https://opencontext.org/subjects/079e5c51-1348-4984-f0e0-0881d1f1f623","43.153556055504","11.40012431958","-700","-535","Excavation Unit","https://opencontext.org/static/oc/icons-v2/oc-context-icon.svg","","2012-12-28T00:00:00Z","2025-04-05T15:48:43Z"
"1969, ID:228","http://opencontext.org/subjects/d74cb9de-01f6-4ccd-18fa-898e362231ae","https://n2t.net/ark:/28722/k2nk3b60b","Murlo","https://opencontext.org/projects/df043419-f23b-41da-7e4d-ee52af22f92f","Europe","Italy","Poggio Civitate","Civitate B","Civitate B 19","https://opencontext.org/subjects/500b2ee4-b385-40ea-95bc-18fe8548b8dd","43.152317255282","11.399201496398","-700","-535","Excavation Unit","https://opencontext.org/static/oc/icons-v2/oc-context-icon.svg","","2012-12-28T00:00:00Z","2025-04-05T15:48:45Z"
"1968, ID:220","http://opencontext.org/subjects/d9ec87ee-81ba-4651-0c04-3633b375cacd","https://n2t.net/ark:/28722/k2kk98d58","Murlo","https://opencontext.org/projects/df043419-f23b-41da-7e4d-ee52af22f92f","Europe","Italy","Poggio Civitate","Civitate B","Civitate B 11","https://opencontext.org/subjects/ed223949-5332-4d5b-fc75-a5d516fedf07","43.152317255282","11.399201496398","-700","-535","Excavation Unit","https://opencontext.org/static/oc/icons-v2/oc-context-icon.svg","","2012-12-28T00:00:00Z","2025-04-05T15:48:38Z"
"1968, ID:219","http://opencontext.org/subjects/eb108096-8584-4462-1863-a16441ebc350","https://n2t.net/ark:/28722/k2b56j58f","Murlo","https://opencontext.org/projects/df043419-f23b-41da-7e4d-ee52af22f92f","Europe","Italy","Poggio Civitate","Civitate B","Civitate B 10","https://opencontext.org/subjects/ed23d180-5542-4cd5-4c7d-3df4dd0ee41a","43.152317255282","11.399201496398","-700","-535","Excavation Unit","https://opencontext.org/static/oc/icons-v2/oc-context-icon.svg","","2012-12-28T00:00:00Z","2025-04-05T15:48:38Z"
"1969, ID:182","http://opencontext.org/subjects/f787e0c0-cdcf-42c0-5c0e-da32c013696f","https://n2t.net/ark:/28722/k27m08174","Murlo","https://opencontext.org/projects/df043419-f23b-41da-7e4d-ee52af22f92f","Europe","Italy","Poggio Civitate","Civitate A","Civitate A 19","https://opencontext.org/subjects/b25c3c42-5a3b-4829-7035-410276deee51","43.153556055504","11.40012431958","-700","-535","Excavation Unit","https://opencontext.org/static/oc/icons-v2/oc-context-icon.svg","","2012-12-28T00:00:00Z","2025-04-05T15:48:43Z"
"1969, ID:193","http://opencontext.org/subjects/f8c76806-a659-4c16-e63d-fea94cb2c2f6","https://n2t.net/ark:/28722/k2g73c51s","Murlo","https://opencontext.org/projects/df043419-f23b-41da-7e4d-ee52af22f92f","Europe","Italy","Poggio Civitate","Civitate A","Civitate A 29","https://opencontext.org/subjects/a3f262eb-52ae-46e1-cb1c-73bf33cdc0f2","43.153556055504","11.40012431958","-700","-535","Excavation Unit","https://opencontext.org/static/oc/icons-v2/oc-context-icon.svg","","2012-12-28T00:00:00Z","2025-04-05T15:48:44Z"
"1968, ID:171","http://opencontext.org/subjects/0e271881-cf82-40c0-e1ac-a2980fc81214","https://n2t.net/ark:/28722/k2hx19r9w","Murlo","https://opencontext.org/projects/df043419-f23b-41da-7e4d-ee52af22f92f","Europe","Italy","Poggio Civitate","Civitate A","Civitate A 9","https://opencontext.org/subjects/bbe0dbfa-fb4b-4087-8995-d856eb3d06e6","43.153556055504","11.40012431958","-700","-535","Excavation Unit","https://opencontext.org/static/oc/icons-v2/oc-context-icon.svg","","2012-12-28T00:00:00Z","2025-04-05T15:48:37Z"
"1968, ID:216","http://opencontext.org/subjects/23976789-640b-4b25-98f7-39cdefc0cd58","https://n2t.net/ark:/28722/k2jq0xw4k","Murlo","https://opencontext.org/projects/df043419-f23b-41da-7e4d-ee52af22f92f","Europe","Italy","Poggio Civitate","Civitate B","Civitate B 7","https://opencontext.org/subjects/6dcd8d2a-a135-4b55-1dcb-c305800c7f10","43.152317255282","11.399201496398","-700","-535","Excavation Unit","https://opencontext.org/static/oc/icons-v2/oc-context-icon.svg","","2012-12-28T00:00:00Z","2025-04-05T15:48:38Z"
"1968, ID:218","http://opencontext.org/subjects/2abe235a-d5a2-48c9-47e9-f080253a38e7","https://n2t.net/ark:/28722/k22n53j8z","Murlo","https://opencontext.org/projects/df043419-f23b-41da-7e4d-ee52af22f92f","Europe","Italy","Poggio Civitate","Civitate B","Civitate B 9","https://opencontext.org/subjects/50375c36-64be-4126-6af2-6d8562e26fce","43.152317255282","11.399201496398","-700","-535","Excavation Unit","https://opencontext.org/static/oc/icons-v2/oc-context-icon.svg","","2012-12-28T00:00:00Z","2025-04-05T15:48:38Z"
"1966, ID:210","http://opencontext.org/subjects/3e397448-dfcb-4fe1-9d96-2ffa9e4e13cf","https://n2t.net/ark:/28722/k20p11r9h","Murlo","https://opencontext.org/projects/df043419-f23b-41da-7e4d-ee52af22f92f","Europe","Italy","Poggio Civitate","Civitate B","Civitate B 1","https://opencontext.org/subjects/dd795f88-768b-4b22-a23b-a725ddee152e","43.152317255282","11.399201496398","-700","-535","Excavation Unit","https://opencontext.org/static/oc/icons-v2/oc-context-icon.svg","","2012-12-28T00:00:00Z","2025-04-05T15:48:24Z"
"1966, ID:211","http://opencontext.org/subjects/42e58d4c-c00b-4053-e292-7a204cc224e0","https://n2t.net/ark:/28722/k2862gc6j","Murlo","https://opencontext.org/projects/df043419-f23b-41da-7e4d-ee52af22f92f","Europe","Italy","Poggio Civitate","Civitate B","Civitate B 2","https://opencontext.org/subjects/3024ff89-9efd-4f5c-f79e-71d64b723745","43.152317255282","11.399201496398","-700","-535","Excavation Unit","https://opencontext.org/static/oc/icons-v2/oc-context-icon.svg","","2012-12-28T00:00:00Z","2025-04-05T15:48:24Z"
"1966, ID:212","http://opencontext.org/subjects/451f3511-e9cd-4f92-9b46-6bbc6a6aa0f6","https://n2t.net/ark:/28722/k2hq3x076","Murlo","https://opencontext.org/projects/df043419-f23b-41da-7e4d-ee52af22f92f","Europe","Italy","Poggio Civitate","Civitate B","Civitate B 3","https://opencontext.org/subjects/0343ee5c-1ce6-4136-887b-698c8442da08","43.152317255282","11.399201496398","-700","-535","Excavation Unit","https://opencontext.org/static/oc/icons-v2/oc-context-icon.svg","","2012-12-28T00:00:00Z","2025-04-05T15:48:24Z"
"1968, ID:170","http://opencontext.org/subjects/51815902-960f-4775-9287-90d8bd50bf08","https://n2t.net/ark:/28722/k28c9w528","Murlo","https://opencontext.org/projects/df043419-f23b-41da-7e4d-ee52af22f92f","Europe","Italy","Poggio Civitate","Civitate A","Civitate A 8","https://opencontext.org/subjects/646b9229-3513-4992-badb-38a31976fa8e","43.153556055504","11.40012431958","-700","-535","Excavation Unit","https://opencontext.org/static/oc/icons-v2/oc-context-icon.svg","","2012-12-28T00:00:00Z","2025-04-05T15:48:37Z"
"1966, ID:214","http://opencontext.org/subjects/59bb6136-9ff0-431c-41f7-eede1fb456f3","https://n2t.net/ark:/28722/k21n82n77","Murlo","https://opencontext.org/projects/df043419-f23b-41da-7e4d-ee52af22f92f","Europe","Italy","Poggio Civitate","Civitate B","Civitate B 5","https://opencontext.org/subjects/21a3563c-6aec-4710-616c-4c9bb5f98251","43.152317255282","11.399201496398","-700","-535","Excavation Unit","https://opencontext.org/static/oc/icons-v2/oc-context-icon.svg","","2012-12-28T00:00:00Z","2025-04-05T15:48:25Z"
"1968, ID:217","http://opencontext.org/subjects/63dff9a7-f734-4d8c-4007-60dc45b33755","https://n2t.net/ark:/28722/k2t43p40n","Murlo","https://opencontext.org/projects/df043419-f23b-41da-7e4d-ee52af22f92f","Europe","Italy","Poggio Civitate","Civitate B","Civitate B 8","https://opencontext.org/subjects/c6c8887b-5ec4-4d05-8bf2-36884dfbbea2","43.152317255282","11.399201496398","-700","-535","Excavation Unit","https://opencontext.org/static/oc/icons-v2/oc-context-icon.svg","","2012-12-28T00:00:00Z","2025-04-05T15:48:38Z"
"1968, ID:167","http://opencontext.org/subjects/6907d879-771f-490a-6a30-baff9fd01b48","https://n2t.net/ark:/28722/k2gx48v9n","Murlo","https://opencontext.org/projects/df043419-f23b-41da-7e4d-ee52af22f92f","Europe","Italy","Poggio Civitate","Civitate A","Civitate A 5","https://opencontext.org/subjects/0cfe2ab9-1996-4f87-105e-d6750e178527","43.153556055504","11.40012431958","-700","-535","Excavation Unit","https://opencontext.org/static/oc/icons-v2/oc-context-icon.svg","","2012-12-28T00:00:00Z","2025-04-05T15:48:36Z"
"1969, ID:238","http://opencontext.org/subjects/8b6e73d8-6612-4fef-acf2-ac4b575cd498","https://n2t.net/ark:/28722/k2513zx0b","Murlo","https://opencontext.org/projects/df043419-f23b-41da-7e4d-ee52af22f92f","Europe","Italy","Poggio Civitate","Civitate C","Civitate C 1","https://opencontext.org/subjects/6f16436b-8df2-42cb-ebe9-7c8d01149c6d","43.151725587034","11.402415508694","-700","-535","Excavation Unit","https://opencontext.org/static/oc/icons-v2/oc-context-icon.svg","","2012-12-28T00:00:00Z","2025-04-05T15:48:45Z"
"1969, ID:241","http://opencontext.org/subjects/9042e3b9-e91c-4c6a-c3c4-73606da10037","https://n2t.net/ark:/28722/k2xg9kc25","Murlo","https://opencontext.org/projects/df043419-f23b-41da-7e4d-ee52af22f92f","Europe","Italy","Poggio Civitate","Civitate C","Civitate C 4","https://opencontext.org/subjects/8f29f36c-2716-42a2-4ebc-a5380af9aac6","43.151725587034","11.402415508694","-700","-535","Excavation Unit","https://opencontext.org/static/oc/icons-v2/oc-context-icon.svg","","2012-12-28T00:00:00Z","2025-04-05T15:48:45Z"
"1968, ID:165","http://opencontext.org/subjects/a66cf7d3-5720-45f5-ca09-ba55bf6d5ffc","https://n2t.net/ark:/28722/k20004205","Murlo","https://opencontext.org/projects/df043419-f23b-41da-7e4d-ee52af22f92f","Europe","Italy","Poggio Civitate","Civitate A","Civitate A 3","https://opencontext.org/subjects/9e89040f-9ec3-4606-2f27-168ace569658","43.153556055504","11.40012431958","-700","-535","Excavation Unit","https://opencontext.org/static/oc/icons-v2/oc-context-icon.svg","","2012-12-28T00:00:00Z","2025-04-05T15:48:36Z"
"1968, ID:168","http://opencontext.org/subjects/af8b999b-60d4-428f-5c2b-b63f5c727272","https://n2t.net/ark:/28722/k2rf5qg94","Murlo","https://opencontext.org/projects/df043419-f23b-41da-7e4d-ee52af22f92f","Europe","Italy","Poggio Civitate","Civitate A","Civitate A 6","https://opencontext.org/subjects/71a882a6-0542-4b1f-fdd5-6ed52194442b","43.153556055504","11.40012431958","-700","-535","Excavation Unit","https://opencontext.org/static/oc/icons-v2/oc-context-icon.svg","","2012-12-28T00:00:00Z","2025-04-05T15:48:36Z"
"1968, ID:215","http://opencontext.org/subjects/b1acc8ac-b2b0-43f3-feb7-035cde6bbffa","https://n2t.net/ark:/28722/k2959h867","Murlo","https://opencontext.org/projects/df043419-f23b-41da-7e4d-ee52af22f92f","Europe","Italy","Poggio Civitate","Civitate B","Civitate B 6","https://opencontext.org/subjects/36e62ed8-e6a5-49e9-d046-5d57d6784bda","43.152317255282","11.399201496398","-700","-535","Excavation Unit","https://opencontext.org/static/oc/icons-v2/oc-context-icon.svg","","2012-12-28T00:00:00Z","2025-04-05T15:48:38Z"
"1966, ID:213","http://opencontext.org/subjects/b4df8cd4-ba19-44b9-55ea-0acd0b2df3a6","https://n2t.net/ark:/28722/k2s46n72c","Murlo","https://opencontext.org/projects/df043419-f23b-41da-7e4d-ee52af22f92f","Europe","Italy","Poggio Civitate","Civitate B","Civitate B 4","https://opencontext.org/subjects/77fd1b87-d4e3-4143-c654-d63944787acc","43.152317255282","11.399201496398","-700","-535","Excavation Unit","https://opencontext.org/static/oc/icons-v2/oc-context-icon.svg","","2012-12-28T00:00:00Z","2025-04-05T15:48:25Z"
"1968, ID:169","http://opencontext.org/subjects/d0deec6d-d424-4243-1fef-775defc15da0","https://n2t.net/ark:/28722/k20z74z04","Murlo","https://opencontext.org/projects/df043419-f23b-41da-7e4d-ee52af22f92f","Europe","Italy","Poggio Civitate","Civitate A","Civitate A 7","https://opencontext.org/subjects/840137cf-4723-470f-7d32-8fdda9c3f0ca","43.153556055504","11.40012431958","-700","-535","Excavation Unit","https://opencontext.org/static/oc/icons-v2/oc-context-icon.svg","","2012-12-28T00:00:00Z","2025-04-05T15:48:36Z"
"1989, ID:248","http://opencontext.org/subjects/dbbb47ff-c6bd-45cd-9709-f442c588b862","https://n2t.net/ark:/28722/k28w3d37w","Murlo","https://opencontext.org/projects/df043419-f23b-41da-7e4d-ee52af22f92f","Europe","Italy","Poggio Civitate","Civitate D","Civitate D 5","https://opencontext.org/subjects/c7396635-d4f0-4b60-bebf-4b968211f1b9","43.15301254364422","11.402214834925351","-700","-535","Excavation Unit","https://opencontext.org/static/oc/icons-v2/oc-context-icon.svg","","2012-12-28T00:00:00Z","2025-04-05T15:49:11Z"
"1979, ID:246","http://opencontext.org/subjects/e90a3f79-3229-4742-e733-a443e69977ac","https://n2t.net/ark:/28722/k2rx97f2v","Murlo","https://opencontext.org/projects/df043419-f23b-41da-7e4d-ee52af22f92f","Europe","Italy","Poggio Civitate","Civitate D","Civitate D 3","https://opencontext.org/subjects/4a72afb6-904c-41dd-e27b-c493b7cdc496","43.15301254364422","11.402214834925351","-700","-535","Excavation Unit","https://opencontext.org/static/oc/icons-v2/oc-context-icon.svg","","2012-12-28T00:00:00Z","2025-04-05T15:49:03Z"
"1969, ID:239","http://opencontext.org/subjects/eb0572da-3854-4e08-e0cc-7f2541591343","https://n2t.net/ark:/28722/k2dj5dh89","Murlo","https://opencontext.org/projects/df043419-f23b-41da-7e4d-ee52af22f92f","Europe","Italy","Poggio Civitate","Civitate C","Civitate C 2","https://opencontext.org/subjects/7846381e-1f41-4491-c3e8-ee8d23d604cc","43.151725587034","11.402415508694","-700","-535","Excavation Unit","https://opencontext.org/static/oc/icons-v2/oc-context-icon.svg","","2012-12-28T00:00:00Z","2025-04-05T15:48:45Z"
"1969, ID:242","http://opencontext.org/subjects/f92bb3eb-b97a-402a-2244-d633e6331910","https://n2t.net/ark:/28722/k26110s9v","Murlo","https://opencontext.org/projects/df043419-f23b-41da-7e4d-ee52af22f92f","Europe","Italy","Poggio Civitate","Civitate C","Civitate C 5","https://opencontext.org/subjects/864bd0fd-d7a7-457c-b4e7-22f2a6ab7767","43.151725587034","11.402415508694","-700","-535","Excavation Unit","https://opencontext.org/static/oc/icons-v2/oc-context-icon.svg","","2012-12-28T00:00:00Z","2025-04-05T15:48:45Z"
"1970, ID:62","http://opencontext.org/subjects/62a48b68-9877-4a9f-2d9e-82d77e134fe3","https://n2t.net/ark:/28722/k25t3m17v","Murlo","https://opencontext.org/projects/df043419-f23b-41da-7e4d-ee52af22f92f","Europe","Italy","Poggio Civitate","Tesoro","Tesoro 12","https://opencontext.org/subjects/af1384aa-fdf8-4dba-5b0c-86efdd6910b1","43.152609876758","11.402819672617","-700","-535","Excavation Unit","https://opencontext.org/static/oc/icons-v2/oc-context-icon.svg","","2012-12-28T00:00:00Z","2025-04-05T15:48:48Z"
"1978, ID:98","http://opencontext.org/subjects/e1d6906a-9bc1-4276-cfc5-384ac5443d58","https://n2t.net/ark:/28722/k2r20wx6w","Murlo","https://opencontext.org/projects/df043419-f23b-41da-7e4d-ee52af22f92f","Europe","Italy","Poggio Civitate","Tesoro","Tesoro 24","https://opencontext.org/subjects/3830b510-e7b4-456c-78cf-2d071bf4eb87","43.152609876758","11.402819672617","-700","-535","Excavation Unit","https://opencontext.org/static/oc/icons-v2/oc-context-icon.svg","","2012-12-28T00:00:00Z","2025-04-05T15:49:01Z"
"1966, ID:42","http://opencontext.org/subjects/cbcc7c51-8e37-418f-85dd-20cfa4724092","https://n2t.net/ark:/28722/k24q7vr3d","Murlo","https://opencontext.org/projects/df043419-f23b-41da-7e4d-ee52af22f92f","Europe","Italy","Poggio Civitate","Tesoro","Tesoro 3","https://opencontext.org/subjects/9a953854-912b-4986-bb6f-15674b49bb53","43.152609876758","11.402819672617","-700","-535","Excavation Unit","https://opencontext.org/static/oc/icons-v2/oc-context-icon.svg","","2012-12-28T00:00:00Z","2025-04-05T15:48:24Z"
"1966, ID:476","http://opencontext.org/subjects/e3204b38-f161-4a4f-3cdb-5fe3c91e5203","https://n2t.net/ark:/28722/k2ns0r02h","Murlo","https://opencontext.org/projects/df043419-f23b-41da-7e4d-ee52af22f92f","Europe","Italy","Poggio Civitate","Tesoro","Tesoro 2F","https://opencontext.org/subjects/4ca760d4-9f60-4fef-563b-c6e423e7a193","43.152609876758","11.402819672617","-700","-535","Excavation Unit","https://opencontext.org/static/oc/icons-v2/oc-context-icon.svg","","2012-12-28T00:00:00Z","2025-04-05T15:48:27Z"
"1968, ID:438","http://opencontext.org/subjects/7ed5f43a-26d2-4cee-6a90-f302c77b9588","https://n2t.net/ark:/28722/k2k935748","Murlo","https://opencontext.org/projects/df043419-f23b-41da-7e4d-ee52af22f92f","Europe","Italy","Poggio Civitate","Civitate C","Civitate C 1B","https://opencontext.org/subjects/a135bd9a-522a-4285-0ba3-d857f96902b3","43.151725587034","11.402415508694","-700","-535","Excavation Unit","https://opencontext.org/static/oc/icons-v2/oc-context-icon.svg","","2012-12-28T00:00:00Z","2025-04-05T15:48:40Z"
"2003, ID:502","http://opencontext.org/subjects/78ab13da-1a51-4c78-a831-927b0d524029","https://n2t.net/ark:/28722/k2v983s9d","Murlo","https://opencontext.org/projects/df043419-f23b-41da-7e4d-ee52af22f92f","Europe","Italy","Poggio Civitate","Tesoro","Tesoro 28 South","https://opencontext.org/subjects/8c1ba1f2-b6e4-40e4-f75c-a6fb62e80d76","43.151820646014","11.403124891008","-700","-535","Excavation Unit","https://opencontext.org/static/oc/icons-v2/oc-context-icon.svg","","2012-12-28T00:00:00Z","2025-04-05T15:49:29Z"
"1967, ID:489","http://opencontext.org/subjects/443838c4-2409-445a-2710-18ff2708b1ab","https://n2t.net/ark:/28722/k2w091h64","Murlo","https://opencontext.org/projects/df043419-f23b-41da-7e4d-ee52af22f92f","Europe","Italy","Poggio Civitate","Civitate A","Civitate A 2","https://opencontext.org/subjects/1c62135e-c1d0-4eef-e640-30862635d42f","43.153422927856","11.401146316528","-700","-535","Excavation Unit","https://opencontext.org/static/oc/icons-v2/oc-context-icon.svg","","2012-12-28T00:00:00Z","2025-04-05T15:48:33Z"
"1966, ID:477","http://opencontext.org/subjects/b79d9e04-2389-437d-7047-943009511a8d","https://n2t.net/ark:/28722/k2sj1fs3s","Murlo","https://opencontext.org/projects/df043419-f23b-41da-7e4d-ee52af22f92f","Europe","Italy","Poggio Civitate","Tesoro","Tesoro 2G","https://opencontext.org/subjects/aa291625-2b64-49c8-cd04-76f5938ebe04","43.152609876758","11.402819672617","-700","-535","Excavation Unit","https://opencontext.org/static/oc/icons-v2/oc-context-icon.svg","","2012-12-28T00:00:00Z","2025-04-05T15:48:27Z"
"1966, ID:474","http://opencontext.org/subjects/cc61afc6-46fc-49ae-7a25-b7b2fde87aa4","https://n2t.net/ark:/28722/k20z74z1m","Murlo","https://opencontext.org/projects/df043419-f23b-41da-7e4d-ee52af22f92f","Europe","Italy","Poggio Civitate","Tesoro","Tesoro 2D","https://opencontext.org/subjects/5dd9bfab-ab6b-4539-90e3-d60307339148","43.152609876758","11.402819672617","-700","-535","Excavation Unit","https://opencontext.org/static/oc/icons-v2/oc-context-icon.svg","","2012-12-28T00:00:00Z","2025-04-05T15:48:27Z"
"1966, ID:478","http://opencontext.org/subjects/8c0ddcc8-1468-4316-fc43-18c2836eca5d","https://n2t.net/ark:/28722/k21z45t8s","Murlo","https://opencontext.org/projects/df043419-f23b-41da-7e4d-ee52af22f92f","Europe","Italy","Poggio Civitate","Tesoro","Tesoro 2H","https://opencontext.org/subjects/545814d8-8680-48db-454e-5010d786f92b","43.152609876758","11.402819672617","-700","-535","Excavation Unit","https://opencontext.org/static/oc/icons-v2/oc-context-icon.svg","","2012-12-28T00:00:00Z","2025-04-05T15:48:27Z"
"1966, ID:475","http://opencontext.org/subjects/eb873902-6945-42d4-ce2b-c0dd0203cd71","https://n2t.net/ark:/28722/k24q7vr2x","Murlo","https://opencontext.org/projects/df043419-f23b-41da-7e4d-ee52af22f92f","Europe","Italy","Poggio Civitate","Tesoro","Tesoro 2E","https://opencontext.org/subjects/ca17c154-b556-43d9-4123-456ce5c9c42e","43.152609876758","11.402819672617","-700","-535","Excavation Unit","https://opencontext.org/static/oc/icons-v2/oc-context-icon.svg","","2012-12-28T00:00:00Z","2025-04-05T15:48:27Z"
"1978, ID:282","http://opencontext.org/subjects/77c6db2d-1731-4adf-d2e6-0957f7c5f340","https://n2t.net/ark:/28722/k2cc0zv32","Murlo","https://opencontext.org/projects/df043419-f23b-41da-7e4d-ee52af22f92f","Europe","Italy","Poggio Civitate","Tesoro Rectangle","Tesoro Rectangle 6-11 West Wall","https://opencontext.org/subjects/e3b4dcf0-c391-4dec-1000-dbcf1dc61047","43.153402960082","11.402370545803","-700","-535","Excavation Unit","https://opencontext.org/static/oc/icons-v2/oc-context-icon.svg","","2012-12-28T00:00:00Z","2025-04-05T15:49:01Z"
"1966, ID:480","http://opencontext.org/subjects/678edfa1-5c35-45f1-580a-43ec07d2b7b9","https://n2t.net/ark:/28722/k2k072265","Murlo","https://opencontext.org/projects/df043419-f23b-41da-7e4d-ee52af22f92f","Europe","Italy","Poggio Civitate","Tesoro","Tesoro 2K","https://opencontext.org/subjects/1cad66a5-3201-493d-31be-9607a02a0822","43.152609876758","11.402819672617","-700","-535","Excavation Unit","https://opencontext.org/static/oc/icons-v2/oc-context-icon.svg","","2012-12-28T00:00:00Z","2025-04-05T15:48:27Z"
"1966, ID:472","http://opencontext.org/subjects/ca7f39c5-c2ac-409b-d574-ac57c4f678f9","https://n2t.net/ark:/28722/k2h130848","Murlo","https://opencontext.org/projects/df043419-f23b-41da-7e4d-ee52af22f92f","Europe","Italy","Poggio Civitate","Tesoro","Tesoro 2B","https://opencontext.org/subjects/90552f2e-c0fc-41f1-9c1c-158a0ced519b","43.152609876758","11.402819672617","-700","-535","Excavation Unit","https://opencontext.org/static/oc/icons-v2/oc-context-icon.svg","","2012-12-28T00:00:00Z","2025-04-05T15:48:26Z"
"1967, ID:522","http://opencontext.org/subjects/d3bb2fc9-67f3-4ea4-a5e8-f7e49e2ff1d8","https://n2t.net/ark:/28722/k2gb22j1n","Murlo","https://opencontext.org/projects/df043419-f23b-41da-7e4d-ee52af22f92f","Europe","Italy","Poggio Civitate","Tesoro","Tesoro 1NRT","https://opencontext.org/subjects/f782a166-4066-46ee-a0aa-0495dd3e4cf8","43.152609876758","11.402819672617","-700","-535","Excavation Unit","https://opencontext.org/static/oc/icons-v2/oc-context-icon.svg","","2012-12-28T00:00:00Z","2025-04-05T15:48:33Z"
"1981, ID:96","http://opencontext.org/subjects/d8300842-4aae-434e-81e4-058904f0b757","https://n2t.net/ark:/28722/k2zk59n5q","Murlo","https://opencontext.org/projects/df043419-f23b-41da-7e4d-ee52af22f92f","Europe","Italy","Poggio Civitate","Tesoro","Tesoro 23","https://opencontext.org/subjects/7d95d727-e50a-412a-0129-5d4f57812599","43.152476391635","11.403349053519","-700","-535","Excavation Unit","https://opencontext.org/static/oc/icons-v2/oc-context-icon.svg","","2012-12-28T00:00:00Z","2025-04-05T15:49:05Z"
"1966, ID:473","http://opencontext.org/subjects/fc271f80-9661-4520-78d9-332044112ff3","https://n2t.net/ark:/28722/k2rj4dw5h","Murlo","https://opencontext.org/projects/df043419-f23b-41da-7e4d-ee52af22f92f","Europe","Italy","Poggio Civitate","Tesoro","Tesoro 2C","https://opencontext.org/subjects/e13eabf8-4c1b-4145-5ffe-cf26393dc4c3","43.152609876758","11.402819672617","-700","-535","Excavation Unit","https://opencontext.org/static/oc/icons-v2/oc-context-icon.svg","","2012-12-28T00:00:00Z","2025-04-05T15:48:26Z"
"1987, ID:389","http://opencontext.org/subjects/0f870c3e-8c6b-4b66-07b8-83dbd6a10ffd","https://n2t.net/ark:/28722/k2js9n87r","Murlo","https://opencontext.org/projects/df043419-f23b-41da-7e4d-ee52af22f92f","Europe","Italy","Poggio Civitate","Tesoro","Tesoro 22, 26","https://opencontext.org/subjects/0ef4793d-a663-4958-aa11-b06d32f94e2a","43.152609876758","11.402819672617","-700","-535","Excavation Unit","https://opencontext.org/static/oc/icons-v2/oc-context-icon.svg","","2012-12-28T00:00:00Z","2025-04-05T15:49:08Z"
"1993, ID:88","http://opencontext.org/subjects/968041c4-0106-420b-4659-28251c4fcfe5","https://n2t.net/ark:/28722/k2jd4tq7z","Murlo","https://opencontext.org/projects/df043419-f23b-41da-7e4d-ee52af22f92f","Europe","Italy","Poggio Civitate","Tesoro","Tesoro 22 West Extension","https://opencontext.org/subjects/7657e3b1-bd3b-4ca1-dde9-283320549b59","43.152544631958","11.402595291138","-700","-535","Excavation Unit","https://opencontext.org/static/oc/icons-v2/oc-context-icon.svg","","2012-12-28T00:00:00Z","2025-04-05T15:49:15Z"
"1966, ID:479","http://opencontext.org/subjects/a433bac6-ba42-473c-de8a-db9c4e628dc5","https://n2t.net/ark:/28722/k29g5mf69","Murlo","https://opencontext.org/projects/df043419-f23b-41da-7e4d-ee52af22f92f","Europe","Italy","Poggio Civitate","Tesoro","Tesoro 2J","https://opencontext.org/subjects/f8f5dfee-d5ca-4985-a86a-f754a206fd9c","43.152609876758","11.402819672617","-700","-535","Excavation Unit","https://opencontext.org/static/oc/icons-v2/oc-context-icon.svg","","2012-12-28T00:00:00Z","2025-04-05T15:48:27Z"
"1966, ID:481","http://opencontext.org/subjects/b3b1a4ab-a1ef-4a6b-becd-7c7877f72546","https://n2t.net/ark:/28722/k2pr7rv7r","Murlo","https://opencontext.org/projects/df043419-f23b-41da-7e4d-ee52af22f92f","Europe","Italy","Poggio Civitate","Tesoro","Tesoro 2L","https://opencontext.org/subjects/ead8f0c1-1749-42d7-6e52-6fabe21d9d6b","43.152609876758","11.402819672617","-700","-535","Excavation Unit","https://opencontext.org/static/oc/icons-v2/oc-context-icon.svg","","2012-12-28T00:00:00Z","2025-04-05T15:48:27Z"
"2001, ID:448","http://opencontext.org/subjects/943d9a4e-bcd1-48cc-04a4-de14ef85ad08","https://n2t.net/ark:/28722/k2sf2rd0g","Murlo","https://opencontext.org/projects/df043419-f23b-41da-7e4d-ee52af22f92f","Europe","Italy","Poggio Civitate","Civitate B","Civitate B","https://opencontext.org/subjects/d26da2ef-4185-49bd-1782-6ea0382dfe14","43.152317255282","11.399201496398","-700","-535","Excavation Unit","https://opencontext.org/static/oc/icons-v2/oc-context-icon.svg","","2012-12-28T00:00:00Z","2025-04-05T15:49:25Z"
"1981, ID:95","http://opencontext.org/subjects/d9131b46-1047-44f6-af86-9bdda90c4ad9","https://n2t.net/ark:/28722/k2tt4kv1k","Murlo","https://opencontext.org/projects/df043419-f23b-41da-7e4d-ee52af22f92f","Europe","Italy","Poggio Civitate","Tesoro","Tesoro 23","https://opencontext.org/subjects/7d95d727-e50a-412a-0129-5d4f57812599","43.152476391635","11.403349053519","-700","-535","Excavation Unit","https://opencontext.org/static/oc/icons-v2/oc-context-icon.svg","","2012-12-28T00:00:00Z","2025-04-05T15:49:05Z"
"1966, ID:471","http://opencontext.org/subjects/43dc772a-c152-4c32-9edf-fc43331ac47b","https://n2t.net/ark:/28722/k27h1jn6c","Murlo","https://opencontext.org/projects/df043419-f23b-41da-7e4d-ee52af22f92f","Europe","Italy","Poggio Civitate","Tesoro","Tesoro 2A","https://opencontext.org/subjects/bc6c6722-6495-49ce-b8b3-7a1f362c690a","43.152609876758","11.402819672617","-700","-535","Excavation Unit","https://opencontext.org/static/oc/icons-v2/oc-context-icon.svg","","2012-12-28T00:00:00Z","2025-04-05T15:48:26Z"
"1988, ID:426","http://opencontext.org/subjects/f5ec7cbb-9fdc-4a2f-209e-d1966e62b6c9","https://n2t.net/ark:/28722/k2bz65917","Murlo","https://opencontext.org/projects/df043419-f23b-41da-7e4d-ee52af22f92f","Europe","Italy","Poggio Civitate","Tesoro","Tesoro 26","https://opencontext.org/subjects/85992e07-7da1-4af7-f0b8-2209cbe4f57f","43.15265000000001","11.401850000000001","-700","-535","Excavation Unit","https://opencontext.org/static/oc/icons-v2/oc-context-icon.svg","","2012-12-28T00:00:00Z","2025-07-02T11:27:09Z"
"2003, ID:504","http://opencontext.org/subjects/08e3a47c-1dfe-493f-8453-dcff1618decf","https://n2t.net/ark:/28722/k2tx3973t","Murlo","https://opencontext.org/projects/df043419-f23b-41da-7e4d-ee52af22f92f","Europe","Italy","Poggio Civitate","Civitate D","Civitate D 10","https://opencontext.org/subjects/2a7faf68-fce2-4d5d-d201-555c2c91d9b6","43.15301254364422","11.402214834925351","-700","-535","Excavation Unit","https://opencontext.org/static/oc/icons-v2/oc-context-icon.svg","","2012-12-28T00:00:00Z","2025-04-05T15:49:30Z"
"2014, ID:674","http://opencontext.org/subjects/284a39ef-3e9f-4dac-8dc9-87b94095f382","https://n2t.net/ark:/28722/k2v12bg8r","Murlo","https://opencontext.org/projects/df043419-f23b-41da-7e4d-ee52af22f92f","Europe","Italy","Poggio Civitate","Tesoro","Tesoro 57","https://opencontext.org/subjects/fc63c254-172e-4de5-9f67-90ea071b2549","43.152955671168485","11.400715579054573","-700","-535","Excavation Unit","https://opencontext.org/static/oc/icons-v2/oc-context-icon.svg","","2017-10-04T02:36:43Z","2025-04-05T15:49:51Z"
"2014, ID:675","http://opencontext.org/subjects/d0ec09bd-399d-46f0-8ec9-8f5936044f1c","https://n2t.net/ark:/28722/k2zs32907","Murlo","https://opencontext.org/projects/df043419-f23b-41da-7e4d-ee52af22f92f","Europe","Italy","Poggio Civitate","Tesoro","Tesoro 58","https://opencontext.org/subjects/fe1fdabd-09b1-4fc1-8f02-b54df5ec3ac4","43.152919985498194","11.40071268123162","-700","-535","Excavation Unit","https://opencontext.org/static/oc/icons-v2/oc-context-icon.svg","","2017-10-04T02:36:43Z","2025-04-05T15:49:51Z"
"2005, ID:559","http://opencontext.org/subjects/d436b49e-f62c-4791-0626-e4d75a828bee","https://n2t.net/ark:/28722/k22f7ps5c","Murlo","https://opencontext.org/projects/df043419-f23b-41da-7e4d-ee52af22f92f","Europe","Italy","Poggio Civitate","Tesoro","Tesoro 44B","https://opencontext.org/subjects/e0ca0da2-28ab-423c-4cfd-62d197aaf213","43.152609876758","11.402819672617","-700","-535","Excavation Unit","https://opencontext.org/static/oc/icons-v2/oc-context-icon.svg","","2012-12-28T00:00:00Z","2025-04-05T15:49:36Z"
"2003, ID:499","http://opencontext.org/subjects/6e667138-a268-45ae-695c-7f0647fb767f","https://n2t.net/ark:/28722/k2q23w17j","Murlo","https://opencontext.org/projects/df043419-f23b-41da-7e4d-ee52af22f92f","Europe","Italy","Poggio Civitate","Civitate A","Civitate A 51","https://opencontext.org/subjects/f2ada41d-4efa-45d4-a063-4f84fac29e7f","43.153556055504","11.40012431958","-700","-535","Excavation Unit","https://opencontext.org/static/oc/icons-v2/oc-context-icon.svg","","2012-12-28T00:00:00Z","2025-04-05T15:49:29Z"
"1970, ID:530","http://opencontext.org/subjects/d2bbecb6-f3e3-40df-746b-c79477a24a85","https://n2t.net/ark:/28722/k23n24f9p","Murlo","https://opencontext.org/projects/df043419-f23b-41da-7e4d-ee52af22f92f","Europe","Italy","Poggio Civitate","Agger","Agger 2B","https://opencontext.org/subjects/045d28f9-5723-4094-2037-1565e2a1c864","43.153786087036","11.40220451355","-700","-535","Excavation Unit","https://opencontext.org/static/oc/icons-v2/oc-context-icon.svg","","2012-12-28T00:00:00Z","2025-04-05T15:48:51Z"
"Tr-ID 450","http://opencontext.org/subjects/c5e19fdf-6a88-476d-4eb1-26046f73809e","https://n2t.net/ark:/28722/k2dn43x0r","Murlo","https://opencontext.org/projects/df043419-f23b-41da-7e4d-ee52af22f92f","Europe","Italy","Poggio Civitate","Unrecorded","Unrecorded","https://opencontext.org/subjects/76e0e115-b033-43d9-a7ed-ab65ea36963e","43.153362073422","11.40202402957","-700","-535","Excavation Unit","https://opencontext.org/static/oc/icons-v2/oc-context-icon.svg","","2012-12-28T00:00:00Z","2025-04-05T15:50:02Z"
"1970, ID:531","http://opencontext.org/subjects/14d9946a-c047-496a-608f-62873bc429fb","https://n2t.net/ark:/28722/k2w66f93w","Murlo","https://opencontext.org/projects/df043419-f23b-41da-7e4d-ee52af22f92f","Europe","Italy","Poggio Civitate","Agger","Agger 2D","https://opencontext.org/subjects/43826afc-e21a-429c-d3d9-cc24ef6cd615","43.15361366272","11.402169418335","-700","-535","Excavation Unit","https://opencontext.org/static/oc/icons-v2/oc-context-icon.svg","","2012-12-28T00:00:00Z","2025-04-05T15:48:51Z"
"2004, ID:518","http://opencontext.org/subjects/a45a0686-8f99-4165-2ab7-225827cbee6d","https://n2t.net/ark:/28722/k2pv6g790","Murlo","https://opencontext.org/projects/df043419-f23b-41da-7e4d-ee52af22f92f","Europe","Italy","Poggio Civitate","Tesoro","Tesoro 37","https://opencontext.org/subjects/9438eb45-f29a-4bfb-4b8a-0f4d5833ff10","43.15242407057","11.40227233039","-700","-535","Excavation Unit","https://opencontext.org/static/oc/icons-v2/oc-context-icon.svg","","2012-12-28T00:00:00Z","2025-04-05T15:49:31Z"
"1968, ID:237","http://opencontext.org/subjects/c18bd183-ff8f-40a7-0d51-b4d06bee723c","https://n2t.net/ark:/28722/k2wh2jg2g","Murlo","https://opencontext.org/projects/df043419-f23b-41da-7e4d-ee52af22f92f","Europe","Italy","Poggio Civitate","Civitate C","Civitate C 1A","https://opencontext.org/subjects/6ba8f867-ec67-4a9c-a112-ad604be2f8b1","43.151725587034","11.402415508694","-700","-535","Excavation Unit","https://opencontext.org/static/oc/icons-v2/oc-context-icon.svg","","2012-12-28T00:00:00Z","2025-04-05T15:48:39Z"
"2003, ID:494","http://opencontext.org/subjects/a2e0fa40-f66c-424a-fafb-7d57ed5891d5","https://n2t.net/ark:/28722/k2zk59n47","Murlo","https://opencontext.org/projects/df043419-f23b-41da-7e4d-ee52af22f92f","Europe","Italy","Poggio Civitate","Civitate A","Civitate A 52","https://opencontext.org/subjects/7b0a7228-4f29-4788-bd9f-58badde30f94","43.153556055504","11.40012431958","-700","-535","Excavation Unit","https://opencontext.org/static/oc/icons-v2/oc-context-icon.svg","","2012-12-28T00:00:00Z","2025-04-05T15:49:28Z"
"2005, ID:560","http://opencontext.org/subjects/eff9486b-3dec-42f9-3b9c-dc20a7003601","https://n2t.net/ark:/28722/k2668dk81","Murlo","https://opencontext.org/projects/df043419-f23b-41da-7e4d-ee52af22f92f","Europe","Italy","Poggio Civitate","Tesoro","Tesoro 20H","https://opencontext.org/subjects/9a6cc670-f02b-4c29-c87e-6f4a2fef6c45","43.152609876758","11.402819672617","-700","-535","Excavation Unit","https://opencontext.org/static/oc/icons-v2/oc-context-icon.svg","","2012-12-28T00:00:00Z","2025-04-05T15:49:36Z"
"1970, ID:533","http://opencontext.org/subjects/98715068-ee8d-4269-e914-284a9bd99fe8","https://n2t.net/ark:/28722/k2d50kz4k","Murlo","https://opencontext.org/projects/df043419-f23b-41da-7e4d-ee52af22f92f","Europe","Italy","Poggio Civitate","Agger","Agger 9C","https://opencontext.org/subjects/3b1bd401-f3f4-4e24-43dd-97c3faff25f0","43.153160476685","11.402041244507","-700","-535","Excavation Unit","https://opencontext.org/static/oc/icons-v2/oc-context-icon.svg","","2012-12-28T00:00:00Z","2025-04-05T15:48:51Z"
"2002, ID:490","http://opencontext.org/subjects/55238072-ec7e-4bd1-1bff-2c471e5840e3","https://n2t.net/ark:/28722/k2cz3662z","Murlo","https://opencontext.org/projects/df043419-f23b-41da-7e4d-ee52af22f92f","Europe","Italy","Poggio Civitate","Tesoro","Tesoro 26","https://opencontext.org/subjects/85992e07-7da1-4af7-f0b8-2209cbe4f57f","43.15265000000001","11.401850000000001","-700","-535","Excavation Unit","https://opencontext.org/static/oc/icons-v2/oc-context-icon.svg","","2012-12-28T00:00:00Z","2025-07-02T11:27:09Z"
"1966, ID:10","http://opencontext.org/subjects/ebdad736-f825-4778-2d8b-2a4afabc5d31","https://n2t.net/ark:/28722/k2mc8wh5x","Murlo","https://opencontext.org/projects/df043419-f23b-41da-7e4d-ee52af22f92f","Europe","Italy","Poggio Civitate","Tesoro","Tesoro 1J","https://opencontext.org/subjects/29464e59-26fc-4ec4-4b18-d01f517069bf","43.152609876758","11.402819672617","-700","-535","Excavation Unit","https://opencontext.org/static/oc/icons-v2/oc-context-icon.svg","","2012-12-28T00:00:00Z","2025-04-05T15:48:23Z"
"2003, ID:501","http://opencontext.org/subjects/61284146-5d47-4783-7aa0-d7a1ad0e8516","https://n2t.net/ark:/28722/k2fj2fd91","Murlo","https://opencontext.org/projects/df043419-f23b-41da-7e4d-ee52af22f92f","Europe","Italy","Poggio Civitate","Tesoro North Flank","Tesoro North Flank 2","https://opencontext.org/subjects/d95f6d5d-d775-4551-1f90-73c642a01b0b","43.156142044067","11.400242996216","-700","-535","Excavation Unit","https://opencontext.org/static/oc/icons-v2/oc-context-icon.svg","","2012-12-28T00:00:00Z","2025-04-05T15:49:29Z"
"Tr-ID 297","http://opencontext.org/subjects/0304014c-068b-4174-d85a-720dcc49aa29","https://n2t.net/ark:/28722/k2m042z22","Murlo","https://opencontext.org/projects/df043419-f23b-41da-7e4d-ee52af22f92f","Europe","Italy","Poggio Civitate","Tesoro Rectangle","Tesoro Rectangle 15","https://opencontext.org/subjects/c0afbfc3-8647-42e2-fdfc-15eced824f48","43.153402960082","11.402370545803","-700","-535","Excavation Unit","https://opencontext.org/static/oc/icons-v2/oc-context-icon.svg","","2012-12-28T00:00:00Z","2025-04-05T15:50:00Z"
"Tr-ID 296","http://opencontext.org/subjects/6bfa194e-f589-4fd2-de28-4cc95b1402f2","https://n2t.net/ark:/28722/k2g73c496","Murlo","https://opencontext.org/projects/df043419-f23b-41da-7e4d-ee52af22f92f","Europe","Italy","Poggio Civitate","Tesoro Rectangle","Tesoro Rectangle 14","https://opencontext.org/subjects/0ff8c74b-2226-4ae1-5160-10f482397093","43.153402960082","11.402370545803","-700","-535","Excavation Unit","https://opencontext.org/static/oc/icons-v2/oc-context-icon.svg","","2012-12-28T00:00:00Z","2025-04-05T15:50:00Z"
"Tr-ID 298","http://opencontext.org/subjects/dcd9eb3e-d1bd-4d46-e4eb-6adecc95dae5","https://n2t.net/ark:/28722/k23x87m77","Murlo","https://opencontext.org/projects/df043419-f23b-41da-7e4d-ee52af22f92f","Europe","Italy","Poggio Civitate","Tesoro Rectangle","Tesoro Rectangle 16","https://opencontext.org/subjects/0102dc85-4b26-48ac-3e92-d723c4cccc67","43.153402960082","11.402370545803","-700","-535","Excavation Unit","https://opencontext.org/static/oc/icons-v2/oc-context-icon.svg","","2012-12-28T00:00:00Z","2025-04-05T15:50:01Z"
"Tr-ID 273","http://opencontext.org/subjects/1dc812f8-6bd8-41a0-30c7-85feca5d221f","https://n2t.net/ark:/28722/k2f47mv5r","Murlo","https://opencontext.org/projects/df043419-f23b-41da-7e4d-ee52af22f92f","Europe","Italy","Poggio Civitate","Tesoro Rectangle","Tesoro Rectangle 3","https://opencontext.org/subjects/3b17f2c2-8a63-4c66-3182-69f6d6e0a4af","43.153402960082","11.402370545803","-700","-535","Excavation Unit","https://opencontext.org/static/oc/icons-v2/oc-context-icon.svg","","2012-12-28T00:00:00Z","2025-04-05T15:50:00Z"
"Tr-ID 301","http://opencontext.org/subjects/7d5e74bd-8c4c-4b10-8b07-394670950942","https://n2t.net/ark:/28722/k2n013v1t","Murlo","https://opencontext.org/projects/df043419-f23b-41da-7e4d-ee52af22f92f","Europe","Italy","Poggio Civitate","Tesoro Rectangle","Tesoro Rectangle 19","https://opencontext.org/subjects/11b1229c-f5ba-4bab-9246-30786a49ba96","43.153402960082","11.402370545803","-700","-535","Excavation Unit","https://opencontext.org/static/oc/icons-v2/oc-context-icon.svg","","2012-12-28T00:00:00Z","2025-04-05T15:50:01Z"
"Tr-ID 274","http://opencontext.org/subjects/81794500-a7a0-40b9-274c-d1a7950a9764","https://n2t.net/ark:/28722/k2pn92g78","Murlo","https://opencontext.org/projects/df043419-f23b-41da-7e4d-ee52af22f92f","Europe","Italy","Poggio Civitate","Tesoro Rectangle","Tesoro Rectangle 4","https://opencontext.org/subjects/b3bd4313-ceb2-4b11-0732-43b8efe8eb4d","43.153402960082","11.402370545803","-700","-535","Excavation Unit","https://opencontext.org/static/oc/icons-v2/oc-context-icon.svg","","2012-12-28T00:00:00Z","2025-04-05T15:50:00Z"
"Tr-ID 303","http://opencontext.org/subjects/beb0cca7-2646-46e3-c386-7fe75483381c","https://n2t.net/ark:/28722/k2wh2jg10","Murlo","https://opencontext.org/projects/df043419-f23b-41da-7e4d-ee52af22f92f","Europe","Italy","Poggio Civitate","Tesoro Rectangle","Tesoro Rectangle 21","https://opencontext.org/subjects/5a1cf3cb-b433-47d9-cf24-19da61b45cab","43.153402960082","11.402370545803","-700","-535","Excavation Unit","https://opencontext.org/static/oc/icons-v2/oc-context-icon.svg","","2012-12-28T00:00:00Z","2025-04-05T15:50:01Z"
"Tr-ID 302","http://opencontext.org/subjects/cc6782f0-09d7-4e5f-d3b7-3fc92636e438","https://n2t.net/ark:/28722/k2rr1tn58","Murlo","https://opencontext.org/projects/df043419-f23b-41da-7e4d-ee52af22f92f","Europe","Italy","Poggio Civitate","Tesoro Rectangle","Tesoro Rectangle 20","https://opencontext.org/subjects/be958f4d-478a-41f2-ff0b-76d03d14d47e","43.153402960082","11.402370545803","-700","-535","Excavation Unit","https://opencontext.org/static/oc/icons-v2/oc-context-icon.svg","","2012-12-28T00:00:00Z","2025-04-05T15:50:01Z"
"1993, ID:392","http://opencontext.org/subjects/ac42f5ef-4549-4be6-5b93-a07f6fef6342","https://n2t.net/ark:/28722/k2tb12w87","Murlo","https://opencontext.org/projects/df043419-f23b-41da-7e4d-ee52af22f92f","Europe","Italy","Poggio Civitate","Tesoro","Tesoro South of Tesoro 27","https://opencontext.org/subjects/8e36eb15-4a79-47d1-f215-849b2c600e49","43.152609876758","11.402819672617","-700","-535","Excavation Unit","https://opencontext.org/static/oc/icons-v2/oc-context-icon.svg","","2012-12-28T00:00:00Z","2025-04-05T15:49:16Z"
"1991, ID:370","http://opencontext.org/subjects/2a920d80-2384-4f1a-49ca-fd442d759dac","https://n2t.net/ark:/28722/k23r0tv27","Murlo","https://opencontext.org/projects/df043419-f23b-41da-7e4d-ee52af22f92f","Europe","Italy","Poggio Civitate","Civitate B","Civitate B Exploratory","https://opencontext.org/subjects/4be4943f-54f5-493b-e22b-4b1b2277a22a","43.152317255282","11.399201496398","-700","-535","Excavation Unit","https://opencontext.org/static/oc/icons-v2/oc-context-icon.svg","","2012-12-28T00:00:00Z","2025-04-05T15:49:14Z"
"2014, ID:682","http://opencontext.org/subjects/7b01d4eb-7821-419e-9df4-d72d06513a6d","https://n2t.net/ark:/28722/k2w09cc6g","Murlo","https://opencontext.org/projects/df043419-f23b-41da-7e4d-ee52af22f92f","Europe","Italy","Poggio Civitate","Tesoro","Tesoro 65","https://opencontext.org/subjects/d44f7156-33c3-42b1-8932-a4b7df3c6b9c","43.152865902936824","11.40078759667452","-700","-535","Excavation Unit","https://opencontext.org/static/oc/icons-v2/oc-context-icon.svg","","2017-10-04T02:36:45Z","2025-04-05T15:49:52Z"
"1967, ID:35","http://opencontext.org/subjects/28e3edf0-f7d2-44f9-8f42-ab574ad81026","https://n2t.net/ark:/28722/k26h4hr9k","Murlo","https://opencontext.org/projects/df043419-f23b-41da-7e4d-ee52af22f92f","Europe","Italy","Poggio Civitate","Tesoro","Tesoro 1AI","https://opencontext.org/subjects/a657684f-3cb9-4cd2-21ba-6dfd3d60249b","43.152609876758","11.402819672617","-700","-535","Excavation Unit","https://opencontext.org/static/oc/icons-v2/oc-context-icon.svg","","2012-12-28T00:00:00Z","2025-04-05T15:48:31Z"
"2004, ID:525","http://opencontext.org/subjects/8e727a47-2ca4-491b-4e62-20f6e32976b6","https://n2t.net/ark:/28722/k27p8zf61","Murlo","https://opencontext.org/projects/df043419-f23b-41da-7e4d-ee52af22f92f","Europe","Italy","Poggio Civitate","Tesoro","Tesoro 30","https://opencontext.org/subjects/9339b228-a45b-42ed-664a-30e7aabe90bb","43.152506","11.402832","-700","-535","Excavation Unit","https://opencontext.org/static/oc/icons-v2/oc-context-icon.svg","","2012-12-28T00:00:00Z","2025-04-05T15:49:31Z"
"1973, ID:307","http://opencontext.org/subjects/62d3a62a-25c8-4201-99bb-6abc1805338d","https://n2t.net/ark:/28722/k2m61gr1s","Murlo","https://opencontext.org/projects/df043419-f23b-41da-7e4d-ee52af22f92f","Europe","Italy","Poggio Civitate","Poggio Aguzzo","Poggio Aguzzo 1","https://opencontext.org/subjects/c7c9efbf-0136-42b9-2132-221fa5ea2f2a","43.153362073422","11.40202402957","-700","-535","Excavation Unit","https://opencontext.org/static/oc/icons-v2/oc-context-icon.svg","","2012-12-28T00:00:00Z","2025-04-05T15:48:56Z"
"Tr-ID 226","http://opencontext.org/subjects/0afb3f82-681f-44a0-0a08-79429e2b716b","https://n2t.net/ark:/28722/k24m95c0g","Murlo","https://opencontext.org/projects/df043419-f23b-41da-7e4d-ee52af22f92f","Europe","Italy","Poggio Civitate","Civitate B","Civitate B 17","https://opencontext.org/subjects/cfdb26d8-703a-4a63-6089-f3a28d61f2fc","43.152317255282","11.399201496398","-700","-535","Excavation Unit","https://opencontext.org/static/oc/icons-v2/oc-context-icon.svg","","2012-12-28T00:00:00Z","2025-04-05T15:50:00Z"
"Tr-ID 399","http://opencontext.org/subjects/a5de909c-7042-4dc2-933f-82a0a7896cf2","https://n2t.net/ark:/28722/k2rj4dw3j","Murlo","https://opencontext.org/projects/df043419-f23b-41da-7e4d-ee52af22f92f","Europe","Italy","Poggio Civitate","Civitate B","Civitate B 24","https://opencontext.org/subjects/6e8a94cb-d761-44b2-3843-0dfd529bface","43.152317255282","11.399201496398","-700","-535","Excavation Unit","https://opencontext.org/static/oc/icons-v2/oc-context-icon.svg","","2012-12-28T00:00:00Z","2025-04-05T15:50:01Z"
"2003, ID:493","http://opencontext.org/subjects/2aadd335-29d6-4c32-6c87-9bfe889e9e57","https://n2t.net/ark:/28722/k2k93575r","Murlo","https://opencontext.org/projects/df043419-f23b-41da-7e4d-ee52af22f92f","Europe","Italy","Poggio Civitate","Civitate A","Civitate A 51","https://opencontext.org/subjects/f2ada41d-4efa-45d4-a063-4f84fac29e7f","43.153556055504","11.40012431958","-700","-535","Excavation Unit","https://opencontext.org/static/oc/icons-v2/oc-context-icon.svg","","2012-12-28T00:00:00Z","2025-04-05T15:49:28Z"
"2003, ID:492","http://opencontext.org/subjects/44c9aeeb-5aee-48bf-2afa-2d7a1f80f587","https://n2t.net/ark:/28722/k29w0f106","Murlo","https://opencontext.org/projects/df043419-f23b-41da-7e4d-ee52af22f92f","Europe","Italy","Poggio Civitate","Civitate A","Civitate A 50","https://opencontext.org/subjects/090349fc-d013-41a8-2a92-19463c2c38d4","43.153556055504","11.40012431958","-700","-535","Excavation Unit","https://opencontext.org/static/oc/icons-v2/oc-context-icon.svg","","2012-12-28T00:00:00Z","2025-04-05T15:49:28Z"
"2004, ID:515","http://opencontext.org/subjects/6e35d69a-f58c-435e-cbd8-1f3472980433","https://n2t.net/ark:/28722/k23x87m96","Murlo","https://opencontext.org/projects/df043419-f23b-41da-7e4d-ee52af22f92f","Europe","Italy","Poggio Civitate","Tesoro","Tesoro 30","https://opencontext.org/subjects/9339b228-a45b-42ed-664a-30e7aabe90bb","43.152506","11.402832","-700","-535","Excavation Unit","https://opencontext.org/static/oc/icons-v2/oc-context-icon.svg","","2012-12-28T00:00:00Z","2025-04-05T15:49:31Z"
"2003, ID:497","http://opencontext.org/subjects/e9a4cc2f-3dcd-4218-fcd9-95c837a74c87","https://n2t.net/ark:/28722/k2qn63c80","Murlo","https://opencontext.org/projects/df043419-f23b-41da-7e4d-ee52af22f92f","Europe","Italy","Poggio Civitate","Tesoro","Tesoro 29","https://opencontext.org/subjects/ce136757-f9fd-416d-915a-e67cdd706eee","43.151951217651","11.402782058716","-700","-535","Excavation Unit","https://opencontext.org/static/oc/icons-v2/oc-context-icon.svg","","2012-12-28T00:00:00Z","2025-04-05T15:49:28Z"
"1967, ID:15","http://opencontext.org/subjects/e19dd309-7b3c-43ee-35cf-b641f66da900","https://n2t.net/ark:/28722/k2s46n74b","Murlo","https://opencontext.org/projects/df043419-f23b-41da-7e4d-ee52af22f92f","Europe","Italy","Poggio Civitate","Tesoro","Tesoro 1O","https://opencontext.org/subjects/06d941d0-50ee-4043-4853-e4b546ddacdf","43.152609876758","11.402819672617","-700","-535","Excavation Unit","https://opencontext.org/static/oc/icons-v2/oc-context-icon.svg","","2012-12-28T00:00:00Z","2025-04-05T15:48:28Z"
"1966, ID:9","http://opencontext.org/subjects/1337f319-39f0-4457-129d-51f1f7480fac","https://n2t.net/ark:/28722/k2765fg88","Murlo","https://opencontext.org/projects/df043419-f23b-41da-7e4d-ee52af22f92f","Europe","Italy","Poggio Civitate","Tesoro","Tesoro 1I","https://opencontext.org/subjects/a8c07179-133b-4a26-7fc4-d3e739eafcb5","43.152609876758","11.402819672617","-700","-535","Excavation Unit","https://opencontext.org/static/oc/icons-v2/oc-context-icon.svg","","2012-12-28T00:00:00Z","2025-04-05T15:48:23Z"
"Tr-ID 443","http://opencontext.org/subjects/d52db4f8-5b3c-4cb4-6f15-a8fd5077a51e","https://n2t.net/ark:/28722/k21c1zg7b","Murlo","https://opencontext.org/projects/df043419-f23b-41da-7e4d-ee52af22f92f","Europe","Italy","Poggio Civitate","Not Applicable","N-A","https://opencontext.org/subjects/1a9cb6ed-9ec5-4dc4-e2df-f46eb65d8aa1","43.153362073422","11.40202402957","-700","-535","Excavation Unit","https://opencontext.org/static/oc/icons-v2/oc-context-icon.svg","","2012-12-28T00:00:00Z","2025-04-05T15:50:01Z"
"2004, ID:529","http://opencontext.org/subjects/9c9b78ce-9221-4739-2683-8052b76ef778","https://n2t.net/ark:/28722/k24x58j0j","Murlo","https://opencontext.org/projects/df043419-f23b-41da-7e4d-ee52af22f92f","Europe","Italy","Poggio Civitate","Tesoro","Tesoro 32","https://opencontext.org/subjects/7829a252-c564-48d7-e18c-792b35e49a45","43.152342536233","11.402643203735","-700","-535","Excavation Unit","https://opencontext.org/static/oc/icons-v2/oc-context-icon.svg","","2012-12-28T00:00:00Z","2025-04-05T15:49:32Z"
"2004, ID:526","http://opencontext.org/subjects/2f59cd29-8b7c-480f-0f15-075a68a89789","https://n2t.net/ark:/28722/k2k35rf55","Murlo","https://opencontext.org/projects/df043419-f23b-41da-7e4d-ee52af22f92f","Europe","Italy","Poggio Civitate","Tesoro","Tesoro 37","https://opencontext.org/subjects/9438eb45-f29a-4bfb-4b8a-0f4d5833ff10","43.15242407057","11.40227233039","-700","-535","Excavation Unit","https://opencontext.org/static/oc/icons-v2/oc-context-icon.svg","","2012-12-28T00:00:00Z","2025-04-05T15:49:31Z"
"2004, ID:534","http://opencontext.org/subjects/3640eeb6-2c5d-437b-e300-6043883f8a10","https://n2t.net/ark:/28722/k2416z12g","Murlo","https://opencontext.org/projects/df043419-f23b-41da-7e4d-ee52af22f92f","Europe","Italy","Poggio Civitate","Tesoro","Tesoro 41","https://opencontext.org/subjects/0d40aa89-6410-4899-1fda-3a2922fdd1dc","43.152609876758","11.402819672617","-700","-535","Excavation Unit","https://opencontext.org/static/oc/icons-v2/oc-context-icon.svg","","2012-12-28T00:00:00Z","2025-04-05T15:49:32Z"
"2004, ID:528","http://opencontext.org/subjects/5795ee01-4506-4715-22c3-de0af1e7df24","https://n2t.net/ark:/28722/k2tm7625q","Murlo","https://opencontext.org/projects/df043419-f23b-41da-7e4d-ee52af22f92f","Europe","Italy","Poggio Civitate","Tesoro","Tesoro 37","https://opencontext.org/subjects/9438eb45-f29a-4bfb-4b8a-0f4d5833ff10","43.15242407057","11.40227233039","-700","-535","Excavation Unit","https://opencontext.org/static/oc/icons-v2/oc-context-icon.svg","","2012-12-28T00:00:00Z","2025-04-05T15:49:31Z"
"2004, ID:524","http://opencontext.org/subjects/756fb228-e865-4e1e-8ad6-41a4323e9ba6","https://n2t.net/ark:/28722/k2qv3h529","Murlo","https://opencontext.org/projects/df043419-f23b-41da-7e4d-ee52af22f92f","Europe","Italy","Poggio Civitate","Tesoro","Tesoro 40","https://opencontext.org/subjects/f02fcf2b-12d4-4c6f-9e10-434f3ad5b3dc","43.152609876758","11.402819672617","-700","-535","Excavation Unit","https://opencontext.org/static/oc/icons-v2/oc-context-icon.svg","","2012-12-28T00:00:00Z","2025-04-05T15:49:31Z"
"2004, ID:527","http://opencontext.org/subjects/ea74949e-8103-4f44-5c18-54c84c586fc0","https://n2t.net/ark:/28722/k2vm46z7h","Murlo","https://opencontext.org/projects/df043419-f23b-41da-7e4d-ee52af22f92f","Europe","Italy","Poggio Civitate","Tesoro","Tesoro 40","https://opencontext.org/subjects/f02fcf2b-12d4-4c6f-9e10-434f3ad5b3dc","43.152609876758","11.402819672617","-700","-535","Excavation Unit","https://opencontext.org/static/oc/icons-v2/oc-context-icon.svg","","2012-12-28T00:00:00Z","2025-04-05T15:49:31Z"
"2014, ID:683","http://opencontext.org/subjects/61bd5ada-45dd-4cf3-b620-8ba839f85753","https://n2t.net/ark:/28722/k20s03107","Murlo","https://opencontext.org/projects/df043419-f23b-41da-7e4d-ee52af22f92f","Europe","Italy","Poggio Civitate","Tesoro","Tesoro 66","https://opencontext.org/subjects/ad6b1caf-39b7-49b3-bf2d-2c71081132f4","43.15284149784241","11.400889328386473","-700","-535","Excavation Unit","https://opencontext.org/static/oc/icons-v2/oc-context-icon.svg","","2017-10-04T02:36:45Z","2025-04-05T15:49:52Z"
"2016, ID:721","http://opencontext.org/subjects/a5a1fc80-d92a-4783-8922-5e2636f815b5","https://n2t.net/ark:/28722/k28d0712j","Murlo","https://opencontext.org/projects/df043419-f23b-41da-7e4d-ee52af22f92f","Europe","Italy","Poggio Civitate","Tesoro","Tesoro 76","https://opencontext.org/subjects/af5f5429-51cf-4366-9174-d53e98642f92","43.152609876758","11.402819672617","-700","-535","Excavation Unit","https://opencontext.org/static/oc/icons-v2/oc-context-icon.svg","","2017-10-04T02:36:52Z","2025-04-05T15:49:57Z"
"T66 2016","http://opencontext.org/subjects/4ced9c52-ea8f-45ce-be56-5faf84bf0072","https://n2t.net/ark:/28722/k2fn1gp29","Murlo","https://opencontext.org/projects/df043419-f23b-41da-7e4d-ee52af22f92f","Europe","Italy","Poggio Civitate","Tesoro","Tesoro 66","https://opencontext.org/subjects/ad6b1caf-39b7-49b3-bf2d-2c71081132f4","43.152853131096755","11.400885816585756","-700","-535","Excavation Unit","https://opencontext.org/static/oc/icons-v2/oc-context-icon.svg","","2019-09-13T16:42:54Z","2025-04-05T15:48:18Z"
"T128 2025","http://opencontext.org/subjects/daa3c381-f2cc-4fe9-a6f3-34077bc58b6a","","Murlo","https://opencontext.org/projects/df043419-f23b-41da-7e4d-ee52af22f92f","Europe","Italy","Poggio Civitate","Tesoro","Tesoro 128","https://opencontext.org/subjects/ac4da1e6-4b52-4d6f-9cfc-055f14186903","43.152609876758","11.402819672617","-700","-535","Excavation Unit","https://opencontext.org/static/oc/icons-v2/oc-context-icon.svg","","2012-07-06T00:00:00Z","2025-09-29T20:59:02Z"
"Tr-Unknown","http://opencontext.org/subjects/675e933b-9032-48b7-ad52-41ff8ab6f999","https://n2t.net/ark:/28722/k26t0zm69","Murlo","https://opencontext.org/projects/df043419-f23b-41da-7e4d-ee52af22f92f","Europe","Italy","Poggio Civitate","Unrecorded","Unrecorded","https://opencontext.org/subjects/76e0e115-b033-43d9-a7ed-ab65ea36963e","43.153362073422","11.40202402957","-700","-535","Excavation Unit","https://opencontext.org/static/oc/icons-v2/oc-context-icon.svg","","2017-07-12T12:29:08Z","2025-04-05T15:50:02Z"
"CB65 2018","http://opencontext.org/subjects/d817ff42-6f96-4894-b014-3cc5459b4447","https://n2t.net/ark:/28722/k21z4hp46","Murlo","https://opencontext.org/projects/df043419-f23b-41da-7e4d-ee52af22f92f","Europe","Italy","Poggio Civitate","Civitate B","Civitate B65","https://opencontext.org/subjects/21f182d4-b3ed-4b02-b293-72302def7222","43.152317255282","11.399201496398","-700","-535","Excavation Unit","https://opencontext.org/static/oc/icons-v2/oc-context-icon.svg","","2019-07-28T15:42:08Z","2025-04-05T15:50:00Z"
"CA96 2022","http://opencontext.org/subjects/123c0922-9451-44e1-a36a-f472ac1581fc","","Murlo","https://opencontext.org/projects/df043419-f23b-41da-7e4d-ee52af22f92f","Europe","Italy","Poggio Civitate","Civitate A","Civitate A96","https://opencontext.org/subjects/57ad0ad9-76ac-46cd-9495-7807d84ba62d","43.153556055504","11.40012431958","-700","-535","Excavation Unit","https://opencontext.org/static/oc/icons-v2/oc-context-icon.svg","","2012-07-06T00:00:00Z","2025-04-05T15:50:00Z"
