,polygon_id,year,trench_area,trench_number,x,y,new_id,book,uri
0,1,2011,CB,38,-45.0,-99.0,CB38_2011_1,,http://opencontext.org/subjects/17085bc0-4fa1-4236-6426-4861ad48b584
1,1,2011,CB,38,-43.0,-99.0,CB38_2011_1,,http://opencontext.org/subjects/17085bc0-4fa1-4236-6426-4861ad48b584
2,1,2011,CB,38,-43.0,-100.3,CB38_2011_1,,http://opencontext.org/subjects/17085bc0-4fa1-4236-6426-4861ad48b584
3,1,2011,CB,38,-45.0,-100.37,CB38_2011_1,,http://opencontext.org/subjects/17085bc0-4fa1-4236-6426-4861ad48b584
4,2,2011,CB,42,-45.0,-107.0,CB42_2011_2,,http://opencontext.org/subjects/855f361e-68d8-4bbe-5895-b351f48e8233
5,2,2011,CB,42,-50.0,-107.0,CB42_2011_2,,http://opencontext.org/subjects/855f361e-68d8-4bbe-5895-b351f48e8233
6,2,2011,CB,42,-50.0,-103.0,CB42_2011_2,,http://opencontext.org/subjects/855f361e-68d8-4bbe-5895-b351f48e8233
7,2,2011,CB,42,-45.0,-103.0,CB42_2011_2,,http://opencontext.org/subjects/855f361e-68d8-4bbe-5895-b351f48e8233
8,2,2011,CB,42,-43.0,-103.0,CB42_2011_2,,http://opencontext.org/subjects/855f361e-68d8-4bbe-5895-b351f48e8233
9,2,2011,CB,42,-43.0,-105.0,CB42_2011_2,,http://opencontext.org/subjects/855f361e-68d8-4bbe-5895-b351f48e8233
10,2,2011,CB,42,-45.0,-105.0,CB42_2011_2,,http://opencontext.org/subjects/855f361e-68d8-4bbe-5895-b351f48e8233
11,3,2011,CB,43,-35.0,-97.0,CB43_2011_3,,http://opencontext.org/subjects/bbdc297e-7ac1-4925-e775-6d1b75cc280c
12,3,2011,CB,43,-30.0,-97.0,CB43_2011_3,,http://opencontext.org/subjects/bbdc297e-7ac1-4925-e775-6d1b75cc280c
13,3,2011,CB,43,-30.0,-102.0,CB43_2011_3,,http://opencontext.org/subjects/bbdc297e-7ac1-4925-e775-6d1b75cc280c
14,3,2011,CB,43,-35.0,-102.0,CB43_2011_3,,http://opencontext.org/subjects/bbdc297e-7ac1-4925-e775-6d1b75cc280c
15,4,2011,CB,44,-40.0,-85.0,CB44_2011_4,,http://opencontext.org/subjects/d5464a7b-a7b0-4d11-368c-ecf47d1b9389
16,4,2011,CB,44,-35.0,-85.0,CB44_2011_4,,http://opencontext.org/subjects/d5464a7b-a7b0-4d11-368c-ecf47d1b9389
17,4,2011,CB,44,-35.0,-90.0,CB44_2011_4,,http://opencontext.org/subjects/d5464a7b-a7b0-4d11-368c-ecf47d1b9389
18,4,2011,CB,44,-40.0,-90.0,CB44_2011_4,,http://opencontext.org/subjects/d5464a7b-a7b0-4d11-368c-ecf47d1b9389
19,5,2011,CB,45,-13.0,-31.0,CB45_2011_5,,http://opencontext.org/subjects/9950174e-e880-4bef-b797-358a82f4a372
20,5,2011,CB,45,-13.0,-29.0,CB45_2011_5,,http://opencontext.org/subjects/9950174e-e880-4bef-b797-358a82f4a372
21,5,2011,CB,45,-11.0,-29.0,CB45_2011_5,,http://opencontext.org/subjects/9950174e-e880-4bef-b797-358a82f4a372
22,5,2011,CB,45,-11.0,-27.0,CB45_2011_5,,http://opencontext.org/subjects/9950174e-e880-4bef-b797-358a82f4a372
23,5,2011,CB,45,-8.0,-27.0,CB45_2011_5,,http://opencontext.org/subjects/9950174e-e880-4bef-b797-358a82f4a372
24,5,2011,CB,45,-8.0,-29.0,CB45_2011_5,,http://opencontext.org/subjects/9950174e-e880-4bef-b797-358a82f4a372
25,5,2011,CB,45,-8.0,-31.0,CB45_2011_5,,http://opencontext.org/subjects/9950174e-e880-4bef-b797-358a82f4a372
26,5,2011,CB,45,-8.0,-32.0,CB45_2011_5,,http://opencontext.org/subjects/9950174e-e880-4bef-b797-358a82f4a372
27,5,2011,CB,45,-11.0,-32.0,CB45_2011_5,,http://opencontext.org/subjects/9950174e-e880-4bef-b797-358a82f4a372
28,5,2011,CB,45,-11.0,-31.0,CB45_2011_5,,http://opencontext.org/subjects/9950174e-e880-4bef-b797-358a82f4a372
29,6,2011,CB,46,0.0,-29.0,CB46_2011_6,,http://opencontext.org/subjects/cfe33cd1-b119-4d65-e2ff-8dafabeac941
30,6,2011,CB,46,0.0,-31.0,CB46_2011_6,,http://opencontext.org/subjects/cfe33cd1-b119-4d65-e2ff-8dafabeac941
31,6,2011,CB,46,0.0,-33.0,CB46_2011_6,,http://opencontext.org/subjects/cfe33cd1-b119-4d65-e2ff-8dafabeac941
32,6,2011,CB,46,0.0,-35.0,CB46_2011_6,,http://opencontext.org/subjects/cfe33cd1-b119-4d65-e2ff-8dafabeac941
33,6,2011,CB,46,-1.0,-35.0,CB46_2011_6,,http://opencontext.org/subjects/cfe33cd1-b119-4d65-e2ff-8dafabeac941
34,6,2011,CB,46,-1.0,-33.0,CB46_2011_6,,http://opencontext.org/subjects/cfe33cd1-b119-4d65-e2ff-8dafabeac941
35,6,2011,CB,46,-3.0,-33.0,CB46_2011_6,,http://opencontext.org/subjects/cfe33cd1-b119-4d65-e2ff-8dafabeac941
36,6,2011,CB,46,-3.0,-31.0,CB46_2011_6,,http://opencontext.org/subjects/cfe33cd1-b119-4d65-e2ff-8dafabeac941
37,6,2011,CB,46,-1.0,-31.0,CB46_2011_6,,http://opencontext.org/subjects/cfe33cd1-b119-4d65-e2ff-8dafabeac941
38,6,2011,CB,46,-1.0,-29.0,CB46_2011_6,,http://opencontext.org/subjects/cfe33cd1-b119-4d65-e2ff-8dafabeac941
39,7,2011,CB,47,-5.0,-32.0,CB47_2011_7,,http://opencontext.org/subjects/ccaa1707-e736-4cc6-d2f7-f6de62998fd4
40,7,2011,CB,47,-5.0,-33.0,CB47_2011_7,,http://opencontext.org/subjects/ccaa1707-e736-4cc6-d2f7-f6de62998fd4
41,7,2011,CB,47,-5.0,-35.0,CB47_2011_7,,http://opencontext.org/subjects/ccaa1707-e736-4cc6-d2f7-f6de62998fd4
42,7,2011,CB,47,-8.0,-35.0,CB47_2011_7,,http://opencontext.org/subjects/ccaa1707-e736-4cc6-d2f7-f6de62998fd4
43,7,2011,CB,47,-8.0,-33.0,CB47_2011_7,,http://opencontext.org/subjects/ccaa1707-e736-4cc6-d2f7-f6de62998fd4
44,7,2011,CB,47,-6.0,-33.0,CB47_2011_7,,http://opencontext.org/subjects/ccaa1707-e736-4cc6-d2f7-f6de62998fd4
45,7,2011,CB,47,-6.0,-32.0,CB47_2011_7,,http://opencontext.org/subjects/ccaa1707-e736-4cc6-d2f7-f6de62998fd4
46,8,2011,CB,48,-80.0,-104.0,CB48_2011_8,,http://opencontext.org/subjects/7940b16c-1c48-457d-937b-98ebb5cf4980
47,8,2011,CB,48,-78.0,-104.0,CB48_2011_8,,http://opencontext.org/subjects/7940b16c-1c48-457d-937b-98ebb5cf4980
48,8,2011,CB,48,-78.0,-105.2,CB48_2011_8,,http://opencontext.org/subjects/7940b16c-1c48-457d-937b-98ebb5cf4980
49,8,2011,CB,48,-80.0,-105.2,CB48_2011_8,,http://opencontext.org/subjects/7940b16c-1c48-457d-937b-98ebb5cf4980
50,9,2011,CB,49,-7.0,-29.0,CB49_2011_9,,http://opencontext.org/subjects/c26457da-4b00-484e-f27e-85f2a2e88314
51,9,2011,CB,49,-6.0,-29.0,CB49_2011_9,,http://opencontext.org/subjects/c26457da-4b00-484e-f27e-85f2a2e88314
52,9,2011,CB,49,-4.0,-29.0,CB49_2011_9,,http://opencontext.org/subjects/c26457da-4b00-484e-f27e-85f2a2e88314
53,9,2011,CB,49,-4.0,-32.0,CB49_2011_9,,http://opencontext.org/subjects/c26457da-4b00-484e-f27e-85f2a2e88314
54,9,2011,CB,49,-6.0,-32.0,CB49_2011_9,,http://opencontext.org/subjects/c26457da-4b00-484e-f27e-85f2a2e88314
55,9,2011,CB,49,-7.0,-32.0,CB49_2011_9,,http://opencontext.org/subjects/c26457da-4b00-484e-f27e-85f2a2e88314
56,10,2011,CB,50,-43.0,-96.0,CB50_2011_10,,http://opencontext.org/subjects/87e9b5c3-0828-4f60-5f9a-db48ccab3cca
57,10,2011,CB,50,-39.0,-96.0,CB50_2011_10,,http://opencontext.org/subjects/87e9b5c3-0828-4f60-5f9a-db48ccab3cca
58,10,2011,CB,50,-39.0,-98.0,CB50_2011_10,,http://opencontext.org/subjects/87e9b5c3-0828-4f60-5f9a-db48ccab3cca
59,10,2011,CB,50,-43.0,-98.0,CB50_2011_10,,http://opencontext.org/subjects/87e9b5c3-0828-4f60-5f9a-db48ccab3cca
60,11,2011,CB,51,-86.0,-96.0,CB51_2011_11,,http://opencontext.org/subjects/500ec0ee-1078-4be4-762d-3c66fcf853c2
61,11,2011,CB,51,-86.0,-94.0,CB51_2011_11,,http://opencontext.org/subjects/500ec0ee-1078-4be4-762d-3c66fcf853c2
62,11,2011,CB,51,-89.0,-94.0,CB51_2011_11,,http://opencontext.org/subjects/500ec0ee-1078-4be4-762d-3c66fcf853c2
63,11,2011,CB,51,-89.0,-96.0,CB51_2011_11,,http://opencontext.org/subjects/500ec0ee-1078-4be4-762d-3c66fcf853c2
64,12,2010,CA,63,8.0,-2.0,CA63_2010_12,,http://opencontext.org/subjects/a5049327-bcce-43b2-aa50-2fbebd620bdf
65,12,2010,CA,63,4.0,-2.0,CA63_2010_12,,http://opencontext.org/subjects/a5049327-bcce-43b2-aa50-2fbebd620bdf
66,12,2010,CA,63,4.0,-5.0,CA63_2010_12,,http://opencontext.org/subjects/a5049327-bcce-43b2-aa50-2fbebd620bdf
67,12,2010,CA,63,8.0,-5.0,CA63_2010_12,,http://opencontext.org/subjects/a5049327-bcce-43b2-aa50-2fbebd620bdf
68,13,2010,CA,64,0.0,11.6,CA64_2010_13,,http://opencontext.org/subjects/60f9b8c2-7279-4bf5-9bd1-a0a1c3747017
69,13,2010,CA,64,2.0,11.6,CA64_2010_13,,http://opencontext.org/subjects/60f9b8c2-7279-4bf5-9bd1-a0a1c3747017
70,13,2010,CA,64,2.3,11.0,CA64_2010_13,,http://opencontext.org/subjects/60f9b8c2-7279-4bf5-9bd1-a0a1c3747017
71,13,2010,CA,64,2.3,8.0,CA64_2010_13,,http://opencontext.org/subjects/60f9b8c2-7279-4bf5-9bd1-a0a1c3747017
72,13,2010,CA,64,-1.0,8.0,CA64_2010_13,,http://opencontext.org/subjects/60f9b8c2-7279-4bf5-9bd1-a0a1c3747017
73,13,2010,CA,64,-1.0,11.0,CA64_2010_13,,http://opencontext.org/subjects/60f9b8c2-7279-4bf5-9bd1-a0a1c3747017
74,14,2010,CA,65,5.0,4.0,CA65_2010_14,,http://opencontext.org/subjects/3c36cd47-17fe-4390-aa8b-0ba9af8c0a79
75,14,2010,CA,65,9.0,4.0,CA65_2010_14,,http://opencontext.org/subjects/3c36cd47-17fe-4390-aa8b-0ba9af8c0a79
76,14,2010,CA,65,9.0,1.0,CA65_2010_14,,http://opencontext.org/subjects/3c36cd47-17fe-4390-aa8b-0ba9af8c0a79
77,14,2010,CA,65,5.0,1.0,CA65_2010_14,,http://opencontext.org/subjects/3c36cd47-17fe-4390-aa8b-0ba9af8c0a79
78,15,2010,CA,67,-44.0,26.0,CA67_2010_15,,http://opencontext.org/subjects/a08a8f9b-dfac-436c-6d6e-f08ede4c40db
79,15,2010,CA,67,-46.0,26.0,CA67_2010_15,,http://opencontext.org/subjects/a08a8f9b-dfac-436c-6d6e-f08ede4c40db
80,15,2010,CA,67,-46.0,30.0,CA67_2010_15,,http://opencontext.org/subjects/a08a8f9b-dfac-436c-6d6e-f08ede4c40db
81,15,2010,CA,67,-44.0,30.0,CA67_2010_15,,http://opencontext.org/subjects/a08a8f9b-dfac-436c-6d6e-f08ede4c40db
82,16,2010,CA,68,-52.0,31.0,CA68_2010_16,,http://opencontext.org/subjects/bbef5707-c16f-4bfd-932e-5d9b83f6d9c4
83,16,2010,CA,68,-50.0,31.0,CA68_2010_16,,http://opencontext.org/subjects/bbef5707-c16f-4bfd-932e-5d9b83f6d9c4
84,16,2010,CA,68,-50.0,29.0,CA68_2010_16,,http://opencontext.org/subjects/bbef5707-c16f-4bfd-932e-5d9b83f6d9c4
85,16,2010,CA,68,-52.0,29.0,CA68_2010_16,,http://opencontext.org/subjects/bbef5707-c16f-4bfd-932e-5d9b83f6d9c4
86,17,2010,CA,69,-49.0,32.0,CA69_2010_17,,http://opencontext.org/subjects/476ca37d-d70d-443e-45ad-d58b57f9ccef
87,17,2010,CA,69,-47.0,32.0,CA69_2010_17,,http://opencontext.org/subjects/476ca37d-d70d-443e-45ad-d58b57f9ccef
88,17,2010,CA,69,-47.0,27.0,CA69_2010_17,,http://opencontext.org/subjects/476ca37d-d70d-443e-45ad-d58b57f9ccef
89,17,2010,CA,69,-49.0,27.0,CA69_2010_17,,http://opencontext.org/subjects/476ca37d-d70d-443e-45ad-d58b57f9ccef
90,18,2010,CB,35,-58.0,-108.0,CB35_2010_18,,http://opencontext.org/subjects/3d84308c-a4d6-4f47-263f-243596729d25
91,18,2010,CB,35,-58.0,-113.0,CB35_2010_18,,http://opencontext.org/subjects/3d84308c-a4d6-4f47-263f-243596729d25
92,18,2010,CB,35,-50.0,-113.0,CB35_2010_18,,http://opencontext.org/subjects/3d84308c-a4d6-4f47-263f-243596729d25
93,18,2010,CB,35,-50.0,-108.0,CB35_2010_18,,http://opencontext.org/subjects/3d84308c-a4d6-4f47-263f-243596729d25
94,19,2010,CB,36,-53.0,-11.0,CB36_2010_19,,http://opencontext.org/subjects/8fac8645-1ea7-4c7b-60ad-5eceeb808dc2
95,19,2010,CB,36,-49.0,-11.0,CB36_2010_19,,http://opencontext.org/subjects/8fac8645-1ea7-4c7b-60ad-5eceeb808dc2
96,19,2010,CB,36,-49.0,-16.0,CB36_2010_19,,http://opencontext.org/subjects/8fac8645-1ea7-4c7b-60ad-5eceeb808dc2
97,19,2010,CB,36,-53.0,-16.0,CB36_2010_19,,http://opencontext.org/subjects/8fac8645-1ea7-4c7b-60ad-5eceeb808dc2
98,20,2010,CB,37,-46.0,-16.0,CB37_2010_20,,http://opencontext.org/subjects/dfa0ab59-9398-46b7-3955-5da0439dfed9
99,20,2010,CB,37,-46.0,-11.0,CB37_2010_20,,http://opencontext.org/subjects/dfa0ab59-9398-46b7-3955-5da0439dfed9
100,20,2010,CB,37,-41.0,-11.0,CB37_2010_20,,http://opencontext.org/subjects/dfa0ab59-9398-46b7-3955-5da0439dfed9
101,20,2010,CB,37,-41.0,-16.0,CB37_2010_20,,http://opencontext.org/subjects/dfa0ab59-9398-46b7-3955-5da0439dfed9
102,21,2010,CB,38,-45.0,-99.0,CB38_2010_21,,http://opencontext.org/subjects/ec80d676-f07e-4174-e781-8795d4bf599a
103,21,2010,CB,38,-43.0,-99.0,CB38_2010_21,,http://opencontext.org/subjects/ec80d676-f07e-4174-e781-8795d4bf599a
104,21,2010,CB,38,-43.0,-100.3,CB38_2010_21,,http://opencontext.org/subjects/ec80d676-f07e-4174-e781-8795d4bf599a
105,21,2010,CB,38,-45.0,-100.37,CB38_2010_21,,http://opencontext.org/subjects/ec80d676-f07e-4174-e781-8795d4bf599a
106,22,2010,CB,39,-48.0,-108.0,CB39_2010_22,,http://opencontext.org/subjects/7251fbf7-631d-44c3-c0b6-5753a0e24659
107,22,2010,CB,39,-48.0,-112.0,CB39_2010_22,,http://opencontext.org/subjects/7251fbf7-631d-44c3-c0b6-5753a0e24659
108,22,2010,CB,39,-44.0,-112.0,CB39_2010_22,,http://opencontext.org/subjects/7251fbf7-631d-44c3-c0b6-5753a0e24659
109,22,2010,CB,39,-44.0,-108.0,CB39_2010_22,,http://opencontext.org/subjects/7251fbf7-631d-44c3-c0b6-5753a0e24659
110,23,2010,CB,40,-42.0,-108.0,CB40_2010_23,,http://opencontext.org/subjects/0f4b79c5-d28e-466d-1b6d-f16b9dde4f1e
111,23,2010,CB,40,-42.0,-104.0,CB40_2010_23,,http://opencontext.org/subjects/0f4b79c5-d28e-466d-1b6d-f16b9dde4f1e
112,23,2010,CB,40,-38.0,-104.0,CB40_2010_23,,http://opencontext.org/subjects/0f4b79c5-d28e-466d-1b6d-f16b9dde4f1e
113,23,2010,CB,40,-38.0,-108.0,CB40_2010_23,,http://opencontext.org/subjects/0f4b79c5-d28e-466d-1b6d-f16b9dde4f1e
114,24,2010,CB,41,-13.0,-90.0,CB41_2010_24,,http://opencontext.org/subjects/6d6da14b-cde3-4a36-650d-a80a611c0689
115,24,2010,CB,41,-13.0,-94.0,CB41_2010_24,,http://opencontext.org/subjects/6d6da14b-cde3-4a36-650d-a80a611c0689
116,24,2010,CB,41,-9.0,-94.0,CB41_2010_24,,http://opencontext.org/subjects/6d6da14b-cde3-4a36-650d-a80a611c0689
117,24,2010,CB,41,-9.0,-90.0,CB41_2010_24,,http://opencontext.org/subjects/6d6da14b-cde3-4a36-650d-a80a611c0689
118,25,2010,CA,66,-14.0,18.0,CA66_2010_25,,http://opencontext.org/subjects/a6b061fa-c808-4282-d03e-8d80a26ff325
119,25,2010,CA,66,-10.0,18.0,CA66_2010_25,,http://opencontext.org/subjects/a6b061fa-c808-4282-d03e-8d80a26ff325
120,25,2010,CA,66,-10.0,15.0,CA66_2010_25,,http://opencontext.org/subjects/a6b061fa-c808-4282-d03e-8d80a26ff325
121,25,2010,CA,66,-14.0,15.0,CA66_2010_25,,http://opencontext.org/subjects/a6b061fa-c808-4282-d03e-8d80a26ff325
122,26,2009,CA,61,0.5,1.0,CA61_2009_26,,http://opencontext.org/subjects/3f1e1f75-3a5e-4105-1dd2-94c776de493f
123,26,2009,CA,61,4.0,1.0,CA61_2009_26,,http://opencontext.org/subjects/3f1e1f75-3a5e-4105-1dd2-94c776de493f
124,26,2009,CA,61,4.0,2.0,CA61_2009_26,,http://opencontext.org/subjects/3f1e1f75-3a5e-4105-1dd2-94c776de493f
125,26,2009,CA,61,5.0,2.0,CA61_2009_26,,http://opencontext.org/subjects/3f1e1f75-3a5e-4105-1dd2-94c776de493f
126,26,2009,CA,61,5.0,4.0,CA61_2009_26,,http://opencontext.org/subjects/3f1e1f75-3a5e-4105-1dd2-94c776de493f
127,26,2009,CA,61,3.0,4.0,CA61_2009_26,,http://opencontext.org/subjects/3f1e1f75-3a5e-4105-1dd2-94c776de493f
128,26,2009,CA,61,3.0,3.0,CA61_2009_26,,http://opencontext.org/subjects/3f1e1f75-3a5e-4105-1dd2-94c776de493f
129,26,2009,CA,61,0.5,3.0,CA61_2009_26,,http://opencontext.org/subjects/3f1e1f75-3a5e-4105-1dd2-94c776de493f
130,27,2009,CA,62,-4.0,10.0,CA62_2009_27,,http://opencontext.org/subjects/644bb446-6a25-46e8-64c9-e8735e227e72
131,27,2009,CA,62,-4.0,12.0,CA62_2009_27,,http://opencontext.org/subjects/644bb446-6a25-46e8-64c9-e8735e227e72
132,27,2009,CA,62,-7.0,12.0,CA62_2009_27,,http://opencontext.org/subjects/644bb446-6a25-46e8-64c9-e8735e227e72
133,27,2009,CA,62,-7.0,10.0,CA62_2009_27,,http://opencontext.org/subjects/644bb446-6a25-46e8-64c9-e8735e227e72
134,27,2009,CA,62,-1.0,10.0,CA62_2009_27,,http://opencontext.org/subjects/644bb446-6a25-46e8-64c9-e8735e227e72
135,27,2009,CA,62,-1.0,7.0,CA62_2009_27,,http://opencontext.org/subjects/644bb446-6a25-46e8-64c9-e8735e227e72
136,27,2009,CA,62,-4.0,7.0,CA62_2009_27,,http://opencontext.org/subjects/644bb446-6a25-46e8-64c9-e8735e227e72
137,28,2009,CC,7,148.0,-91.0,CC7_2009_28,,http://opencontext.org/subjects/3f761187-d0a8-40cd-358e-2f7db01dba47
138,28,2009,CC,7,152.0,-91.0,CC7_2009_28,,http://opencontext.org/subjects/3f761187-d0a8-40cd-358e-2f7db01dba47
139,28,2009,CC,7,152.0,-93.0,CC7_2009_28,,http://opencontext.org/subjects/3f761187-d0a8-40cd-358e-2f7db01dba47
140,28,2009,CC,7,155.0,-93.0,CC7_2009_28,,http://opencontext.org/subjects/3f761187-d0a8-40cd-358e-2f7db01dba47
141,28,2009,CC,7,155.0,-94.5,CC7_2009_28,,http://opencontext.org/subjects/3f761187-d0a8-40cd-358e-2f7db01dba47
142,28,2009,CC,7,156.0,-94.5,CC7_2009_28,,http://opencontext.org/subjects/3f761187-d0a8-40cd-358e-2f7db01dba47
143,28,2009,CC,7,156.0,-97.0,CC7_2009_28,,http://opencontext.org/subjects/3f761187-d0a8-40cd-358e-2f7db01dba47
144,28,2009,CC,7,155.0,-97.0,CC7_2009_28,,http://opencontext.org/subjects/3f761187-d0a8-40cd-358e-2f7db01dba47
145,28,2009,CC,7,155.0,-100.0,CC7_2009_28,,http://opencontext.org/subjects/3f761187-d0a8-40cd-358e-2f7db01dba47
146,28,2009,CC,7,152.0,-100.0,CC7_2009_28,,http://opencontext.org/subjects/3f761187-d0a8-40cd-358e-2f7db01dba47
147,28,2009,CC,7,152.0,-97.0,CC7_2009_28,,http://opencontext.org/subjects/3f761187-d0a8-40cd-358e-2f7db01dba47
148,28,2009,CC,7,148.0,-97.0,CC7_2009_28,,http://opencontext.org/subjects/3f761187-d0a8-40cd-358e-2f7db01dba47
149,28,2009,CC,7,148.0,-98.0,CC7_2009_28,,http://opencontext.org/subjects/3f761187-d0a8-40cd-358e-2f7db01dba47
150,28,2009,CC,7,146.0,-98.0,CC7_2009_28,,http://opencontext.org/subjects/3f761187-d0a8-40cd-358e-2f7db01dba47
151,28,2009,CC,7,146.0,-94.0,CC7_2009_28,,http://opencontext.org/subjects/3f761187-d0a8-40cd-358e-2f7db01dba47
152,28,2009,CC,7,148.0,-94.0,CC7_2009_28,,http://opencontext.org/subjects/3f761187-d0a8-40cd-358e-2f7db01dba47
153,29,2009,T,49,192.0,-49.0,T49_2009_29,,http://opencontext.org/subjects/03c05db2-62df-43b2-605b-56aefa277051
154,29,2009,T,49,196.0,-49.0,T49_2009_29,,http://opencontext.org/subjects/03c05db2-62df-43b2-605b-56aefa277051
155,29,2009,T,49,196.0,-52.0,T49_2009_29,,http://opencontext.org/subjects/03c05db2-62df-43b2-605b-56aefa277051
156,29,2009,T,49,194.0,-52.0,T49_2009_29,,http://opencontext.org/subjects/03c05db2-62df-43b2-605b-56aefa277051
157,29,2009,T,49,194.0,-51.0,T49_2009_29,,http://opencontext.org/subjects/03c05db2-62df-43b2-605b-56aefa277051
158,29,2009,T,49,192.0,-51.0,T49_2009_29,,http://opencontext.org/subjects/03c05db2-62df-43b2-605b-56aefa277051
159,30,2009,T,50,182.0,-54.0,T50_2009_30,,http://opencontext.org/subjects/e2e20765-3196-4443-e62c-8c7799708399
160,30,2009,T,50,182.0,-59.6,T50_2009_30,,http://opencontext.org/subjects/e2e20765-3196-4443-e62c-8c7799708399
161,30,2009,T,50,178.0,-59.6,T50_2009_30,,http://opencontext.org/subjects/e2e20765-3196-4443-e62c-8c7799708399
162,30,2009,T,50,178.0,-58.0,T50_2009_30,,http://opencontext.org/subjects/e2e20765-3196-4443-e62c-8c7799708399
163,30,2009,T,50,180.0,-58.0,T50_2009_30,,http://opencontext.org/subjects/e2e20765-3196-4443-e62c-8c7799708399
164,30,2009,T,50,180.0,-54.0,T50_2009_30,,http://opencontext.org/subjects/e2e20765-3196-4443-e62c-8c7799708399
165,31,2009,T,51,177.4,-47.65,T51_2009_31,,http://opencontext.org/subjects/5b5550ec-78d2-4766-2e71-d54e3a4aac6a
166,31,2009,T,51,180.1,-47.65,T51_2009_31,,http://opencontext.org/subjects/5b5550ec-78d2-4766-2e71-d54e3a4aac6a
167,31,2009,T,51,180.1,-49.25,T51_2009_31,,http://opencontext.org/subjects/5b5550ec-78d2-4766-2e71-d54e3a4aac6a
168,31,2009,T,51,178.5,-49.3,T51_2009_31,,http://opencontext.org/subjects/5b5550ec-78d2-4766-2e71-d54e3a4aac6a
169,31,2009,T,51,178.5,-52.2,T51_2009_31,,http://opencontext.org/subjects/5b5550ec-78d2-4766-2e71-d54e3a4aac6a
170,31,2009,T,51,176.2,-52.2,T51_2009_31,,http://opencontext.org/subjects/5b5550ec-78d2-4766-2e71-d54e3a4aac6a
171,31,2009,T,51,176.7,-49.3,T51_2009_31,,http://opencontext.org/subjects/5b5550ec-78d2-4766-2e71-d54e3a4aac6a
172,31,2009,T,51,177.1,-49.25,T51_2009_31,,http://opencontext.org/subjects/5b5550ec-78d2-4766-2e71-d54e3a4aac6a
173,32,2009,T,52,188.0,-51.0,T52_2009_32,,http://opencontext.org/subjects/7a2631c5-abbd-46f6-6a6b-0c23ea819370
174,32,2009,T,52,190.0,-51.0,T52_2009_32,,http://opencontext.org/subjects/7a2631c5-abbd-46f6-6a6b-0c23ea819370
175,32,2009,T,52,190.0,-54.0,T52_2009_32,,http://opencontext.org/subjects/7a2631c5-abbd-46f6-6a6b-0c23ea819370
176,32,2009,T,52,188.0,-54.0,T52_2009_32,,http://opencontext.org/subjects/7a2631c5-abbd-46f6-6a6b-0c23ea819370
177,33,2009,T,53,177.0,-53.0,T53_2009_33,,http://opencontext.org/subjects/3a6c5062-5c6a-4886-87cd-dd15b4636809
178,33,2009,T,53,177.0,-55.0,T53_2009_33,,http://opencontext.org/subjects/3a6c5062-5c6a-4886-87cd-dd15b4636809
179,33,2009,T,53,178.0,-55.0,T53_2009_33,,http://opencontext.org/subjects/3a6c5062-5c6a-4886-87cd-dd15b4636809
180,33,2009,T,53,178.0,-57.0,T53_2009_33,,http://opencontext.org/subjects/3a6c5062-5c6a-4886-87cd-dd15b4636809
181,33,2009,T,53,174.0,-57.0,T53_2009_33,,http://opencontext.org/subjects/3a6c5062-5c6a-4886-87cd-dd15b4636809
182,33,2009,T,53,174.0,-55.25,T53_2009_33,,http://opencontext.org/subjects/3a6c5062-5c6a-4886-87cd-dd15b4636809
183,33,2009,T,53,174.6,-55.25,T53_2009_33,,http://opencontext.org/subjects/3a6c5062-5c6a-4886-87cd-dd15b4636809
184,33,2009,T,53,174.6,-53.0,T53_2009_33,,http://opencontext.org/subjects/3a6c5062-5c6a-4886-87cd-dd15b4636809
185,34,2009,T,54,183.58,-47.825,T54_2009_34,,http://opencontext.org/subjects/e7750cb4-79e0-423c-6f71-4b991eb487dd
186,34,2009,T,54,185.03,-47.825,T54_2009_34,,http://opencontext.org/subjects/e7750cb4-79e0-423c-6f71-4b991eb487dd
187,34,2009,T,54,185.1,-51.485,T54_2009_34,,http://opencontext.org/subjects/e7750cb4-79e0-423c-6f71-4b991eb487dd
188,34,2009,T,54,184.18,-51.55,T54_2009_34,,http://opencontext.org/subjects/e7750cb4-79e0-423c-6f71-4b991eb487dd
189,34,2009,T,54,183.67,-49.03,T54_2009_34,,http://opencontext.org/subjects/e7750cb4-79e0-423c-6f71-4b991eb487dd
190,34,2009,T,54,183.94,-49.13,T54_2009_34,,http://opencontext.org/subjects/e7750cb4-79e0-423c-6f71-4b991eb487dd
191,35,2009,T,55,140.0,-39.0,T55_2009_35,,http://opencontext.org/subjects/da41f536-ad71-413e-048c-c572046069b4
192,35,2009,T,55,143.0,-39.0,T55_2009_35,,http://opencontext.org/subjects/da41f536-ad71-413e-048c-c572046069b4
193,35,2009,T,55,143.0,-37.0,T55_2009_35,,http://opencontext.org/subjects/da41f536-ad71-413e-048c-c572046069b4
194,35,2009,T,55,140.0,-37.0,T55_2009_35,,http://opencontext.org/subjects/da41f536-ad71-413e-048c-c572046069b4
195,36,2009,T,56,136.0,-38.0,T56_2009_36,,http://opencontext.org/subjects/0d1e2474-6e46-4348-ad85-800ab9f3d80d
196,36,2009,T,56,138.0,-38.0,T56_2009_36,,http://opencontext.org/subjects/0d1e2474-6e46-4348-ad85-800ab9f3d80d
197,36,2009,T,56,138.0,-41.0,T56_2009_36,,http://opencontext.org/subjects/0d1e2474-6e46-4348-ad85-800ab9f3d80d
198,36,2009,T,56,136.0,-41.0,T56_2009_36,,http://opencontext.org/subjects/0d1e2474-6e46-4348-ad85-800ab9f3d80d
199,37,2008,CC,7,151.0,-93.0,CC7_2008_37,,http://opencontext.org/subjects/10aee2e8-ffb6-4cd7-a7e4-8434bd2a7287
200,37,2008,CC,7,154.0,-93.0,CC7_2008_37,,http://opencontext.org/subjects/10aee2e8-ffb6-4cd7-a7e4-8434bd2a7287
201,37,2008,CC,7,154.0,-97.0,CC7_2008_37,,http://opencontext.org/subjects/10aee2e8-ffb6-4cd7-a7e4-8434bd2a7287
202,37,2008,CC,7,151.0,-97.0,CC7_2008_37,,http://opencontext.org/subjects/10aee2e8-ffb6-4cd7-a7e4-8434bd2a7287
203,38,2008,CC,9,153.0,-90.0,CC9_2008_38,,http://opencontext.org/subjects/282a6231-1fda-4dd2-9e9b-ba5f25bc7e37
204,38,2008,CC,9,156.0,-90.0,CC9_2008_38,,http://opencontext.org/subjects/282a6231-1fda-4dd2-9e9b-ba5f25bc7e37
205,38,2008,CC,9,156.0,-93.0,CC9_2008_38,,http://opencontext.org/subjects/282a6231-1fda-4dd2-9e9b-ba5f25bc7e37
206,38,2008,CC,9,153.0,-93.0,CC9_2008_38,,http://opencontext.org/subjects/282a6231-1fda-4dd2-9e9b-ba5f25bc7e37
207,39,2008,T,48,194.0,-52.0,T48_2008_39,,http://opencontext.org/subjects/eccc7a10-11c7-43da-74e6-726210980a54
208,39,2008,T,48,198.0,-52.0,T48_2008_39,,http://opencontext.org/subjects/eccc7a10-11c7-43da-74e6-726210980a54
209,39,2008,T,48,198.0,-54.9,T48_2008_39,,http://opencontext.org/subjects/eccc7a10-11c7-43da-74e6-726210980a54
210,39,2008,T,48,194.0,-55.0,T48_2008_39,,http://opencontext.org/subjects/eccc7a10-11c7-43da-74e6-726210980a54
211,40,2008,TSF,2,137.93,-28.22,TSF2_2008_40,,http://opencontext.org/subjects/736422cb-0786-43ec-c243-85e7cb2c7315
212,40,2008,TSF,2,138.09,-25.5,TSF2_2008_40,,http://opencontext.org/subjects/736422cb-0786-43ec-c243-85e7cb2c7315
213,40,2008,TSF,2,139.87,-25.5,TSF2_2008_40,,http://opencontext.org/subjects/736422cb-0786-43ec-c243-85e7cb2c7315
214,40,2008,TSF,2,139.74,-25.95,TSF2_2008_40,,http://opencontext.org/subjects/736422cb-0786-43ec-c243-85e7cb2c7315
215,40,2008,TSF,2,139.36,-28.425,TSF2_2008_40,,http://opencontext.org/subjects/736422cb-0786-43ec-c243-85e7cb2c7315
216,41,2008,TSF,3,132.0,-32.0,TSF3_2008_41,,http://opencontext.org/subjects/67b642b7-c0ac-4ed7-fd60-4dc7e54861c5
217,41,2008,TSF,3,133.0,-32.0,TSF3_2008_41,,http://opencontext.org/subjects/67b642b7-c0ac-4ed7-fd60-4dc7e54861c5
218,41,2008,TSF,3,136.0,-32.0,TSF3_2008_41,,http://opencontext.org/subjects/67b642b7-c0ac-4ed7-fd60-4dc7e54861c5
219,41,2008,TSF,3,136.0,-34.0,TSF3_2008_41,,http://opencontext.org/subjects/67b642b7-c0ac-4ed7-fd60-4dc7e54861c5
220,41,2008,TSF,3,133.0,-34.0,TSF3_2008_41,,http://opencontext.org/subjects/67b642b7-c0ac-4ed7-fd60-4dc7e54861c5
221,41,2008,TSF,3,132.0,-34.0,TSF3_2008_41,,http://opencontext.org/subjects/67b642b7-c0ac-4ed7-fd60-4dc7e54861c5
222,42,2008,TSF,4,136.0,-30.0,TSF4_2008_42,,http://opencontext.org/subjects/03c2f519-5258-4880-c762-42673862ad9e
223,42,2008,TSF,4,139.0,-30.0,TSF4_2008_42,,http://opencontext.org/subjects/03c2f519-5258-4880-c762-42673862ad9e
224,42,2008,TSF,4,139.0,-37.0,TSF4_2008_42,,http://opencontext.org/subjects/03c2f519-5258-4880-c762-42673862ad9e
225,42,2008,TSF,4,136.0,-37.0,TSF4_2008_42,,http://opencontext.org/subjects/03c2f519-5258-4880-c762-42673862ad9e
226,43,2008,TSF,5,139.0,-32.0,TSF5_2008_43,,http://opencontext.org/subjects/751b3f35-088b-46b2-71e7-a555d058491d
227,43,2008,TSF,5,145.0,-32.0,TSF5_2008_43,,http://opencontext.org/subjects/751b3f35-088b-46b2-71e7-a555d058491d
228,43,2008,TSF,5,146.25,-33.0,TSF5_2008_43,,http://opencontext.org/subjects/751b3f35-088b-46b2-71e7-a555d058491d
229,43,2008,TSF,5,145.5,-34.75,TSF5_2008_43,,http://opencontext.org/subjects/751b3f35-088b-46b2-71e7-a555d058491d
230,43,2008,TSF,5,145.0,-34.625,TSF5_2008_43,,http://opencontext.org/subjects/751b3f35-088b-46b2-71e7-a555d058491d
231,43,2008,TSF,5,145.0,-36.0,TSF5_2008_43,,http://opencontext.org/subjects/751b3f35-088b-46b2-71e7-a555d058491d
232,43,2008,TSF,5,139.0,-36.0,TSF5_2008_43,,http://opencontext.org/subjects/751b3f35-088b-46b2-71e7-a555d058491d
233,44,2007,CA,55,-1.0,8.0,CA55_2007_44,,http://opencontext.org/subjects/5e429fd0-c205-4eb7-7e05-32d4b588e5e1
234,44,2007,CA,55,4.0,8.0,CA55_2007_44,,http://opencontext.org/subjects/5e429fd0-c205-4eb7-7e05-32d4b588e5e1
235,44,2007,CA,55,4.0,5.0,CA55_2007_44,,http://opencontext.org/subjects/5e429fd0-c205-4eb7-7e05-32d4b588e5e1
236,44,2007,CA,55,5.0,5.0,CA55_2007_44,,http://opencontext.org/subjects/5e429fd0-c205-4eb7-7e05-32d4b588e5e1
237,44,2007,CA,55,5.0,4.0,CA55_2007_44,,http://opencontext.org/subjects/5e429fd0-c205-4eb7-7e05-32d4b588e5e1
238,44,2007,CA,55,3.0,4.0,CA55_2007_44,,http://opencontext.org/subjects/5e429fd0-c205-4eb7-7e05-32d4b588e5e1
239,44,2007,CA,55,3.0,3.0,CA55_2007_44,,http://opencontext.org/subjects/5e429fd0-c205-4eb7-7e05-32d4b588e5e1
240,44,2007,CA,55,0.5,3.0,CA55_2007_44,,http://opencontext.org/subjects/5e429fd0-c205-4eb7-7e05-32d4b588e5e1
241,44,2007,CA,55,0.5,4.0,CA55_2007_44,,http://opencontext.org/subjects/5e429fd0-c205-4eb7-7e05-32d4b588e5e1
242,44,2007,CA,55,1.0,4.0,CA55_2007_44,,http://opencontext.org/subjects/5e429fd0-c205-4eb7-7e05-32d4b588e5e1
243,44,2007,CA,55,1.0,7.0,CA55_2007_44,,http://opencontext.org/subjects/5e429fd0-c205-4eb7-7e05-32d4b588e5e1
244,44,2007,CA,55,-1.0,7.0,CA55_2007_44,,http://opencontext.org/subjects/5e429fd0-c205-4eb7-7e05-32d4b588e5e1
245,45,2007,CA,56,5.0,13.0,CA56_2007_45,,http://opencontext.org/subjects/85c5376b-08b0-429a-f106-d9386fa457b3
246,45,2007,CA,56,5.0,18.0,CA56_2007_45,,http://opencontext.org/subjects/85c5376b-08b0-429a-f106-d9386fa457b3
247,45,2007,CA,56,1.0,18.0,CA56_2007_45,,http://opencontext.org/subjects/85c5376b-08b0-429a-f106-d9386fa457b3
248,45,2007,CA,56,1.0,12.0,CA56_2007_45,,http://opencontext.org/subjects/85c5376b-08b0-429a-f106-d9386fa457b3
249,45,2007,CA,56,3.0,12.0,CA56_2007_45,,http://opencontext.org/subjects/85c5376b-08b0-429a-f106-d9386fa457b3
250,45,2007,CA,56,3.0,13.0,CA56_2007_45,,http://opencontext.org/subjects/85c5376b-08b0-429a-f106-d9386fa457b3
251,46,2007,CA,57,6.0,18.0,CA57_2007_46,,http://opencontext.org/subjects/feb576a3-12de-4ae2-495d-87e662f23ff5
252,46,2007,CA,57,10.0,18.0,CA57_2007_46,,http://opencontext.org/subjects/feb576a3-12de-4ae2-495d-87e662f23ff5
253,46,2007,CA,57,10.0,14.0,CA57_2007_46,,http://opencontext.org/subjects/feb576a3-12de-4ae2-495d-87e662f23ff5
254,46,2007,CA,57,10.0,12.0,CA57_2007_46,,http://opencontext.org/subjects/feb576a3-12de-4ae2-495d-87e662f23ff5
255,46,2007,CA,57,8.0,12.0,CA57_2007_46,,http://opencontext.org/subjects/feb576a3-12de-4ae2-495d-87e662f23ff5
256,46,2007,CA,57,8.0,14.0,CA57_2007_46,,http://opencontext.org/subjects/feb576a3-12de-4ae2-495d-87e662f23ff5
257,46,2007,CA,57,6.0,14.0,CA57_2007_46,,http://opencontext.org/subjects/feb576a3-12de-4ae2-495d-87e662f23ff5
258,47,2007,CA,58,6.0,23.0,CA58_2007_47,,http://opencontext.org/subjects/5d60be1b-57a7-4f37-7ca1-11e57a73fb31
259,47,2007,CA,58,10.0,23.0,CA58_2007_47,,http://opencontext.org/subjects/5d60be1b-57a7-4f37-7ca1-11e57a73fb31
260,47,2007,CA,58,10.0,19.0,CA58_2007_47,,http://opencontext.org/subjects/5d60be1b-57a7-4f37-7ca1-11e57a73fb31
261,47,2007,CA,58,6.0,19.0,CA58_2007_47,,http://opencontext.org/subjects/5d60be1b-57a7-4f37-7ca1-11e57a73fb31
262,48,2007,CA,59,1.0,23.0,CA59_2007_48,,http://opencontext.org/subjects/c0c7b0e4-6135-4a2d-5e6b-1285190f271f
263,48,2007,CA,59,1.0,19.0,CA59_2007_48,,http://opencontext.org/subjects/c0c7b0e4-6135-4a2d-5e6b-1285190f271f
264,48,2007,CA,59,5.0,19.0,CA59_2007_48,,http://opencontext.org/subjects/c0c7b0e4-6135-4a2d-5e6b-1285190f271f
265,48,2007,CA,59,5.0,23.0,CA59_2007_48,,http://opencontext.org/subjects/c0c7b0e4-6135-4a2d-5e6b-1285190f271f
266,49,2007,CA,60,10.0,15.0,CA60_2007_49,,http://opencontext.org/subjects/78dc8ffd-d170-4ff7-1d02-ea0c85a4539c
267,49,2007,CA,60,12.5,15.0,CA60_2007_49,,http://opencontext.org/subjects/78dc8ffd-d170-4ff7-1d02-ea0c85a4539c
268,49,2007,CA,60,12.5,13.0,CA60_2007_49,,http://opencontext.org/subjects/78dc8ffd-d170-4ff7-1d02-ea0c85a4539c
269,49,2007,CA,60,10.0,13.0,CA60_2007_49,,http://opencontext.org/subjects/78dc8ffd-d170-4ff7-1d02-ea0c85a4539c
270,50,2007,CC,7,151.0,-93.0,CC7_2007_50,,http://opencontext.org/subjects/d5ff94f3-1d3c-4107-30d5-697c86409234
271,50,2007,CC,7,154.0,-93.0,CC7_2007_50,,http://opencontext.org/subjects/d5ff94f3-1d3c-4107-30d5-697c86409234
272,50,2007,CC,7,154.0,-97.0,CC7_2007_50,,http://opencontext.org/subjects/d5ff94f3-1d3c-4107-30d5-697c86409234
273,50,2007,CC,7,151.0,-97.0,CC7_2007_50,,http://opencontext.org/subjects/d5ff94f3-1d3c-4107-30d5-697c86409234
274,51,2007,CC,7,151.0,-93.0,CC7_2007_51,,
275,51,2007,CC,7,154.0,-93.0,CC7_2007_51,,
276,51,2007,CC,7,154.0,-97.0,CC7_2007_51,,
277,51,2007,CC,7,151.0,-97.0,CC7_2007_51,,
278,52,2007,CC,8,164.0,-93.0,CC8_2007_52,,http://opencontext.org/subjects/18dd4edd-cf3f-4829-a003-87afa4ed6742
279,52,2007,CC,8,164.0,-94.0,CC8_2007_52,,http://opencontext.org/subjects/18dd4edd-cf3f-4829-a003-87afa4ed6742
280,52,2007,CC,8,163.0,-94.0,CC8_2007_52,,http://opencontext.org/subjects/18dd4edd-cf3f-4829-a003-87afa4ed6742
281,52,2007,CC,8,163.0,-96.0,CC8_2007_52,,http://opencontext.org/subjects/18dd4edd-cf3f-4829-a003-87afa4ed6742
282,52,2007,CC,8,167.0,-96.0,CC8_2007_52,,http://opencontext.org/subjects/18dd4edd-cf3f-4829-a003-87afa4ed6742
283,52,2007,CC,8,167.0,-93.0,CC8_2007_52,,http://opencontext.org/subjects/18dd4edd-cf3f-4829-a003-87afa4ed6742
284,53,2007,T,45,185.0,-45.0,T45_2007_53,,http://opencontext.org/subjects/3aa9e720-0371-4443-5a40-5fe6a5e1dcae
285,53,2007,T,45,189.0,-45.0,T45_2007_53,,http://opencontext.org/subjects/3aa9e720-0371-4443-5a40-5fe6a5e1dcae
286,53,2007,T,45,189.0,-48.0,T45_2007_53,,http://opencontext.org/subjects/3aa9e720-0371-4443-5a40-5fe6a5e1dcae
287,53,2007,T,45,185.0,-48.0,T45_2007_53,,http://opencontext.org/subjects/3aa9e720-0371-4443-5a40-5fe6a5e1dcae
288,54,2007,T,46,188.0,-48.0,T46_2007_54,,http://opencontext.org/subjects/f5332a70-73be-4e87-ad91-08f0abf7bfb1
289,54,2007,T,46,192.0,-48.0,T46_2007_54,,http://opencontext.org/subjects/f5332a70-73be-4e87-ad91-08f0abf7bfb1
290,54,2007,T,46,192.0,-51.0,T46_2007_54,,http://opencontext.org/subjects/f5332a70-73be-4e87-ad91-08f0abf7bfb1
291,54,2007,T,46,188.0,-51.0,T46_2007_54,,http://opencontext.org/subjects/f5332a70-73be-4e87-ad91-08f0abf7bfb1
292,55,2007,T,47,180.0,-45.0,T47_2007_55,,http://opencontext.org/subjects/3e140b66-8309-4931-fef4-ad2fdf8d6291
293,55,2007,T,47,180.0,-49.0,T47_2007_55,,http://opencontext.org/subjects/3e140b66-8309-4931-fef4-ad2fdf8d6291
294,55,2007,T,47,184.0,-49.0,T47_2007_55,,http://opencontext.org/subjects/3e140b66-8309-4931-fef4-ad2fdf8d6291
295,55,2007,T,47,184.0,-48.0,T47_2007_55,,http://opencontext.org/subjects/3e140b66-8309-4931-fef4-ad2fdf8d6291
296,55,2007,T,47,182.0,-48.0,T47_2007_55,,http://opencontext.org/subjects/3e140b66-8309-4931-fef4-ad2fdf8d6291
297,55,2007,T,47,182.0,-45.0,T47_2007_55,,http://opencontext.org/subjects/3e140b66-8309-4931-fef4-ad2fdf8d6291
298,56,2005,CB,33,-89.0,-19.0,CB33_2005_56,,http://opencontext.org/subjects/e94e6618-a7fc-4aff-d004-69eeb3e8089a
299,56,2005,CB,33,-85.0,-18.0,CB33_2005_56,,http://opencontext.org/subjects/e94e6618-a7fc-4aff-d004-69eeb3e8089a
300,56,2005,CB,33,-83.0,-18.0,CB33_2005_56,,http://opencontext.org/subjects/e94e6618-a7fc-4aff-d004-69eeb3e8089a
301,56,2005,CB,33,-83.0,-20.0,CB33_2005_56,,http://opencontext.org/subjects/e94e6618-a7fc-4aff-d004-69eeb3e8089a
302,56,2005,CB,33,-84.0,-20.0,CB33_2005_56,,http://opencontext.org/subjects/e94e6618-a7fc-4aff-d004-69eeb3e8089a
303,56,2005,CB,33,-84.0,-24.0,CB33_2005_56,,http://opencontext.org/subjects/e94e6618-a7fc-4aff-d004-69eeb3e8089a
304,56,2005,CB,33,-89.0,-24.0,CB33_2005_56,,http://opencontext.org/subjects/e94e6618-a7fc-4aff-d004-69eeb3e8089a
305,57,2005,CB,34,-102.0,-37.0,CB34_2005_57,,http://opencontext.org/subjects/58fcc816-ff23-4890-06f6-db80719bff31
306,57,2005,CB,34,-97.0,-37.0,CB34_2005_57,,http://opencontext.org/subjects/58fcc816-ff23-4890-06f6-db80719bff31
307,57,2005,CB,34,-97.0,-43.0,CB34_2005_57,,http://opencontext.org/subjects/58fcc816-ff23-4890-06f6-db80719bff31
308,57,2005,CB,34,-102.0,-43.0,CB34_2005_57,,http://opencontext.org/subjects/58fcc816-ff23-4890-06f6-db80719bff31
309,58,2005,CD,11,240.6,-36.7,CD11_2005_58,,http://opencontext.org/subjects/9d2fd065-fa0f-4da3-21fe-a2d3ca02e320
310,58,2005,CD,11,240.4,-38.65,CD11_2005_58,,http://opencontext.org/subjects/9d2fd065-fa0f-4da3-21fe-a2d3ca02e320
311,58,2005,CD,11,244.1,-39.0,CD11_2005_58,,http://opencontext.org/subjects/9d2fd065-fa0f-4da3-21fe-a2d3ca02e320
312,58,2005,CD,11,244.4,-37.1,CD11_2005_58,,http://opencontext.org/subjects/9d2fd065-fa0f-4da3-21fe-a2d3ca02e320
313,59,2005,CD,11B,236.35,-40.4,CD11B_2005_59,,http://opencontext.org/subjects/e405152c-1036-49ae-0a8b-a621b66ec7ab
314,59,2005,CD,11B,240.3,-40.8,CD11B_2005_59,,http://opencontext.org/subjects/e405152c-1036-49ae-0a8b-a621b66ec7ab
315,59,2005,CD,11B,240.2,-42.8,CD11B_2005_59,,http://opencontext.org/subjects/e405152c-1036-49ae-0a8b-a621b66ec7ab
316,59,2005,CD,11B,236.1,-42.3,CD11B_2005_59,,http://opencontext.org/subjects/e405152c-1036-49ae-0a8b-a621b66ec7ab
317,60,2005,CD,11C,234.0,-43.0,CD11C_2005_60,,http://opencontext.org/subjects/98bc67d5-770b-4c37-3950-a33170eb3a4f
318,60,2005,CD,11C,238.0,-43.0,CD11C_2005_60,,http://opencontext.org/subjects/98bc67d5-770b-4c37-3950-a33170eb3a4f
319,60,2005,CD,11C,238.0,-46.0,CD11C_2005_60,,http://opencontext.org/subjects/98bc67d5-770b-4c37-3950-a33170eb3a4f
320,60,2005,CD,11C,234.0,-46.0,CD11C_2005_60,,http://opencontext.org/subjects/98bc67d5-770b-4c37-3950-a33170eb3a4f
321,61,2005,CD,12,244.9,-29.1,CD12_2005_61,,http://opencontext.org/subjects/7cf7d7eb-d71c-45dc-82ea-921cde5640b1
322,61,2005,CD,12,244.6,-33.1,CD12_2005_61,,http://opencontext.org/subjects/7cf7d7eb-d71c-45dc-82ea-921cde5640b1
323,61,2005,CD,12,248.6,-33.4,CD12_2005_61,,http://opencontext.org/subjects/7cf7d7eb-d71c-45dc-82ea-921cde5640b1
324,61,2005,CD,12,248.8,-29.4,CD12_2005_61,,http://opencontext.org/subjects/7cf7d7eb-d71c-45dc-82ea-921cde5640b1
325,62,2005,CD,12A,243.5,-23.4,CD12A_2005_62,,
326,62,2005,CD,12A,240.6,-23.6,CD12A_2005_62,,
327,62,2005,CD,12A,240.3,-26.6,CD12A_2005_62,,
328,62,2005,CD,12A,243.2,-26.4,CD12A_2005_62,,
329,63,2005,CD,12B,219.2,-11.1,CD12B_2005_63,,
330,63,2005,CD,12B,218.9,-13.45,CD12B_2005_63,,
331,63,2005,CD,12B,217.9,-13.3,CD12B_2005_63,,
332,63,2005,CD,12B,217.67,-15.2,CD12B_2005_63,,
333,63,2005,CD,12B,218.7,-15.5,CD12B_2005_63,,
334,63,2005,CD,12B,218.5,-16.3,CD12B_2005_63,,
335,63,2005,CD,12B,220.4,-16.5,CD12B_2005_63,,
336,63,2005,CD,12B,220.6,-15.5,CD12B_2005_63,,
337,63,2005,CD,12B,222.7,-15.9,CD12B_2005_63,,
338,63,2005,CD,12B,223.4,-10.9,CD12B_2005_63,,
339,63,2005,CD,12B,221.4,-10.5,CD12B_2005_63,,
340,63,2005,CD,12B,221.9,-11.6,CD12B_2005_63,,
341,64,2005,CD,12C,213.0,-13.5,CD12C_2005_64,,
342,64,2005,CD,12C,213.0,-15.5,CD12C_2005_64,,
343,64,2005,CD,12C,214.0,-15.5,CD12C_2005_64,,
344,64,2005,CD,12C,214.0,-13.5,CD12C_2005_64,,
345,65,2005,CD,12D,210.0,-13.5,CD12D_2005_65,,
346,65,2005,CD,12D,211.0,-13.5,CD12D_2005_65,,
347,65,2005,CD,12D,211.0,-15.5,CD12D_2005_65,,
348,65,2005,CD,12D,210.0,-15.5,CD12D_2005_65,,
349,66,2005,CD,12E,207.0,-13.5,CD12E_2005_66,,
350,66,2005,CD,12E,208.0,-13.5,CD12E_2005_66,,
351,66,2005,CD,12E,208.0,-16.5,CD12E_2005_66,,
352,66,2005,CD,12E,207.0,-16.5,CD12E_2005_66,,
353,67,2005,CD,12F,213.0,-18.5,CD12F_2005_67,,
354,67,2005,CD,12F,213.0,-20.5,CD12F_2005_67,,
355,67,2005,CD,12F,215.0,-20.5,CD12F_2005_67,,
356,67,2005,CD,12F,215.0,-18.5,CD12F_2005_67,,
357,68,2005,CD,13,247.2,-24.6,CD13_2005_68,,http://opencontext.org/subjects/9b688358-00f8-4091-e5d2-b2e0ab25adbc
358,68,2005,CD,13,248.1,-21.5,CD13_2005_68,,http://opencontext.org/subjects/9b688358-00f8-4091-e5d2-b2e0ab25adbc
359,68,2005,CD,13,251.3,-21.9,CD13_2005_68,,http://opencontext.org/subjects/9b688358-00f8-4091-e5d2-b2e0ab25adbc
360,68,2005,CD,13,251.6,-24.9,CD13_2005_68,,http://opencontext.org/subjects/9b688358-00f8-4091-e5d2-b2e0ab25adbc
361,69,2005,CD,13A,247.2,-24.6,CD13A_2005_69,,http://opencontext.org/subjects/f6b4b592-664a-47a0-a5b8-f77ef4a48149
362,69,2005,CD,13A,248.8,-24.9,CD13A_2005_69,,http://opencontext.org/subjects/f6b4b592-664a-47a0-a5b8-f77ef4a48149
363,69,2005,CD,13A,250.2,-27.6,CD13A_2005_69,,http://opencontext.org/subjects/f6b4b592-664a-47a0-a5b8-f77ef4a48149
364,69,2005,CD,13A,246.9,-27.9,CD13A_2005_69,,http://opencontext.org/subjects/f6b4b592-664a-47a0-a5b8-f77ef4a48149
365,70,2005,CD,14A,250.5,-42.3,CD14A_2005_70,,
366,70,2005,CD,14A,250.3,-44.3,CD14A_2005_70,,
367,70,2005,CD,14A,254.2,-44.7,CD14A_2005_70,,
368,70,2005,CD,14A,254.4,-42.6,CD14A_2005_70,,
369,71,2005,CD,14B,253.8,-50.7,CD14B_2005_71,,
370,71,2005,CD,14B,249.7,-50.3,CD14B_2005_71,,
371,71,2005,CD,14B,249.5,-52.3,CD14B_2005_71,,
372,71,2005,CD,14B,253.6,-52.7,CD14B_2005_71,,
373,72,2005,CD,14C,246.0,-63.0,CD14C_2005_72,,
374,72,2005,CD,14C,248.0,-63.0,CD14C_2005_72,,
375,72,2005,CD,14C,248.0,-65.0,CD14C_2005_72,,
376,72,2005,CD,14C,246.0,-65.0,CD14C_2005_72,,
377,73,2005,T,30G,177.0,-49.0,T30G_2005_73,,http://opencontext.org/subjects/8f23631e-6201-4092-e5be-5e7d536e2b35
378,73,2005,T,30G,177.0,-52.0,T30G_2005_73,,http://opencontext.org/subjects/8f23631e-6201-4092-e5be-5e7d536e2b35
379,73,2005,T,30G,181.6,-52.4,T30G_2005_73,,http://opencontext.org/subjects/8f23631e-6201-4092-e5be-5e7d536e2b35
380,73,2005,T,30G,181.6,-49.6,T30G_2005_73,,http://opencontext.org/subjects/8f23631e-6201-4092-e5be-5e7d536e2b35
381,74,2005,T,30F,180.0,-52.0,T30F_2005_74,,http://opencontext.org/subjects/234f8218-4d67-4887-659e-d14785bc0a20
382,74,2005,T,30F,182.0,-52.0,T30F_2005_74,,http://opencontext.org/subjects/234f8218-4d67-4887-659e-d14785bc0a20
383,74,2005,T,30F,182.0,-54.0,T30F_2005_74,,http://opencontext.org/subjects/234f8218-4d67-4887-659e-d14785bc0a20
384,74,2005,T,30F,180.0,-54.0,T30F_2005_74,,http://opencontext.org/subjects/234f8218-4d67-4887-659e-d14785bc0a20
385,75,2005,T,30D,182.0,-54.6,T30D_2005_75,,http://opencontext.org/subjects/1cd4609f-f5e5-4c2c-3df7-cdcb87cb019e
386,75,2005,T,30D,182.0,-52.0,T30D_2005_75,,http://opencontext.org/subjects/1cd4609f-f5e5-4c2c-3df7-cdcb87cb019e
387,75,2005,T,30D,185.0,-52.0,T30D_2005_75,,http://opencontext.org/subjects/1cd4609f-f5e5-4c2c-3df7-cdcb87cb019e
388,75,2005,T,30D,185.0,-55.3,T30D_2005_75,,http://opencontext.org/subjects/1cd4609f-f5e5-4c2c-3df7-cdcb87cb019e
389,76,2005,T,30H,182.0,-50.0,T30H_2005_76,,http://opencontext.org/subjects/d1359970-4965-4819-dc03-61a7a7e4a850
390,76,2005,T,30H,185.0,-50.0,T30H_2005_76,,http://opencontext.org/subjects/d1359970-4965-4819-dc03-61a7a7e4a850
391,76,2005,T,30H,185.0,-52.0,T30H_2005_76,,http://opencontext.org/subjects/d1359970-4965-4819-dc03-61a7a7e4a850
392,76,2005,T,30H,182.0,-52.0,T30H_2005_76,,http://opencontext.org/subjects/d1359970-4965-4819-dc03-61a7a7e4a850
393,77,2005,T,36,167.0,-52.0,T36_2005_77,,http://opencontext.org/subjects/2680d449-6312-48ae-ef0f-db25b67f7bfc
394,77,2005,T,36,171.0,-52.0,T36_2005_77,,http://opencontext.org/subjects/2680d449-6312-48ae-ef0f-db25b67f7bfc
395,77,2005,T,36,171.0,-56.0,T36_2005_77,,http://opencontext.org/subjects/2680d449-6312-48ae-ef0f-db25b67f7bfc
396,77,2005,T,36,167.0,-56.0,T36_2005_77,,http://opencontext.org/subjects/2680d449-6312-48ae-ef0f-db25b67f7bfc
397,78,2005,T,37,150.0,-52.0,T37_2005_78,,http://opencontext.org/subjects/c7e131a3-8be2-40e3-0ef2-c3ab65823b63
398,78,2005,T,37,150.0,-55.0,T37_2005_78,,http://opencontext.org/subjects/c7e131a3-8be2-40e3-0ef2-c3ab65823b63
399,78,2005,T,37,148.0,-55.0,T37_2005_78,,http://opencontext.org/subjects/c7e131a3-8be2-40e3-0ef2-c3ab65823b63
400,78,2005,T,37,148.0,-58.0,T37_2005_78,,http://opencontext.org/subjects/c7e131a3-8be2-40e3-0ef2-c3ab65823b63
401,78,2005,T,37,144.0,-58.0,T37_2005_78,,http://opencontext.org/subjects/c7e131a3-8be2-40e3-0ef2-c3ab65823b63
402,78,2005,T,37,144.0,-54.0,T37_2005_78,,http://opencontext.org/subjects/c7e131a3-8be2-40e3-0ef2-c3ab65823b63
403,78,2005,T,37,148.0,-54.0,T37_2005_78,,http://opencontext.org/subjects/c7e131a3-8be2-40e3-0ef2-c3ab65823b63
404,78,2005,T,37,148.0,-52.0,T37_2005_78,,http://opencontext.org/subjects/c7e131a3-8be2-40e3-0ef2-c3ab65823b63
405,79,2005,T,42A,202.0,-81.0,T42A_2005_79,,http://opencontext.org/subjects/7655e594-69c9-4438-1bed-5987f671d933
406,79,2005,T,42A,205.0,-81.0,T42A_2005_79,,http://opencontext.org/subjects/7655e594-69c9-4438-1bed-5987f671d933
407,79,2005,T,42A,205.0,-77.0,T42A_2005_79,,http://opencontext.org/subjects/7655e594-69c9-4438-1bed-5987f671d933
408,79,2005,T,42A,203.0,-77.0,T42A_2005_79,,http://opencontext.org/subjects/7655e594-69c9-4438-1bed-5987f671d933
409,79,2005,T,42A,203.0,-79.0,T42A_2005_79,,http://opencontext.org/subjects/7655e594-69c9-4438-1bed-5987f671d933
410,79,2005,T,42A,202.0,-79.0,T42A_2005_79,,http://opencontext.org/subjects/7655e594-69c9-4438-1bed-5987f671d933
411,80,2005,T,42B,207.0,-76.0,T42B_2005_80,,http://opencontext.org/subjects/6a9cf999-c6fa-42aa-8f2b-b07442fe2d44
412,80,2005,T,42B,209.0,-76.0,T42B_2005_80,,http://opencontext.org/subjects/6a9cf999-c6fa-42aa-8f2b-b07442fe2d44
413,80,2005,T,42B,209.0,-80.0,T42B_2005_80,,http://opencontext.org/subjects/6a9cf999-c6fa-42aa-8f2b-b07442fe2d44
414,80,2005,T,42B,206.0,-80.0,T42B_2005_80,,http://opencontext.org/subjects/6a9cf999-c6fa-42aa-8f2b-b07442fe2d44
415,80,2005,T,42B,206.0,-78.0,T42B_2005_80,,http://opencontext.org/subjects/6a9cf999-c6fa-42aa-8f2b-b07442fe2d44
416,80,2005,T,42B,207.0,-78.0,T42B_2005_80,,http://opencontext.org/subjects/6a9cf999-c6fa-42aa-8f2b-b07442fe2d44
417,81,2005,T,42C,207.0,-77.0,T42C_2005_81,,http://opencontext.org/subjects/337fe71e-94cd-4fb5-872f-b1678343b812
418,81,2005,T,42C,208.0,-77.0,T42C_2005_81,,http://opencontext.org/subjects/337fe71e-94cd-4fb5-872f-b1678343b812
419,81,2005,T,42C,208.0,-79.0,T42C_2005_81,,http://opencontext.org/subjects/337fe71e-94cd-4fb5-872f-b1678343b812
420,81,2005,T,42C,207.0,-79.0,T42C_2005_81,,http://opencontext.org/subjects/337fe71e-94cd-4fb5-872f-b1678343b812
421,82,2005,T,43A,222.0,-72.0,T43A_2005_82,,http://opencontext.org/subjects/ab14b22e-c5ac-42e1-2bd3-0d7362d6dc59
422,82,2005,T,43A,222.0,-67.0,T43A_2005_82,,http://opencontext.org/subjects/ab14b22e-c5ac-42e1-2bd3-0d7362d6dc59
423,82,2005,T,43A,224.0,-67.0,T43A_2005_82,,http://opencontext.org/subjects/ab14b22e-c5ac-42e1-2bd3-0d7362d6dc59
424,82,2005,T,43A,224.0,-72.0,T43A_2005_82,,http://opencontext.org/subjects/ab14b22e-c5ac-42e1-2bd3-0d7362d6dc59
425,83,2005,T,43B,222.0,-72.0,T43B_2005_83,,http://opencontext.org/subjects/04734348-d45b-4957-ba5a-4bb8d9690140
426,83,2005,T,43B,222.0,-76.0,T43B_2005_83,,http://opencontext.org/subjects/04734348-d45b-4957-ba5a-4bb8d9690140
427,83,2005,T,43B,224.0,-76.0,T43B_2005_83,,http://opencontext.org/subjects/04734348-d45b-4957-ba5a-4bb8d9690140
428,83,2005,T,43B,224.0,-72.0,T43B_2005_83,,http://opencontext.org/subjects/04734348-d45b-4957-ba5a-4bb8d9690140
429,84,2005,T,44,199.0,-89.0,T44_2005_84,,http://opencontext.org/subjects/99f94829-b4f3-44ce-8a9b-a8236becfbb4
430,84,2005,T,44,199.0,-92.0,T44_2005_84,,http://opencontext.org/subjects/99f94829-b4f3-44ce-8a9b-a8236becfbb4
431,84,2005,T,44,202.0,-91.0,T44_2005_84,,http://opencontext.org/subjects/99f94829-b4f3-44ce-8a9b-a8236becfbb4
432,84,2005,T,44,202.0,-88.0,T44_2005_84,,http://opencontext.org/subjects/99f94829-b4f3-44ce-8a9b-a8236becfbb4
433,85,2005,T,44A,198.5,-92.0,T44A_2005_85,,http://opencontext.org/subjects/34a37e52-6950-4ae8-fca8-3de56973b33e
434,85,2005,T,44A,201.5,-92.0,T44A_2005_85,,http://opencontext.org/subjects/34a37e52-6950-4ae8-fca8-3de56973b33e
435,85,2005,T,44A,201.5,-95.0,T44A_2005_85,,http://opencontext.org/subjects/34a37e52-6950-4ae8-fca8-3de56973b33e
436,85,2005,T,44A,198.5,-95.0,T44A_2005_85,,http://opencontext.org/subjects/34a37e52-6950-4ae8-fca8-3de56973b33e
437,86,2005,T,44C,198.5,-95.5,T44C_2005_86,,http://opencontext.org/subjects/8188ffaa-cfad-47d6-2a12-23e4ff5ddbfb
438,86,2005,T,44C,198.5,-98.5,T44C_2005_86,,http://opencontext.org/subjects/8188ffaa-cfad-47d6-2a12-23e4ff5ddbfb
439,86,2005,T,44C,201.5,-98.5,T44C_2005_86,,http://opencontext.org/subjects/8188ffaa-cfad-47d6-2a12-23e4ff5ddbfb
440,86,2005,T,44C,201.5,-95.5,T44C_2005_86,,http://opencontext.org/subjects/8188ffaa-cfad-47d6-2a12-23e4ff5ddbfb
441,87,2005,T,44D,202.0,-95.5,T44D_2005_87,,http://opencontext.org/subjects/a66d8905-2236-4d2a-3151-f0c49f59b660
442,87,2005,T,44D,205.0,-95.5,T44D_2005_87,,http://opencontext.org/subjects/a66d8905-2236-4d2a-3151-f0c49f59b660
443,87,2005,T,44D,205.0,-98.5,T44D_2005_87,,http://opencontext.org/subjects/a66d8905-2236-4d2a-3151-f0c49f59b660
444,87,2005,T,44D,202.0,-98.5,T44D_2005_87,,http://opencontext.org/subjects/a66d8905-2236-4d2a-3151-f0c49f59b660
445,88,2004,T,30A,177.0,-45.0,T30A_2004_88,,http://opencontext.org/subjects/150bd521-2e06-48c2-db8a-b4f53ac3d321
446,88,2004,T,30A,177.0,-49.0,T30A_2004_88,,http://opencontext.org/subjects/150bd521-2e06-48c2-db8a-b4f53ac3d321
447,88,2004,T,30A,180.0,-49.0,T30A_2004_88,,http://opencontext.org/subjects/150bd521-2e06-48c2-db8a-b4f53ac3d321
448,88,2004,T,30A,180.0,-45.0,T30A_2004_88,,http://opencontext.org/subjects/150bd521-2e06-48c2-db8a-b4f53ac3d321
449,89,2004,T,30B,182.0,-46.0,T30B_2004_89,,http://opencontext.org/subjects/8e1306df-0cf7-409f-403a-a7b74c3b6bde
450,89,2004,T,30B,182.0,-49.0,T30B_2004_89,,http://opencontext.org/subjects/8e1306df-0cf7-409f-403a-a7b74c3b6bde
451,89,2004,T,30B,185.0,-49.0,T30B_2004_89,,http://opencontext.org/subjects/8e1306df-0cf7-409f-403a-a7b74c3b6bde
452,89,2004,T,30B,185.0,-46.0,T30B_2004_89,,http://opencontext.org/subjects/8e1306df-0cf7-409f-403a-a7b74c3b6bde
453,90,2004,T,30C,177.0,-52.0,T30C_2004_90,,http://opencontext.org/subjects/7bb80569-aebf-4c8a-6f9f-581baf999de0
454,90,2004,T,30C,180.0,-52.0,T30C_2004_90,,http://opencontext.org/subjects/7bb80569-aebf-4c8a-6f9f-581baf999de0
455,90,2004,T,30C,180.0,-55.0,T30C_2004_90,,http://opencontext.org/subjects/7bb80569-aebf-4c8a-6f9f-581baf999de0
456,90,2004,T,30C,177.0,-55.0,T30C_2004_90,,http://opencontext.org/subjects/7bb80569-aebf-4c8a-6f9f-581baf999de0
457,91,2004,T,30D,182.0,-52.0,T30D_2004_91,,http://opencontext.org/subjects/7fc5291e-a036-4100-981b-3ee7decce097
458,91,2004,T,30D,182.0,-54.6,T30D_2004_91,,http://opencontext.org/subjects/7fc5291e-a036-4100-981b-3ee7decce097
459,91,2004,T,30D,185.0,-55.3,T30D_2004_91,,http://opencontext.org/subjects/7fc5291e-a036-4100-981b-3ee7decce097
460,91,2004,T,30D,185.0,-52.0,T30D_2004_91,,http://opencontext.org/subjects/7fc5291e-a036-4100-981b-3ee7decce097
461,92,2004,T,30E,178.0,-57.0,T30E_2004_92,,http://opencontext.org/subjects/2d8bb7cf-18f6-464b-213a-ada01818c70d
462,92,2004,T,30E,178.0,-60.0,T30E_2004_92,,http://opencontext.org/subjects/2d8bb7cf-18f6-464b-213a-ada01818c70d
463,92,2004,T,30E,176.0,-60.0,T30E_2004_92,,http://opencontext.org/subjects/2d8bb7cf-18f6-464b-213a-ada01818c70d
464,92,2004,T,30E,176.0,-57.0,T30E_2004_92,,http://opencontext.org/subjects/2d8bb7cf-18f6-464b-213a-ada01818c70d
465,93,2004,T,37A,144.0,-58.0,T37A_2004_93,,http://opencontext.org/subjects/e7c6b89a-0258-4a50-1487-c55ae8c4ed69
466,93,2004,T,37A,148.0,-58.0,T37A_2004_93,,http://opencontext.org/subjects/e7c6b89a-0258-4a50-1487-c55ae8c4ed69
467,93,2004,T,37A,148.0,-60.0,T37A_2004_93,,http://opencontext.org/subjects/e7c6b89a-0258-4a50-1487-c55ae8c4ed69
468,93,2004,T,37A,144.0,-60.0,T37A_2004_93,,http://opencontext.org/subjects/e7c6b89a-0258-4a50-1487-c55ae8c4ed69
469,93,2004,T,37A,144.0,-59.0,T37A_2004_93,,http://opencontext.org/subjects/e7c6b89a-0258-4a50-1487-c55ae8c4ed69
470,93,2004,T,37A,143.0,-59.0,T37A_2004_93,,http://opencontext.org/subjects/e7c6b89a-0258-4a50-1487-c55ae8c4ed69
471,93,2004,T,37A,143.0,-61.0,T37A_2004_93,,http://opencontext.org/subjects/e7c6b89a-0258-4a50-1487-c55ae8c4ed69
472,93,2004,T,37A,145.0,-61.0,T37A_2004_93,,http://opencontext.org/subjects/e7c6b89a-0258-4a50-1487-c55ae8c4ed69
473,93,2004,T,37A,145.0,-60.0,T37A_2004_93,,http://opencontext.org/subjects/e7c6b89a-0258-4a50-1487-c55ae8c4ed69
474,94,2004,T,37B,144.0,-55.0,T37B_2004_94,,http://opencontext.org/subjects/b229a46d-ed3d-41a0-d64f-2e5855703e0b
475,94,2004,T,37B,144.0,-57.0,T37B_2004_94,,http://opencontext.org/subjects/b229a46d-ed3d-41a0-d64f-2e5855703e0b
476,94,2004,T,37B,148.0,-57.0,T37B_2004_94,,http://opencontext.org/subjects/b229a46d-ed3d-41a0-d64f-2e5855703e0b
477,94,2004,T,37B,148.0,-55.0,T37B_2004_94,,http://opencontext.org/subjects/b229a46d-ed3d-41a0-d64f-2e5855703e0b
478,95,2004,T,37C,148.0,-52.0,T37C_2004_95,,http://opencontext.org/subjects/a35a67aa-2832-415e-f7be-3b051444e665
479,95,2004,T,37C,144.0,-52.0,T37C_2004_95,,http://opencontext.org/subjects/a35a67aa-2832-415e-f7be-3b051444e665
480,95,2004,T,37C,144.0,-54.0,T37C_2004_95,,http://opencontext.org/subjects/a35a67aa-2832-415e-f7be-3b051444e665
481,95,2004,T,37C,148.0,-54.0,T37C_2004_95,,http://opencontext.org/subjects/a35a67aa-2832-415e-f7be-3b051444e665
482,96,2004,T,40A,202.0,-86.0,T40A_2004_96,,http://opencontext.org/subjects/9d0d7d58-a751-4cc7-ef3d-5318d9d16e47
483,96,2004,T,40A,204.0,-86.0,T40A_2004_96,,http://opencontext.org/subjects/9d0d7d58-a751-4cc7-ef3d-5318d9d16e47
484,96,2004,T,40A,204.0,-89.0,T40A_2004_96,,http://opencontext.org/subjects/9d0d7d58-a751-4cc7-ef3d-5318d9d16e47
485,96,2004,T,40A,202.0,-89.0,T40A_2004_96,,http://opencontext.org/subjects/9d0d7d58-a751-4cc7-ef3d-5318d9d16e47
486,97,2004,T,40B,202.0,-87.0,T40B_2004_97,,http://opencontext.org/subjects/20bef152-ba8b-4a08-57d7-baadd30a7248
487,97,2004,T,40B,204.0,-87.0,T40B_2004_97,,http://opencontext.org/subjects/20bef152-ba8b-4a08-57d7-baadd30a7248
488,97,2004,T,40B,204.0,-91.0,T40B_2004_97,,http://opencontext.org/subjects/20bef152-ba8b-4a08-57d7-baadd30a7248
489,97,2004,T,40B,202.0,-91.0,T40B_2004_97,,http://opencontext.org/subjects/20bef152-ba8b-4a08-57d7-baadd30a7248
490,98,2004,T,41A,222.0,-54.0,T41A_2004_98,,http://opencontext.org/subjects/00f368ce-aff2-43ca-489a-84a0ec2dff8c
491,98,2004,T,41A,224.0,-54.0,T41A_2004_98,,http://opencontext.org/subjects/00f368ce-aff2-43ca-489a-84a0ec2dff8c
492,98,2004,T,41A,224.0,-55.0,T41A_2004_98,,http://opencontext.org/subjects/00f368ce-aff2-43ca-489a-84a0ec2dff8c
493,98,2004,T,41A,226.0,-55.0,T41A_2004_98,,http://opencontext.org/subjects/00f368ce-aff2-43ca-489a-84a0ec2dff8c
494,98,2004,T,41A,226.0,-57.0,T41A_2004_98,,http://opencontext.org/subjects/00f368ce-aff2-43ca-489a-84a0ec2dff8c
495,98,2004,T,41A,223.0,-57.0,T41A_2004_98,,http://opencontext.org/subjects/00f368ce-aff2-43ca-489a-84a0ec2dff8c
496,98,2004,T,41A,223.0,-56.0,T41A_2004_98,,http://opencontext.org/subjects/00f368ce-aff2-43ca-489a-84a0ec2dff8c
497,98,2004,T,41A,222.0,-56.0,T41A_2004_98,,http://opencontext.org/subjects/00f368ce-aff2-43ca-489a-84a0ec2dff8c
498,99,2004,T,41B,228.0,-52.0,T41B_2004_99,,http://opencontext.org/subjects/a386907e-c61d-4ac4-068d-77f3d2adfa3e
499,99,2004,T,41B,230.0,-52.0,T41B_2004_99,,http://opencontext.org/subjects/a386907e-c61d-4ac4-068d-77f3d2adfa3e
500,99,2004,T,41B,230.0,-55.0,T41B_2004_99,,http://opencontext.org/subjects/a386907e-c61d-4ac4-068d-77f3d2adfa3e
501,99,2004,T,41B,228.0,-55.0,T41B_2004_99,,http://opencontext.org/subjects/a386907e-c61d-4ac4-068d-77f3d2adfa3e
502,100,2003,CA,54,19.0,0.0,CA54_2003_100,,http://opencontext.org/subjects/7e17dfbb-8f0f-4a19-3f74-f9268fbd6813
503,100,2003,CA,54,19.0,-3.0,CA54_2003_100,,http://opencontext.org/subjects/7e17dfbb-8f0f-4a19-3f74-f9268fbd6813
504,100,2003,CA,54,22.0,-3.0,CA54_2003_100,,http://opencontext.org/subjects/7e17dfbb-8f0f-4a19-3f74-f9268fbd6813
505,100,2003,CA,54,22.0,0.0,CA54_2003_100,,http://opencontext.org/subjects/7e17dfbb-8f0f-4a19-3f74-f9268fbd6813
506,101,2003,T,28_North,192.0,-80.0,T28_North_2003_101,,
507,101,2003,T,28_North,193.4,-80.47,T28_North_2003_101,,
508,101,2003,T,28_North,193.36,-84.16,T28_North_2003_101,,
509,101,2003,T,28_North,195.27,-84.13,T28_North_2003_101,,
510,101,2003,T,28_North,195.34,-85.34,T28_North_2003_101,,
511,101,2003,T,28_North,192.0,-85.25,T28_North_2003_101,,
512,102,2003,T,30,182.0,-52.0,T30_2003_102,,http://opencontext.org/subjects/4b45d8c9-af08-4518-1e80-321d2dbdb074
513,102,2003,T,30,182.0,-49.0,T30_2003_102,,http://opencontext.org/subjects/4b45d8c9-af08-4518-1e80-321d2dbdb074
514,102,2003,T,30,178.0,-49.0,T30_2003_102,,http://opencontext.org/subjects/4b45d8c9-af08-4518-1e80-321d2dbdb074
515,102,2003,T,30,178.0,-52.0,T30_2003_102,,http://opencontext.org/subjects/4b45d8c9-af08-4518-1e80-321d2dbdb074
516,103,2003,T,31,180.0,-58.0,T31_2003_103,,http://opencontext.org/subjects/6b8c2c81-b703-4d15-f23e-50a38dd4a387
517,103,2003,T,31,180.0,-55.0,T31_2003_103,,http://opencontext.org/subjects/6b8c2c81-b703-4d15-f23e-50a38dd4a387
518,103,2003,T,31,178.0,-55.0,T31_2003_103,,http://opencontext.org/subjects/6b8c2c81-b703-4d15-f23e-50a38dd4a387
519,103,2003,T,31,178.0,-58.0,T31_2003_103,,http://opencontext.org/subjects/6b8c2c81-b703-4d15-f23e-50a38dd4a387
520,104,2003,T,32,167.0,-58.5,T32_2003_104,,http://opencontext.org/subjects/4bc62d10-69d8-49db-2ca9-7c3dfd74e0c8
521,104,2003,T,32,168.0,-58.5,T32_2003_104,,http://opencontext.org/subjects/4bc62d10-69d8-49db-2ca9-7c3dfd74e0c8
522,104,2003,T,32,169.0,-58.5,T32_2003_104,,http://opencontext.org/subjects/4bc62d10-69d8-49db-2ca9-7c3dfd74e0c8
523,104,2003,T,32,170.0,-58.5,T32_2003_104,,http://opencontext.org/subjects/4bc62d10-69d8-49db-2ca9-7c3dfd74e0c8
524,104,2003,T,32,170.0,-59.5,T32_2003_104,,http://opencontext.org/subjects/4bc62d10-69d8-49db-2ca9-7c3dfd74e0c8
525,104,2003,T,32,170.0,-60.5,T32_2003_104,,http://opencontext.org/subjects/4bc62d10-69d8-49db-2ca9-7c3dfd74e0c8
526,104,2003,T,32,169.0,-60.5,T32_2003_104,,http://opencontext.org/subjects/4bc62d10-69d8-49db-2ca9-7c3dfd74e0c8
527,104,2003,T,32,168.0,-60.5,T32_2003_104,,http://opencontext.org/subjects/4bc62d10-69d8-49db-2ca9-7c3dfd74e0c8
528,104,2003,T,32,167.0,-60.5,T32_2003_104,,http://opencontext.org/subjects/4bc62d10-69d8-49db-2ca9-7c3dfd74e0c8
529,104,2003,T,32,167.0,-59.5,T32_2003_104,,http://opencontext.org/subjects/4bc62d10-69d8-49db-2ca9-7c3dfd74e0c8
530,105,2003,T,33,161.0,-58.5,T33_2003_105,,http://opencontext.org/subjects/8d224fcc-d368-4993-bc69-a4edcbca60d4
531,105,2003,T,33,161.0,-60.5,T33_2003_105,,http://opencontext.org/subjects/8d224fcc-d368-4993-bc69-a4edcbca60d4
532,105,2003,T,33,164.0,-60.5,T33_2003_105,,http://opencontext.org/subjects/8d224fcc-d368-4993-bc69-a4edcbca60d4
533,105,2003,T,33,164.0,-58.5,T33_2003_105,,http://opencontext.org/subjects/8d224fcc-d368-4993-bc69-a4edcbca60d4
534,106,2003,T,34,144.5,-48.0,T34_2003_106,,http://opencontext.org/subjects/ac6dfaf1-8e69-480d-a687-afda354fcff5
535,106,2003,T,34,148.5,-48.0,T34_2003_106,,http://opencontext.org/subjects/ac6dfaf1-8e69-480d-a687-afda354fcff5
536,106,2003,T,34,148.5,-50.0,T34_2003_106,,http://opencontext.org/subjects/ac6dfaf1-8e69-480d-a687-afda354fcff5
537,106,2003,T,34,144.5,-50.0,T34_2003_106,,http://opencontext.org/subjects/ac6dfaf1-8e69-480d-a687-afda354fcff5
538,107,2003,T,35,145.0,-44.0,T35_2003_107,,http://opencontext.org/subjects/11e97c36-9cc5-4616-3c82-771e1ef62bd9
539,107,2003,T,35,145.0,-39.0,T35_2003_107,,http://opencontext.org/subjects/11e97c36-9cc5-4616-3c82-771e1ef62bd9
540,107,2003,T,35,145.0,-36.5,T35_2003_107,,http://opencontext.org/subjects/11e97c36-9cc5-4616-3c82-771e1ef62bd9
541,107,2003,T,35,148.0,-36.5,T35_2003_107,,http://opencontext.org/subjects/11e97c36-9cc5-4616-3c82-771e1ef62bd9
542,107,2003,T,35,150.0,-39.0,T35_2003_107,,http://opencontext.org/subjects/11e97c36-9cc5-4616-3c82-771e1ef62bd9
543,107,2003,T,35,150.0,-42.0,T35_2003_107,,http://opencontext.org/subjects/11e97c36-9cc5-4616-3c82-771e1ef62bd9
544,107,2003,T,35,150.5,-42.0,T35_2003_107,,http://opencontext.org/subjects/11e97c36-9cc5-4616-3c82-771e1ef62bd9
545,107,2003,T,35,150.5,-44.0,T35_2003_107,,http://opencontext.org/subjects/11e97c36-9cc5-4616-3c82-771e1ef62bd9
546,108,2003,TNF,1,30.2,156.0,TNF1_2003_108,,http://opencontext.org/subjects/aab28e39-cebe-455c-f495-cf7b408971fe
547,108,2003,TNF,1,30.2,150.0,TNF1_2003_108,,http://opencontext.org/subjects/aab28e39-cebe-455c-f495-cf7b408971fe
548,108,2003,TNF,1,36.2,150.0,TNF1_2003_108,,http://opencontext.org/subjects/aab28e39-cebe-455c-f495-cf7b408971fe
549,108,2003,TNF,1,36.2,156.0,TNF1_2003_108,,http://opencontext.org/subjects/aab28e39-cebe-455c-f495-cf7b408971fe
550,109,2003,TNF,1,30.2,156.0,TNF1_2003_109,,
551,109,2003,TNF,1,30.2,150.0,TNF1_2003_109,,
552,109,2003,TNF,1,36.2,150.0,TNF1_2003_109,,
553,109,2003,TNF,1,36.2,156.0,TNF1_2003_109,,
554,110,2003,TST,1,193.0,92.0,TST1_2003_110,,http://opencontext.org/subjects/d68ce259-7e7b-4ae4-590a-4e5ea96265fc
555,110,2003,TST,1,193.0,97.0,TST1_2003_110,,http://opencontext.org/subjects/d68ce259-7e7b-4ae4-590a-4e5ea96265fc
556,110,2003,TST,1,198.0,97.0,TST1_2003_110,,http://opencontext.org/subjects/d68ce259-7e7b-4ae4-590a-4e5ea96265fc
557,110,2003,TST,1,198.0,92.0,TST1_2003_110,,http://opencontext.org/subjects/d68ce259-7e7b-4ae4-590a-4e5ea96265fc
558,111,2002,T,28_South,192.0,-86.0,T28_South_2002_111,,
559,111,2002,T,28_South,194.0,-86.0,T28_South_2002_111,,
560,111,2002,T,28_South,194.0,-87.0,T28_South_2002_111,,
561,111,2002,T,28_South,194.0,-88.0,T28_South_2002_111,,
562,111,2002,T,28_South,194.0,-89.0,T28_South_2002_111,,
563,111,2002,T,28_South,192.0,-89.0,T28_South_2002_111,,
564,112,2002,T,29,175.0,-79.0,T29_2002_112,,http://opencontext.org/subjects/2f24bd3f-2e57-4645-e593-7ba1db674321
565,112,2002,T,29,175.0,-83.0,T29_2002_112,,http://opencontext.org/subjects/2f24bd3f-2e57-4645-e593-7ba1db674321
566,112,2002,T,29,177.0,-83.0,T29_2002_112,,http://opencontext.org/subjects/2f24bd3f-2e57-4645-e593-7ba1db674321
567,112,2002,T,29,177.0,-79.0,T29_2002_112,,http://opencontext.org/subjects/2f24bd3f-2e57-4645-e593-7ba1db674321
568,113,2001,CA,48,55.0,46.0,CA48_2001_113,,http://opencontext.org/subjects/c334ab97-3c6f-4d01-ba1d-c245a73ede34
569,113,2001,CA,48,51.0,46.0,CA48_2001_113,,http://opencontext.org/subjects/c334ab97-3c6f-4d01-ba1d-c245a73ede34
570,113,2001,CA,48,51.0,42.0,CA48_2001_113,,http://opencontext.org/subjects/c334ab97-3c6f-4d01-ba1d-c245a73ede34
571,113,2001,CA,48,55.0,42.0,CA48_2001_113,,http://opencontext.org/subjects/c334ab97-3c6f-4d01-ba1d-c245a73ede34
572,114,2001,CB,32,-70.0,-42.0,CB32_2001_114,,http://opencontext.org/subjects/658b0f2f-0b65-4013-75e5-0056683d0ac8
573,114,2001,CB,32,-72.0,-42.0,CB32_2001_114,,http://opencontext.org/subjects/658b0f2f-0b65-4013-75e5-0056683d0ac8
574,114,2001,CB,32,-72.0,-38.0,CB32_2001_114,,http://opencontext.org/subjects/658b0f2f-0b65-4013-75e5-0056683d0ac8
575,114,2001,CB,32,-76.0,-38.0,CB32_2001_114,,http://opencontext.org/subjects/658b0f2f-0b65-4013-75e5-0056683d0ac8
576,114,2001,CB,32,-76.0,-36.5,CB32_2001_114,,http://opencontext.org/subjects/658b0f2f-0b65-4013-75e5-0056683d0ac8
577,114,2001,CB,32,-80.0,-36.5,CB32_2001_114,,http://opencontext.org/subjects/658b0f2f-0b65-4013-75e5-0056683d0ac8
578,114,2001,CB,32,-80.0,-31.0,CB32_2001_114,,http://opencontext.org/subjects/658b0f2f-0b65-4013-75e5-0056683d0ac8
579,114,2001,CB,32,-78.0,-31.0,CB32_2001_114,,http://opencontext.org/subjects/658b0f2f-0b65-4013-75e5-0056683d0ac8
580,114,2001,CB,32,-78.0,-34.0,CB32_2001_114,,http://opencontext.org/subjects/658b0f2f-0b65-4013-75e5-0056683d0ac8
581,114,2001,CB,32,-75.0,-34.0,CB32_2001_114,,http://opencontext.org/subjects/658b0f2f-0b65-4013-75e5-0056683d0ac8
582,114,2001,CB,32,-75.0,-36.0,CB32_2001_114,,http://opencontext.org/subjects/658b0f2f-0b65-4013-75e5-0056683d0ac8
583,114,2001,CB,32,-74.0,-36.0,CB32_2001_114,,http://opencontext.org/subjects/658b0f2f-0b65-4013-75e5-0056683d0ac8
584,114,2001,CB,32,-74.0,-34.0,CB32_2001_114,,http://opencontext.org/subjects/658b0f2f-0b65-4013-75e5-0056683d0ac8
585,114,2001,CB,32,-72.0,-34.0,CB32_2001_114,,http://opencontext.org/subjects/658b0f2f-0b65-4013-75e5-0056683d0ac8
586,114,2001,CB,32,-72.0,-32.0,CB32_2001_114,,http://opencontext.org/subjects/658b0f2f-0b65-4013-75e5-0056683d0ac8
587,114,2001,CB,32,-70.0,-32.0,CB32_2001_114,,http://opencontext.org/subjects/658b0f2f-0b65-4013-75e5-0056683d0ac8
588,114,2001,CB,32,-70.0,-36.0,CB32_2001_114,,http://opencontext.org/subjects/658b0f2f-0b65-4013-75e5-0056683d0ac8
589,114,2001,CB,32,-67.0,-36.0,CB32_2001_114,,http://opencontext.org/subjects/658b0f2f-0b65-4013-75e5-0056683d0ac8
590,114,2001,CB,32,-67.0,-38.0,CB32_2001_114,,http://opencontext.org/subjects/658b0f2f-0b65-4013-75e5-0056683d0ac8
591,114,2001,CB,32,-70.0,-38.0,CB32_2001_114,,http://opencontext.org/subjects/658b0f2f-0b65-4013-75e5-0056683d0ac8
592,115,2001,CD,9,272.0,-272.0,CD9_2001_115,,http://opencontext.org/subjects/c7eac347-78b3-4fc2-16e2-561acba7d836
593,115,2001,CD,9,272.0,-274.0,CD9_2001_115,,http://opencontext.org/subjects/c7eac347-78b3-4fc2-16e2-561acba7d836
594,115,2001,CD,9,274.0,-274.0,CD9_2001_115,,http://opencontext.org/subjects/c7eac347-78b3-4fc2-16e2-561acba7d836
595,115,2001,CD,9,274.0,-272.0,CD9_2001_115,,http://opencontext.org/subjects/c7eac347-78b3-4fc2-16e2-561acba7d836
596,116,2001,CD,9,278.0,-272.0,CD9_2001_116,,http://opencontext.org/subjects/6b98f59b-d05f-4b47-0761-e13ee798c019
597,116,2001,CD,9,278.0,-274.0,CD9_2001_116,,http://opencontext.org/subjects/6b98f59b-d05f-4b47-0761-e13ee798c019
598,116,2001,CD,9,280.0,-274.0,CD9_2001_116,,http://opencontext.org/subjects/6b98f59b-d05f-4b47-0761-e13ee798c019
599,116,2001,CD,9,280.0,-272.0,CD9_2001_116,,http://opencontext.org/subjects/6b98f59b-d05f-4b47-0761-e13ee798c019
600,117,2001,CD,9,275.0,-273.0,CD9_2001_117,,http://opencontext.org/subjects/5376a5d0-b805-4cee-490f-78a659777449
601,117,2001,CD,9,277.0,-273.0,CD9_2001_117,,http://opencontext.org/subjects/5376a5d0-b805-4cee-490f-78a659777449
602,117,2001,CD,9,277.0,-275.0,CD9_2001_117,,http://opencontext.org/subjects/5376a5d0-b805-4cee-490f-78a659777449
603,117,2001,CD,9,279.0,-275.0,CD9_2001_117,,http://opencontext.org/subjects/5376a5d0-b805-4cee-490f-78a659777449
604,117,2001,CD,9,279.0,-276.0,CD9_2001_117,,http://opencontext.org/subjects/5376a5d0-b805-4cee-490f-78a659777449
605,117,2001,CD,9,280.0,-276.0,CD9_2001_117,,http://opencontext.org/subjects/5376a5d0-b805-4cee-490f-78a659777449
606,117,2001,CD,9,280.0,-277.0,CD9_2001_117,,http://opencontext.org/subjects/5376a5d0-b805-4cee-490f-78a659777449
607,117,2001,CD,9,279.0,-277.0,CD9_2001_117,,http://opencontext.org/subjects/5376a5d0-b805-4cee-490f-78a659777449
608,117,2001,CD,9,279.0,-278.0,CD9_2001_117,,http://opencontext.org/subjects/5376a5d0-b805-4cee-490f-78a659777449
609,117,2001,CD,9,275.0,-278.0,CD9_2001_117,,http://opencontext.org/subjects/5376a5d0-b805-4cee-490f-78a659777449
610,118,2001,T,9,215.0,13.0,T9_2001_118,,http://opencontext.org/subjects/bf820055-f9bb-4c0b-f214-9495e60b7161
611,118,2001,T,9,217.0,13.0,T9_2001_118,,http://opencontext.org/subjects/bf820055-f9bb-4c0b-f214-9495e60b7161
612,118,2001,T,9,217.0,14.5,T9_2001_118,,http://opencontext.org/subjects/bf820055-f9bb-4c0b-f214-9495e60b7161
613,118,2001,T,9,215.0,14.5,T9_2001_118,,http://opencontext.org/subjects/bf820055-f9bb-4c0b-f214-9495e60b7161
614,119,2001,T,18,173.0,35.0,T18_2001_119,,http://opencontext.org/subjects/0ac6b338-54ba-41fb-d5d8-59d8227ac31c
615,119,2001,T,18,170.0,35.0,T18_2001_119,,http://opencontext.org/subjects/0ac6b338-54ba-41fb-d5d8-59d8227ac31c
616,119,2001,T,18,170.0,33.0,T18_2001_119,,http://opencontext.org/subjects/0ac6b338-54ba-41fb-d5d8-59d8227ac31c
617,119,2001,T,18,168.0,33.0,T18_2001_119,,http://opencontext.org/subjects/0ac6b338-54ba-41fb-d5d8-59d8227ac31c
618,119,2001,T,18,168.0,30.5,T18_2001_119,,http://opencontext.org/subjects/0ac6b338-54ba-41fb-d5d8-59d8227ac31c
619,119,2001,T,18,170.0,30.5,T18_2001_119,,http://opencontext.org/subjects/0ac6b338-54ba-41fb-d5d8-59d8227ac31c
620,119,2001,T,18,170.0,29.5,T18_2001_119,,http://opencontext.org/subjects/0ac6b338-54ba-41fb-d5d8-59d8227ac31c
621,119,2001,T,18,171.0,29.5,T18_2001_119,,http://opencontext.org/subjects/0ac6b338-54ba-41fb-d5d8-59d8227ac31c
622,119,2001,T,18,171.0,30.5,T18_2001_119,,http://opencontext.org/subjects/0ac6b338-54ba-41fb-d5d8-59d8227ac31c
623,119,2001,T,18,173.0,30.5,T18_2001_119,,http://opencontext.org/subjects/0ac6b338-54ba-41fb-d5d8-59d8227ac31c
624,120,2001,T,21,160.0,-50.0,T21_2001_120,,http://opencontext.org/subjects/30114327-f531-4d7d-2906-a91b80c2a595
625,120,2001,T,21,160.0,-54.0,T21_2001_120,,http://opencontext.org/subjects/30114327-f531-4d7d-2906-a91b80c2a595
626,120,2001,T,21,162.0,-54.0,T21_2001_120,,http://opencontext.org/subjects/30114327-f531-4d7d-2906-a91b80c2a595
627,120,2001,T,21,162.0,-52.0,T21_2001_120,,http://opencontext.org/subjects/30114327-f531-4d7d-2906-a91b80c2a595
628,120,2001,T,21,164.0,-52.0,T21_2001_120,,http://opencontext.org/subjects/30114327-f531-4d7d-2906-a91b80c2a595
629,120,2001,T,21,164.0,-50.0,T21_2001_120,,http://opencontext.org/subjects/30114327-f531-4d7d-2906-a91b80c2a595
630,120,2001,T,21,160.0,-50.0,T21_2001_120,,http://opencontext.org/subjects/30114327-f531-4d7d-2906-a91b80c2a595
631,121,2001,T,26_South_Ext,186.0,-54.0,T26_South_Ext_2001_121,,
632,121,2001,T,26_South_Ext,186.0,-55.3,T26_South_Ext_2001_121,,
633,121,2001,T,26_South_Ext,189.0,-56.0,T26_South_Ext_2001_121,,
634,121,2001,T,26_South_Ext,189.0,-54.0,T26_South_Ext_2001_121,,
635,122,2001,T,28_South,195.0,-88.0,T28_South_2001_122,,
636,122,2001,T,28_South,199.0,-88.0,T28_South_2001_122,,
637,122,2001,T,28_South,199.0,-91.0,T28_South_2001_122,,
638,122,2001,T,28_South,195.0,-91.0,T28_South_2001_122,,
639,123,2001,T,28_North,195.0,-77.0,T28_North_2001_123,,
640,123,2001,T,28_North,195.0,-82.0,T28_North_2001_123,,
641,123,2001,T,28_North,199.0,-82.0,T28_North_2001_123,,
642,123,2001,T,28_North,199.0,-77.0,T28_North_2001_123,,
643,124,2000,CA,43,-10.0,-8.0,CA43_2000_124,,http://opencontext.org/subjects/136a7cdf-13d8-4bad-4e71-01cb93c4056f
644,124,2000,CA,43,-10.0,-4.5,CA43_2000_124,,http://opencontext.org/subjects/136a7cdf-13d8-4bad-4e71-01cb93c4056f
645,124,2000,CA,43,-7.0,-5.9,CA43_2000_124,,http://opencontext.org/subjects/136a7cdf-13d8-4bad-4e71-01cb93c4056f
646,124,2000,CA,43,-7.0,-8.0,CA43_2000_124,,http://opencontext.org/subjects/136a7cdf-13d8-4bad-4e71-01cb93c4056f
647,125,2000,CA,44,-16.0,-2.0,CA44_2000_125,,http://opencontext.org/subjects/3b24ea00-ca9e-4762-52a2-5a170bce1402
648,125,2000,CA,44,-16.0,-6.0,CA44_2000_125,,http://opencontext.org/subjects/3b24ea00-ca9e-4762-52a2-5a170bce1402
649,125,2000,CA,44,-14.0,-6.0,CA44_2000_125,,http://opencontext.org/subjects/3b24ea00-ca9e-4762-52a2-5a170bce1402
650,125,2000,CA,44,-14.0,-8.0,CA44_2000_125,,http://opencontext.org/subjects/3b24ea00-ca9e-4762-52a2-5a170bce1402
651,125,2000,CA,44,-11.0,-8.0,CA44_2000_125,,http://opencontext.org/subjects/3b24ea00-ca9e-4762-52a2-5a170bce1402
652,125,2000,CA,44,-11.0,-4.0,CA44_2000_125,,http://opencontext.org/subjects/3b24ea00-ca9e-4762-52a2-5a170bce1402
653,125,2000,CA,44,-14.0,-4.0,CA44_2000_125,,http://opencontext.org/subjects/3b24ea00-ca9e-4762-52a2-5a170bce1402
654,125,2000,CA,44,-14.0,-2.0,CA44_2000_125,,http://opencontext.org/subjects/3b24ea00-ca9e-4762-52a2-5a170bce1402
655,126,2000,CA,45,-16.0,-4.0,CA45_2000_126,,http://opencontext.org/subjects/77830f25-f564-4094-19b9-7db8aba08945
656,126,2000,CA,45,-16.0,-7.0,CA45_2000_126,,http://opencontext.org/subjects/77830f25-f564-4094-19b9-7db8aba08945
657,126,2000,CA,45,-19.0,-7.0,CA45_2000_126,,http://opencontext.org/subjects/77830f25-f564-4094-19b9-7db8aba08945
658,126,2000,CA,45,-19.0,-4.0,CA45_2000_126,,http://opencontext.org/subjects/77830f25-f564-4094-19b9-7db8aba08945
659,127,2000,CA,46,-31.0,8.0,CA46_2000_127,,http://opencontext.org/subjects/3427ed52-fea9-4e28-e250-4ecf923a116a
660,127,2000,CA,46,-28.0,8.0,CA46_2000_127,,http://opencontext.org/subjects/3427ed52-fea9-4e28-e250-4ecf923a116a
661,127,2000,CA,46,-28.0,4.0,CA46_2000_127,,http://opencontext.org/subjects/3427ed52-fea9-4e28-e250-4ecf923a116a
662,127,2000,CA,46,-31.0,4.0,CA46_2000_127,,http://opencontext.org/subjects/3427ed52-fea9-4e28-e250-4ecf923a116a
663,128,2000,CA,47,-33.0,4.0,CA47_2000_128,,http://opencontext.org/subjects/3e90bc2c-c826-4a12-6382-131b825bfa27
664,128,2000,CA,47,-36.0,4.0,CA47_2000_128,,http://opencontext.org/subjects/3e90bc2c-c826-4a12-6382-131b825bfa27
665,128,2000,CA,47,-36.0,8.0,CA47_2000_128,,http://opencontext.org/subjects/3e90bc2c-c826-4a12-6382-131b825bfa27
666,128,2000,CA,47,-33.0,8.0,CA47_2000_128,,http://opencontext.org/subjects/3e90bc2c-c826-4a12-6382-131b825bfa27
667,129,2000,T,21,160.0,-50.0,T21_2000_129,,http://opencontext.org/subjects/bcdc5d9e-bb8b-4159-f6b0-2a9474c123bd
668,129,2000,T,21,160.0,-54.0,T21_2000_129,,http://opencontext.org/subjects/bcdc5d9e-bb8b-4159-f6b0-2a9474c123bd
669,129,2000,T,21,162.0,-54.0,T21_2000_129,,http://opencontext.org/subjects/bcdc5d9e-bb8b-4159-f6b0-2a9474c123bd
670,129,2000,T,21,162.0,-52.0,T21_2000_129,,http://opencontext.org/subjects/bcdc5d9e-bb8b-4159-f6b0-2a9474c123bd
671,129,2000,T,21,164.0,-52.0,T21_2000_129,,http://opencontext.org/subjects/bcdc5d9e-bb8b-4159-f6b0-2a9474c123bd
672,129,2000,T,21,164.0,-50.0,T21_2000_129,,http://opencontext.org/subjects/bcdc5d9e-bb8b-4159-f6b0-2a9474c123bd
673,129,2000,T,21,160.0,-50.0,T21_2000_129,,http://opencontext.org/subjects/bcdc5d9e-bb8b-4159-f6b0-2a9474c123bd
674,130,2000,T,21A,157.0,-58.0,T21A_2000_130,,
675,130,2000,T,21A,157.0,-55.0,T21A_2000_130,,
676,130,2000,T,21A,153.0,-55.0,T21A_2000_130,,
677,130,2000,T,21A,153.0,-58.0,T21A_2000_130,,
678,131,2000,T,22West_Ext,164.0,-50.0,T22West_Ext_2000_131,,
679,131,2000,T,22West_Ext,164.0,-52.0,T22West_Ext_2000_131,,
680,131,2000,T,22West_Ext,167.0,-52.0,T22West_Ext_2000_131,,
681,131,2000,T,22West_Ext,167.0,-50.0,T22West_Ext_2000_131,,
682,132,2000,T,22West_Ext,167.0,-50.0,T22West_Ext_2000_132,,
683,132,2000,T,22West_Ext,167.0,-52.0,T22West_Ext_2000_132,,
684,132,2000,T,22West_Ext,164.0,-52.0,T22West_Ext_2000_132,,
685,132,2000,T,22West_Ext,164.0,-50.0,T22West_Ext_2000_132,,
686,133,2000,TSF,Extension A,167.0,-28.0,TSFExtension A_2000_133,,
687,133,2000,TSF,Extension A,167.0,-24.5,TSFExtension A_2000_133,,
688,133,2000,TSF,Extension A,169.0,-28.0,TSFExtension A_2000_133,,
689,133,2000,TSF,Extension A,169.0,-29.5,TSFExtension A_2000_133,,
690,134,2000,TSF,Extension B,169.0,-34.0,TSFExtension B_2000_134,,
691,134,2000,TSF,Extension B,169.5,-36.0,TSFExtension B_2000_134,,
692,134,2000,TSF,Extension B,173.0,-36.0,TSFExtension B_2000_134,,
693,134,2000,TSF,Extension B,173.0,-34.0,TSFExtension B_2000_134,,
694,135,1999,CA,42,-16.0,5.0,CA42_1999_135,,http://opencontext.org/subjects/6621600b-3b5d-4b99-71f9-e42c18656e59
695,135,1999,CA,42,-16.0,3.0,CA42_1999_135,,http://opencontext.org/subjects/6621600b-3b5d-4b99-71f9-e42c18656e59
696,135,1999,CA,42,-11.0,3.0,CA42_1999_135,,http://opencontext.org/subjects/6621600b-3b5d-4b99-71f9-e42c18656e59
697,135,1999,CA,42,-11.0,5.0,CA42_1999_135,,http://opencontext.org/subjects/6621600b-3b5d-4b99-71f9-e42c18656e59
698,136,1999,T,26_North,186.0,-49.0,T26_North_1999_136,,
699,136,1999,T,26_North,188.0,-49.0,T26_North_1999_136,,
700,136,1999,T,26_North,188.0,-50.0,T26_North_1999_136,,
701,136,1999,T,26_North,186.0,-50.0,T26_North_1999_136,,
702,137,1999,T,26_South,186.0,-54.0,T26_South_1999_137,,
703,137,1999,T,26_South,186.0,-53.0,T26_South_1999_137,,
704,137,1999,T,26_South,188.0,-53.0,T26_South_1999_137,,
705,137,1999,T,26_South,188.0,-54.0,T26_South_1999_137,,
706,138,1999,TSF,Extension A,158.0,-25.0,TSFExtension A_1999_138,,
707,138,1999,TSF,Extension A,158.0,-35.0,TSFExtension A_1999_138,,
708,138,1999,TSF,Extension A,163.0,-35.0,TSFExtension A_1999_138,,
709,138,1999,TSF,Extension A,163.0,-31.0,TSFExtension A_1999_138,,
710,138,1999,TSF,Extension A,164.0,-31.0,TSFExtension A_1999_138,,
711,138,1999,TSF,Extension A,164.0,-35.0,TSFExtension A_1999_138,,
712,138,1999,TSF,Extension A,166.0,-35.0,TSFExtension A_1999_138,,
713,138,1999,TSF,Extension A,166.0,-31.0,TSFExtension A_1999_138,,
714,138,1999,TSF,Extension A,168.0,-31.0,TSFExtension A_1999_138,,
715,138,1999,TSF,Extension A,168.0,-25.0,TSFExtension A_1999_138,,
716,139,1999,TSF,Extension B,169.0,-26.0,TSFExtension B_1999_139,,
717,139,1999,TSF,Extension B,169.0,-30.0,TSFExtension B_1999_139,,
718,139,1999,TSF,Extension B,171.0,-30.0,TSFExtension B_1999_139,,
719,139,1999,TSF,Extension B,171.0,-26.0,TSFExtension B_1999_139,,
720,140,1999,TSF,Extension C,175.0,-28.0,TSFExtension C_1999_140,,
721,140,1999,TSF,Extension C,175.0,-36.0,TSFExtension C_1999_140,,
722,140,1999,TSF,Extension C,179.0,-36.0,TSFExtension C_1999_140,,
723,140,1999,TSF,Extension C,179.0,-28.0,TSFExtension C_1999_140,,
724,141,1999,A,9_South_Ext,122.0,-20.0,A9_South_Ext_1999_141,,
725,141,1999,A,9_South_Ext,126.0,-20.0,A9_South_Ext_1999_141,,
726,141,1999,A,9_South_Ext,126.0,-25.0,A9_South_Ext_1999_141,,
727,141,1999,A,9_South_Ext,122.0,-25.0,A9_South_Ext_1999_141,,
728,142,1998,CA,42,-16.0,7.0,CA42_1998_142,,http://opencontext.org/subjects/c7823aac-4e80-48b0-a6e6-b772c58873a4
729,142,1998,CA,42,-16.0,1.0,CA42_1998_142,,http://opencontext.org/subjects/c7823aac-4e80-48b0-a6e6-b772c58873a4
730,142,1998,CA,42,-10.0,1.0,CA42_1998_142,,http://opencontext.org/subjects/c7823aac-4e80-48b0-a6e6-b772c58873a4
731,142,1998,CA,42,-10.0,7.0,CA42_1998_142,,http://opencontext.org/subjects/c7823aac-4e80-48b0-a6e6-b772c58873a4
732,143,1998,CA,42_Ext,-17.0,6.0,CA42_Ext_1998_143,,
733,143,1998,CA,42_Ext,-17.0,1.0,CA42_Ext_1998_143,,
734,143,1998,CA,42_Ext,-18.0,1.0,CA42_Ext_1998_143,,
735,143,1998,CA,42_Ext,-18.0,6.0,CA42_Ext_1998_143,,
736,144,1998,CA,42_North,-13.0,10.0,CA42_North_1998_144,,
737,144,1998,CA,42_North,-10.0,10.0,CA42_North_1998_144,,
738,144,1998,CA,42_North,-10.0,12.0,CA42_North_1998_144,,
739,144,1998,CA,42_North,-7.0,12.0,CA42_North_1998_144,,
740,144,1998,CA,42_North,-7.0,16.0,CA42_North_1998_144,,
741,144,1998,CA,42_North,-13.0,16.0,CA42_North_1998_144,,
742,145,1998,CA,48,77.0,-13.0,CA48_1998_145,,http://opencontext.org/subjects/8a9b8a77-37bb-4bf8-dc57-d30edb73c629
743,145,1998,CA,48,85.0,-13.0,CA48_1998_145,,http://opencontext.org/subjects/8a9b8a77-37bb-4bf8-dc57-d30edb73c629
744,145,1998,CA,48,85.0,-16.0,CA48_1998_145,,http://opencontext.org/subjects/8a9b8a77-37bb-4bf8-dc57-d30edb73c629
745,145,1998,CA,48,77.0,-16.0,CA48_1998_145,,http://opencontext.org/subjects/8a9b8a77-37bb-4bf8-dc57-d30edb73c629
746,146,1998,CA,49,77.0,18.0,CA49_1998_146,,http://opencontext.org/subjects/2fed46fb-bcf6-439b-b15e-307881df5011
747,146,1998,CA,49,77.0,21.0,CA49_1998_146,,http://opencontext.org/subjects/2fed46fb-bcf6-439b-b15e-307881df5011
748,146,1998,CA,49,78.0,21.0,CA49_1998_146,,http://opencontext.org/subjects/2fed46fb-bcf6-439b-b15e-307881df5011
749,146,1998,CA,49,78.0,22.0,CA49_1998_146,,http://opencontext.org/subjects/2fed46fb-bcf6-439b-b15e-307881df5011
750,146,1998,CA,49,80.0,22.0,CA49_1998_146,,http://opencontext.org/subjects/2fed46fb-bcf6-439b-b15e-307881df5011
751,146,1998,CA,49,80.0,21.0,CA49_1998_146,,http://opencontext.org/subjects/2fed46fb-bcf6-439b-b15e-307881df5011
752,146,1998,CA,49,85.0,21.0,CA49_1998_146,,http://opencontext.org/subjects/2fed46fb-bcf6-439b-b15e-307881df5011
753,146,1998,CA,49,85.0,18.0,CA49_1998_146,,http://opencontext.org/subjects/2fed46fb-bcf6-439b-b15e-307881df5011
754,147,1998,T,25_Ext,149.0,-55.0,T25_Ext_1998_147,,
755,147,1998,T,25_Ext,149.0,-60.0,T25_Ext_1998_147,,
756,147,1998,T,25_Ext,151.0,-60.0,T25_Ext_1998_147,,
757,147,1998,T,25_Ext,151.0,-55.0,T25_Ext_1998_147,,
758,148,1998,T,26_North,186.0,-49.0,T26_North_1998_148,,
759,148,1998,T,26_North,188.0,-49.0,T26_North_1998_148,,
760,148,1998,T,26_North,188.0,-50.0,T26_North_1998_148,,
761,148,1998,T,26_North,186.0,-50.0,T26_North_1998_148,,
762,149,1998,T,26_North,186.0,-49.0,T26_North_1998_149,,
763,149,1998,T,26_North,188.0,-49.0,T26_North_1998_149,,
764,149,1998,T,26_North,188.0,-50.0,T26_North_1998_149,,
765,149,1998,T,26_North,186.0,-50.0,T26_North_1998_149,,
766,150,1998,T,26_South,186.0,-53.0,T26_South_1998_150,,
767,150,1998,T,26_South,188.0,-53.0,T26_South_1998_150,,
768,150,1998,T,26_South,188.0,-54.0,T26_South_1998_150,,
769,150,1998,T,26_South,186.0,-54.0,T26_South_1998_150,,
770,151,1998,TSF,0,136.0,-30.0,TSF0_1998_151,,http://opencontext.org/subjects/78bb679e-20f6-499c-c274-16bb6a3cd53d
771,151,1998,TSF,0,136.0,-22.0,TSF0_1998_151,,http://opencontext.org/subjects/78bb679e-20f6-499c-c274-16bb6a3cd53d
772,151,1998,TSF,0,140.0,-22.0,TSF0_1998_151,,http://opencontext.org/subjects/78bb679e-20f6-499c-c274-16bb6a3cd53d
773,151,1998,TSF,0,140.0,-19.0,TSF0_1998_151,,http://opencontext.org/subjects/78bb679e-20f6-499c-c274-16bb6a3cd53d
774,151,1998,TSF,0,142.0,-19.0,TSF0_1998_151,,http://opencontext.org/subjects/78bb679e-20f6-499c-c274-16bb6a3cd53d
775,151,1998,TSF,0,142.0,-22.0,TSF0_1998_151,,http://opencontext.org/subjects/78bb679e-20f6-499c-c274-16bb6a3cd53d
776,151,1998,TSF,0,141.0,-22.0,TSF0_1998_151,,http://opencontext.org/subjects/78bb679e-20f6-499c-c274-16bb6a3cd53d
777,151,1998,TSF,0,141.0,-28.0,TSF0_1998_151,,http://opencontext.org/subjects/78bb679e-20f6-499c-c274-16bb6a3cd53d
778,151,1998,TSF,0,144.0,-28.0,TSF0_1998_151,,http://opencontext.org/subjects/78bb679e-20f6-499c-c274-16bb6a3cd53d
779,151,1998,TSF,0,144.0,-30.0,TSF0_1998_151,,http://opencontext.org/subjects/78bb679e-20f6-499c-c274-16bb6a3cd53d
780,152,1998,A,9_Ext,125.0,-11.0,A9_Ext_1998_152,,
781,152,1998,A,9_Ext,125.0,-15.0,A9_Ext_1998_152,,
782,152,1998,A,9_Ext,130.0,-15.0,A9_Ext_1998_152,,
783,152,1998,A,9_Ext,130.0,-11.0,A9_Ext_1998_152,,
784,153,1997,CA,41,-1.0,1.0,CA41_1997_153,,http://opencontext.org/subjects/a13a7840-04f0-492a-c8e3-c1ea488b006c
785,153,1997,CA,41,-1.0,7.0,CA41_1997_153,,http://opencontext.org/subjects/a13a7840-04f0-492a-c8e3-c1ea488b006c
786,153,1997,CA,41,-9.0,7.0,CA41_1997_153,,http://opencontext.org/subjects/a13a7840-04f0-492a-c8e3-c1ea488b006c
787,153,1997,CA,41,-9.0,1.0,CA41_1997_153,,http://opencontext.org/subjects/a13a7840-04f0-492a-c8e3-c1ea488b006c
788,154,1997,CA,42,-16.0,7.0,CA42_1997_154,,http://opencontext.org/subjects/f05b2b91-ccd4-4ed0-f2bf-f1e2dbea354b
789,154,1997,CA,42,-16.0,1.0,CA42_1997_154,,http://opencontext.org/subjects/f05b2b91-ccd4-4ed0-f2bf-f1e2dbea354b
790,154,1997,CA,42,-10.0,1.0,CA42_1997_154,,http://opencontext.org/subjects/f05b2b91-ccd4-4ed0-f2bf-f1e2dbea354b
791,154,1997,CA,42,-10.0,7.0,CA42_1997_154,,http://opencontext.org/subjects/f05b2b91-ccd4-4ed0-f2bf-f1e2dbea354b
792,155,1997,CA,42_Ext,-17.0,6.0,CA42_Ext_1997_155,,
793,155,1997,CA,42_Ext,-17.0,1.0,CA42_Ext_1997_155,,
794,155,1997,CA,42_Ext,-18.0,1.0,CA42_Ext_1997_155,,
795,155,1997,CA,42_Ext,-18.0,6.0,CA42_Ext_1997_155,,
796,156,2009,T,50,176.0,-57.0,T50_2009_156,,
797,156,2009,T,50,176.0,-59.5,T50_2009_156,,
798,156,2009,T,50,174.4,-59.5,T50_2009_156,,
799,156,2009,T,50,174.4,-57.0,T50_2009_156,,
800,157,1966,CA,1,101.7457427,-7.71515479,CA1_1966_157,,http://opencontext.org/subjects/7c556426-f498-47d0-f5bd-e2cdfcede073
801,157,1966,CA,1,118.616927,-9.80396808,CA1_1966_157,,http://opencontext.org/subjects/7c556426-f498-47d0-f5bd-e2cdfcede073
802,157,1966,CA,1,118.3711843,-11.78881329,CA1_1966_157,,http://opencontext.org/subjects/7c556426-f498-47d0-f5bd-e2cdfcede073
803,157,1966,CA,1,121.3484521,-12.1574274,CA1_1966_157,,http://opencontext.org/subjects/7c556426-f498-47d0-f5bd-e2cdfcede073
804,157,1966,CA,1,121.5941948,-10.17258219,CA1_1966_157,,http://opencontext.org/subjects/7c556426-f498-47d0-f5bd-e2cdfcede073
805,157,1966,CA,1,126.5563079,-10.78693904,CA1_1966_157,,http://opencontext.org/subjects/7c556426-f498-47d0-f5bd-e2cdfcede073
806,157,1966,CA,1,128.0307643,1.12213221,CA1_1966_157,,http://opencontext.org/subjects/7c556426-f498-47d0-f5bd-e2cdfcede073
807,157,1966,CA,1,120.0913835,2.10510318,CA1_1966_157,,http://opencontext.org/subjects/7c556426-f498-47d0-f5bd-e2cdfcede073
808,157,1966,CA,1,119.3541552,-3.84943245,CA1_1966_157,,http://opencontext.org/subjects/7c556426-f498-47d0-f5bd-e2cdfcede073
809,157,1966,CA,1,102.482971,-1.76061916,CA1_1966_157,,http://opencontext.org/subjects/7c556426-f498-47d0-f5bd-e2cdfcede073
810,158,1966,CA,2a,86.29428157,-3.31359826,CA2a_1966_158,,
811,158,1966,CA,2a,87.20662468,2.61663192,CA2a_1966_158,,
812,158,1966,CA,2a,81.27639449,3.52897503,CA2a_1966_158,,
813,158,1966,CA,2a,80.36405139,-2.40125516,CA2a_1966_158,,
814,159,1966,CA,2b,85.68605284,-7.26708505,CA2b_1966_159,,
815,159,1966,CA,2b,86.29428157,-3.31359826,CA2b_1966_159,,
816,159,1966,CA,2b,80.36405139,-2.40125516,CA2b_1966_159,,
817,159,1966,CA,2b,79.75582265,-6.35474195,CA2b_1966_159,,
818,160,1967,CA,2c,79.75582265,-6.35474195,CA2c_1967_160,,
819,160,1967,CA,2c,81.27639449,3.52897503,CA2c_1967_160,,
820,160,1967,CA,2c,79.2996511,3.8330894,CA2c_1967_160,,
821,160,1967,CA,2c,77.779,-6.051,CA2c_1967_160,,
822,161,1967,CA,2d,87.66279623,-7.57119942,CA2d_1967_161,,
823,161,1967,CA,2d,89.18336808,2.31251756,CA2d_1967_161,,
824,161,1967,CA,2d,87.20662468,2.61663192,CA2d_1967_161,,
825,161,1967,CA,2d,85.68605284,-7.26708505,CA2d_1967_161,,
826,162,1967,CA,2e,77.77907926,-6.05062758,CA2e_1967_162,,
827,162,1967,CA,2e,79.2996511,3.8330894,CA2e_1967_162,,
828,162,1967,CA,2e,77.3229077,4.13720377,CA2e_1967_162,,
829,162,1967,CA,2e,75.80233586,-5.74651321,CA2e_1967_162,,
830,163,1967,CA,2f,75.80233586,-5.74651321,CA2f_1967_163,,
831,163,1967,CA,2f,77.3229077,4.13720377,CA2f_1967_163,,
832,163,1967,CA,2f,75.34616431,4.44131814,CA2f_1967_163,,
833,163,1967,CA,2f,73.82559247,-5.44239884,CA2f_1967_163,,
834,164,1968,CA,2g,92.60465472,-8.33148534,CA2g_1968_164,,
835,164,1968,CA,2g,94.12522656,1.55223164,CA2g_1968_164,,
836,164,1968,CA,2g,89.18336808,2.31251756,CA2g_1968_164,,
837,164,1968,CA,2g,87.66279623,-7.57119942,CA2g_1968_164,,
838,165,1968,CA,2h,97.54651321,-9.09177126,CA2h_1968_165,,
839,165,1968,CA,2h,99.06708505,0.79194571,CA2h_1968_165,,
840,165,1968,CA,2h,94.12522656,1.55223164,CA2h_1968_165,,
841,165,1968,CA,2h,92.60465472,-8.33148534,CA2h_1968_165,,
842,166,1968,CA,2i,101.5,-9.7,CA2i_1968_166,,
843,166,1968,CA,2i,103.0205718,0.18371698,CA2i_1968_166,,
844,166,1968,CA,2i,99.06708505,0.79194571,CA2i_1968_166,,
845,166,1968,CA,2i,97.54651321,-9.09177126,CA2i_1968_166,,
846,167,1968,CA,2j,89.18336808,2.31251756,CA2j_1968_167,,
847,167,1968,CA,2j,89.943654,7.25437604,CA2j_1968_167,,
848,167,1968,CA,2j,76.10645023,9.38317662,CA2j_1968_167,,
849,167,1968,CA,2j,75.34616431,4.44131814,CA2j_1968_167,,
850,168,1968,CA,2k,103.0205718,0.18371698,CA2k_1968_168,,
851,168,1968,CA,2k,103.7808578,5.12557547,CA2k_1968_168,,
852,168,1968,CA,2k,89.943654,7.25437604,CA2k_1968_168,,
853,168,1968,CA,2k,89.18336808,2.31251756,CA2k_1968_168,,
854,169,1970,CA,24,114.4,-51.9,CA24_1970_169,,http://opencontext.org/subjects/36aa7f2a-f090-43a2-b5c8-a18b16276e6b
855,169,1970,CA,24,126.0742629,-14.68828698,CA24_1970_169,,http://opencontext.org/subjects/36aa7f2a-f090-43a2-b5c8-a18b16276e6b
856,169,1970,CA,24,119.3952375,-12.59290646,CA24_1970_169,,http://opencontext.org/subjects/36aa7f2a-f090-43a2-b5c8-a18b16276e6b
857,169,1970,CA,24,108.6751211,-50.10395955,CA24_1970_169,,http://opencontext.org/subjects/36aa7f2a-f090-43a2-b5c8-a18b16276e6b
858,170,1968,CA,10,129.6,-41.84,CA10_1968_170,,http://opencontext.org/subjects/9d983826-70de-48f2-a145-b33a171e8928
859,170,1968,CA,10,133.7914328,-29.53423343,CA10_1968_170,,http://opencontext.org/subjects/9d983826-70de-48f2-a145-b33a171e8928
860,170,1968,CA,10,124.3254585,-26.31005433,CA10_1968_170,,http://opencontext.org/subjects/9d983826-70de-48f2-a145-b33a171e8928
861,170,1968,CA,10,120.1340257,-38.6158209,CA10_1968_170,,http://opencontext.org/subjects/9d983826-70de-48f2-a145-b33a171e8928
862,171,1968,CA,11x,128.1201199,-49.92597684,CA11x_1968_171,,
863,171,1968,CA,11x,129.6,-45.15,CA11x_1968_171,,
864,171,1968,CA,11x,126.7344139,-44.26207191,CA11x_1968_171,,
865,171,1968,CA,11x,126.1424618,-46.17246265,CA11x_1968_171,,
866,171,1968,CA,11x,123.2768757,-45.28453456,CA11x_1968_171,,
867,171,1968,CA,11x,122.3889476,-48.15012066,CA11x_1968_171,,
868,172,1968,CA,11,121.7975787,-50.06094789,CA11_1968_172,,http://opencontext.org/subjects/18329c0b-e32a-4c48-e531-3928a74dfb13
869,172,1968,CA,11,116.0661574,-48.28589577,CA11_1968_172,,http://opencontext.org/subjects/18329c0b-e32a-4c48-e531-3928a74dfb13
870,172,1968,CA,11,115.9057371,-55.56423798,CA11_1968_172,,http://opencontext.org/subjects/18329c0b-e32a-4c48-e531-3928a74dfb13
871,172,1968,CA,11,115.609895,-56.51947486,CA11_1968_172,,http://opencontext.org/subjects/18329c0b-e32a-4c48-e531-3928a74dfb13
872,172,1968,CA,11,119.4308426,-57.70284294,CA11_1968_172,,http://opencontext.org/subjects/18329c0b-e32a-4c48-e531-3928a74dfb13
873,173,1992,CA,33,-40.0,24.0,CA33_1992_173,,http://opencontext.org/subjects/6ec9e1ca-1595-4b39-de94-07669e96d51b
874,173,1992,CA,33,-35.0,24.0,CA33_1992_173,,http://opencontext.org/subjects/6ec9e1ca-1595-4b39-de94-07669e96d51b
875,173,1992,CA,33,-35.0,26.75,CA33_1992_173,,http://opencontext.org/subjects/6ec9e1ca-1595-4b39-de94-07669e96d51b
876,173,1992,CA,33,-40.0,26.75,CA33_1992_173,,http://opencontext.org/subjects/6ec9e1ca-1595-4b39-de94-07669e96d51b
877,174,1991,CA,33,-41.0,31.0,CA33_1991_174,,http://opencontext.org/subjects/5879c9ed-5fcf-4062-4477-fa5b44250143
878,174,1991,CA,33,-41.0,33.0,CA33_1991_174,,http://opencontext.org/subjects/5879c9ed-5fcf-4062-4477-fa5b44250143
879,174,1991,CA,33,-40.0,33.0,CA33_1991_174,,http://opencontext.org/subjects/5879c9ed-5fcf-4062-4477-fa5b44250143
880,174,1991,CA,33,-40.0,35.0,CA33_1991_174,,http://opencontext.org/subjects/5879c9ed-5fcf-4062-4477-fa5b44250143
881,174,1991,CA,33,-37.0,35.0,CA33_1991_174,,http://opencontext.org/subjects/5879c9ed-5fcf-4062-4477-fa5b44250143
882,174,1991,CA,33,-37.0,33.0,CA33_1991_174,,http://opencontext.org/subjects/5879c9ed-5fcf-4062-4477-fa5b44250143
883,174,1991,CA,33,-33.0,33.0,CA33_1991_174,,http://opencontext.org/subjects/5879c9ed-5fcf-4062-4477-fa5b44250143
884,174,1991,CA,33,-33.0,31.0,CA33_1991_174,,http://opencontext.org/subjects/5879c9ed-5fcf-4062-4477-fa5b44250143
885,174,1991,CA,33,-36.0,31.0,CA33_1991_174,,http://opencontext.org/subjects/5879c9ed-5fcf-4062-4477-fa5b44250143
886,174,1991,CA,33,-36.0,29.0,CA33_1991_174,,http://opencontext.org/subjects/5879c9ed-5fcf-4062-4477-fa5b44250143
887,174,1991,CA,33,-38.0,29.0,CA33_1991_174,,http://opencontext.org/subjects/5879c9ed-5fcf-4062-4477-fa5b44250143
888,174,1991,CA,33,-38.0,31.0,CA33_1991_174,,http://opencontext.org/subjects/5879c9ed-5fcf-4062-4477-fa5b44250143
889,175,1990,CA,33,-39.0,35.5,CA33_1990_175,,http://opencontext.org/subjects/373b16b4-8e0f-4008-8d24-43685aa72064
890,175,1990,CA,33,-39.0,36.5,CA33_1990_175,,http://opencontext.org/subjects/373b16b4-8e0f-4008-8d24-43685aa72064
891,175,1990,CA,33,-40.25,36.5,CA33_1990_175,,http://opencontext.org/subjects/373b16b4-8e0f-4008-8d24-43685aa72064
892,175,1990,CA,33,-40.25,44.0,CA33_1990_175,,http://opencontext.org/subjects/373b16b4-8e0f-4008-8d24-43685aa72064
893,175,1990,CA,33,-36.75,44.0,CA33_1990_175,,http://opencontext.org/subjects/373b16b4-8e0f-4008-8d24-43685aa72064
894,175,1990,CA,33,-36.75,42.0,CA33_1990_175,,http://opencontext.org/subjects/373b16b4-8e0f-4008-8d24-43685aa72064
895,175,1990,CA,33,-35.25,42.0,CA33_1990_175,,http://opencontext.org/subjects/373b16b4-8e0f-4008-8d24-43685aa72064
896,175,1990,CA,33,-35.5,37.5,CA33_1990_175,,http://opencontext.org/subjects/373b16b4-8e0f-4008-8d24-43685aa72064
897,175,1990,CA,33,-32.25,37.75,CA33_1990_175,,http://opencontext.org/subjects/373b16b4-8e0f-4008-8d24-43685aa72064
898,175,1990,CA,33,-32.0,34.0,CA33_1990_175,,http://opencontext.org/subjects/373b16b4-8e0f-4008-8d24-43685aa72064
899,175,1990,CA,33,-35.0,33.75,CA33_1990_175,,http://opencontext.org/subjects/373b16b4-8e0f-4008-8d24-43685aa72064
900,175,1990,CA,33,-35.25,36.5,CA33_1990_175,,http://opencontext.org/subjects/373b16b4-8e0f-4008-8d24-43685aa72064
901,175,1990,CA,33,-36.75,36.25,CA33_1990_175,,http://opencontext.org/subjects/373b16b4-8e0f-4008-8d24-43685aa72064
902,175,1990,CA,33,-36.75,38.25,CA33_1990_175,,http://opencontext.org/subjects/373b16b4-8e0f-4008-8d24-43685aa72064
903,175,1990,CA,33,-37.25,38.25,CA33_1990_175,,http://opencontext.org/subjects/373b16b4-8e0f-4008-8d24-43685aa72064
904,175,1990,CA,33,-37.25,35.5,CA33_1990_175,,http://opencontext.org/subjects/373b16b4-8e0f-4008-8d24-43685aa72064
905,176,1995,CA,33,-32.25,39.25,CA33_1995_176,,http://opencontext.org/subjects/81d5cae8-dba8-4145-e95b-d92a2a9c2c01
906,176,1995,CA,33,-34.25,39.0,CA33_1995_176,,http://opencontext.org/subjects/81d5cae8-dba8-4145-e95b-d92a2a9c2c01
907,176,1995,CA,33,-34.75,41.25,CA33_1995_176,,http://opencontext.org/subjects/81d5cae8-dba8-4145-e95b-d92a2a9c2c01
908,176,1995,CA,33,-32.75,41.5,CA33_1995_176,,http://opencontext.org/subjects/81d5cae8-dba8-4145-e95b-d92a2a9c2c01
909,177,1990,CA,35,-46.0,41.0,CA35_1990_177,,http://opencontext.org/subjects/09ae421a-f835-4c9b-f74e-45dd9f270e9d
910,177,1990,CA,35,-49.25,41.0,CA35_1990_177,,http://opencontext.org/subjects/09ae421a-f835-4c9b-f74e-45dd9f270e9d
911,177,1990,CA,35,-49.25,43.75,CA35_1990_177,,http://opencontext.org/subjects/09ae421a-f835-4c9b-f74e-45dd9f270e9d
912,177,1990,CA,35,-46.0,43.75,CA35_1990_177,,http://opencontext.org/subjects/09ae421a-f835-4c9b-f74e-45dd9f270e9d
913,178,1990,CA,33,-40.5,46.5,CA33_1990_178,,http://opencontext.org/subjects/4b4a3281-8992-466b-576c-908df62e72ac
914,178,1990,CA,33,-40.75,49.5,CA33_1990_178,,http://opencontext.org/subjects/4b4a3281-8992-466b-576c-908df62e72ac
915,178,1990,CA,33,-36.75,50.0,CA33_1990_178,,http://opencontext.org/subjects/4b4a3281-8992-466b-576c-908df62e72ac
916,178,1990,CA,33,-36.5,46.75,CA33_1990_178,,http://opencontext.org/subjects/4b4a3281-8992-466b-576c-908df62e72ac
917,179,1991,CA,36,-2.0,0.0,CA36_1991_179,,http://opencontext.org/subjects/dcb078ff-b4bc-4ce0-7467-a497b31b9e39
918,179,1991,CA,36,-2.0,7.0,CA36_1991_179,,http://opencontext.org/subjects/dcb078ff-b4bc-4ce0-7467-a497b31b9e39
919,179,1991,CA,36,1.0,7.0,CA36_1991_179,,http://opencontext.org/subjects/dcb078ff-b4bc-4ce0-7467-a497b31b9e39
920,179,1991,CA,36,1.0,0.0,CA36_1991_179,,http://opencontext.org/subjects/dcb078ff-b4bc-4ce0-7467-a497b31b9e39
921,180,1991,CA,37,11.43,0.0,CA37_1991_180,,http://opencontext.org/subjects/8e75346e-eccb-4bf0-77c1-c33bcb95d18d
922,180,1991,CA,37,11.43,-4.0,CA37_1991_180,,http://opencontext.org/subjects/8e75346e-eccb-4bf0-77c1-c33bcb95d18d
923,180,1991,CA,37,10.43,-4.0,CA37_1991_180,,http://opencontext.org/subjects/8e75346e-eccb-4bf0-77c1-c33bcb95d18d
924,180,1991,CA,37,10.43,-7.0,CA37_1991_180,,http://opencontext.org/subjects/8e75346e-eccb-4bf0-77c1-c33bcb95d18d
925,180,1991,CA,37,11.43,-7.0,CA37_1991_180,,http://opencontext.org/subjects/8e75346e-eccb-4bf0-77c1-c33bcb95d18d
926,180,1991,CA,37,11.43,-8.0,CA37_1991_180,,http://opencontext.org/subjects/8e75346e-eccb-4bf0-77c1-c33bcb95d18d
927,180,1991,CA,37,13.43,-8.0,CA37_1991_180,,http://opencontext.org/subjects/8e75346e-eccb-4bf0-77c1-c33bcb95d18d
928,180,1991,CA,37,13.43,-7.0,CA37_1991_180,,http://opencontext.org/subjects/8e75346e-eccb-4bf0-77c1-c33bcb95d18d
929,180,1991,CA,37,14.43,-7.0,CA37_1991_180,,http://opencontext.org/subjects/8e75346e-eccb-4bf0-77c1-c33bcb95d18d
930,180,1991,CA,37,14.43,-5.0,CA37_1991_180,,http://opencontext.org/subjects/8e75346e-eccb-4bf0-77c1-c33bcb95d18d
931,180,1991,CA,37,13.43,-5.0,CA37_1991_180,,http://opencontext.org/subjects/8e75346e-eccb-4bf0-77c1-c33bcb95d18d
932,180,1991,CA,37,13.43,0.0,CA37_1991_180,,http://opencontext.org/subjects/8e75346e-eccb-4bf0-77c1-c33bcb95d18d
933,181,1993,CA,37,7.0,0.0,CA37_1993_181,,http://opencontext.org/subjects/cefdf473-5b63-4b3f-b16f-c4e77e03f2be
934,181,1993,CA,37,11.0,0.0,CA37_1993_181,,http://opencontext.org/subjects/cefdf473-5b63-4b3f-b16f-c4e77e03f2be
935,181,1993,CA,37,11.0,-4.0,CA37_1993_181,,http://opencontext.org/subjects/cefdf473-5b63-4b3f-b16f-c4e77e03f2be
936,181,1993,CA,37,9.0,-4.0,CA37_1993_181,,http://opencontext.org/subjects/cefdf473-5b63-4b3f-b16f-c4e77e03f2be
937,181,1993,CA,37,9.0,-1.0,CA37_1993_181,,http://opencontext.org/subjects/cefdf473-5b63-4b3f-b16f-c4e77e03f2be
938,181,1993,CA,37,7.0,-1.0,CA37_1993_181,,http://opencontext.org/subjects/cefdf473-5b63-4b3f-b16f-c4e77e03f2be
939,182,1991,CA,38,29.43,-11.0,CA38_1991_182,,http://opencontext.org/subjects/1b0d3e3d-14be-4951-990b-76835166281c
940,182,1991,CA,38,31.43,-11.0,CA38_1991_182,,http://opencontext.org/subjects/1b0d3e3d-14be-4951-990b-76835166281c
941,182,1991,CA,38,31.43,-13.0,CA38_1991_182,,http://opencontext.org/subjects/1b0d3e3d-14be-4951-990b-76835166281c
942,182,1991,CA,38,29.43,-13.0,CA38_1991_182,,http://opencontext.org/subjects/1b0d3e3d-14be-4951-990b-76835166281c
943,183,1991,CA,39,-4.57,30.0,CA39_1991_183,,http://opencontext.org/subjects/a0e5edd4-7388-450b-df1c-68203ede247a
944,183,1991,CA,39,-4.57,25.0,CA39_1991_183,,http://opencontext.org/subjects/a0e5edd4-7388-450b-df1c-68203ede247a
945,183,1991,CA,39,-2.57,25.0,CA39_1991_183,,http://opencontext.org/subjects/a0e5edd4-7388-450b-df1c-68203ede247a
946,183,1991,CA,39,-2.57,30.0,CA39_1991_183,,http://opencontext.org/subjects/a0e5edd4-7388-450b-df1c-68203ede247a
947,184,1992,CA,40,82.43,59.0,CA40_1992_184,,http://opencontext.org/subjects/ac085185-fedb-4a4b-d077-fceac65730d0
948,184,1992,CA,40,82.43,54.0,CA40_1992_184,,http://opencontext.org/subjects/ac085185-fedb-4a4b-d077-fceac65730d0
949,184,1992,CA,40,85.43,54.0,CA40_1992_184,,http://opencontext.org/subjects/ac085185-fedb-4a4b-d077-fceac65730d0
950,184,1992,CA,40,85.43,59.0,CA40_1992_184,,http://opencontext.org/subjects/ac085185-fedb-4a4b-d077-fceac65730d0
951,185,1992,CB,27,-62.0,-11.0,CB27_1992_185,,http://opencontext.org/subjects/5a9de9d3-9a86-494f-04c9-487d17fa9d2c
952,185,1992,CB,27,-55.0,-11.0,CB27_1992_185,,http://opencontext.org/subjects/5a9de9d3-9a86-494f-04c9-487d17fa9d2c
953,185,1992,CB,27,-55.0,-17.0,CB27_1992_185,,http://opencontext.org/subjects/5a9de9d3-9a86-494f-04c9-487d17fa9d2c
954,185,1992,CB,27,-62.0,-17.0,CB27_1992_185,,http://opencontext.org/subjects/5a9de9d3-9a86-494f-04c9-487d17fa9d2c
955,186,1996,CB,31,-73.0,-12.0,CB31_1996_186,,http://opencontext.org/subjects/e8bdb401-722d-45d4-dc6d-52a041bb1c35
956,186,1996,CB,31,-69.0,-12.0,CB31_1996_186,,http://opencontext.org/subjects/e8bdb401-722d-45d4-dc6d-52a041bb1c35
957,186,1996,CB,31,-69.0,-15.0,CB31_1996_186,,http://opencontext.org/subjects/e8bdb401-722d-45d4-dc6d-52a041bb1c35
958,186,1996,CB,31,-73.0,-15.0,CB31_1996_186,,http://opencontext.org/subjects/e8bdb401-722d-45d4-dc6d-52a041bb1c35
959,187,2010,CB,39,-48.0,-108.0,CB39_2010_187,,
960,187,2010,CB,39,-44.0,-108.0,CB39_2010_187,,
961,187,2010,CB,39,-44.0,-112.0,CB39_2010_187,,
962,187,2010,CB,39,-48.0,-112.0,CB39_2010_187,,
963,187,2011,CB,39,-48.0,-108.0,CB39_2011_187,,
964,187,2011,CB,39,-44.0,-108.0,CB39_2011_187,,
965,187,2011,CB,39,-44.0,-112.0,CB39_2011_187,,
966,187,2011,CB,39,-48.0,-112.0,CB39_2011_187,,
967,188,2007,T,45,185.0,-45.0,T45_2007_188,,
968,188,2007,T,45,189.0,-45.0,T45_2007_188,,
969,188,2007,T,45,189.0,-48.0,T45_2007_188,,
970,188,2007,T,45,185.0,-48.0,T45_2007_188,,
971,189,1968,T,1AK,195.955178,21.84565282,T1AK_1968_189,,http://opencontext.org/subjects/e5e80bd3-81e5-4215-29e8-602d59a2b8d8
972,189,1968,T,1AK,195.63,20.9,T1AK_1968_189,,http://opencontext.org/subjects/e5e80bd3-81e5-4215-29e8-602d59a2b8d8
973,189,1968,T,1AK,206.032181,17.32304184,T1AK_1968_189,,http://opencontext.org/subjects/e5e80bd3-81e5-4215-29e8-602d59a2b8d8
974,189,1968,T,1AK,206.3573591,18.26869466,T1AK_1968_189,,http://opencontext.org/subjects/e5e80bd3-81e5-4215-29e8-602d59a2b8d8
975,190,1968,T,1AL,196.28,22.79,T1AL_1968_190,,http://opencontext.org/subjects/51ca7a3e-5d5a-43f6-9b15-937dec71ab63
976,190,1968,T,1AL,196.6054229,23.73556856,T1AL_1968_190,,http://opencontext.org/subjects/51ca7a3e-5d5a-43f6-9b15-937dec71ab63
977,190,1968,T,1AL,207.0066771,20.15591615,T1AL_1968_190,,http://opencontext.org/subjects/51ca7a3e-5d5a-43f6-9b15-937dec71ab63
978,190,1968,T,1AL,206.6812542,19.21034759,T1AL_1968_190,,http://opencontext.org/subjects/51ca7a3e-5d5a-43f6-9b15-937dec71ab63
979,191,1970,T,15,129.9992935,-42.91,T15_1970_191,,http://opencontext.org/subjects/041bc004-3a2b-4821-cc1a-f5ffc283e537
980,191,1970,T,15,131.9069496,-43.51070647,T15_1970_191,,http://opencontext.org/subjects/041bc004-3a2b-4821-cc1a-f5ffc283e537
981,191,1970,T,15,133.4087158,-38.74156627,T15_1970_191,,http://opencontext.org/subjects/041bc004-3a2b-4821-cc1a-f5ffc283e537
982,191,1970,T,15,131.5010597,-38.14085979,T15_1970_191,,http://opencontext.org/subjects/041bc004-3a2b-4821-cc1a-f5ffc283e537
983,192,1971,T,15AndPozzo,131.5010597,-38.14085979,T15AndPozzo_1971_192,,
984,192,1971,T,15AndPozzo,133.4087158,-38.74156627,T15AndPozzo_1971_192,,
985,192,1971,T,15AndPozzo,132.5076561,-41.60305039,T15AndPozzo_1971_192,,
986,192,1971,T,15AndPozzo,134.4153122,-42.20375687,T15AndPozzo_1971_192,,
987,192,1971,T,15AndPozzo,135.6167251,-38.3884447,T15AndPozzo_1971_192,,
988,192,1971,T,15AndPozzo,131.8014129,-37.18703175,T15AndPozzo_1971_192,,
989,193,1969,T,10,178.7,-15.5,T10_1969_193,,http://opencontext.org/subjects/9ff8641d-c19b-4dfb-4de9-65300b0af24f
990,193,1969,T,10,174.0439733,-29.75908185,T10_1969_193,,http://opencontext.org/subjects/9ff8641d-c19b-4dfb-4de9-65300b0af24f
991,193,1969,T,10,188.3030551,-34.41510857,T10_1969_193,,http://opencontext.org/subjects/9ff8641d-c19b-4dfb-4de9-65300b0af24f
992,193,1969,T,10,192.9590818,-20.15602672,T10_1969_193,,http://opencontext.org/subjects/9ff8641d-c19b-4dfb-4de9-65300b0af24f
993,194,1972,T,20,194.41,-28.1,T20_1972_194,,http://opencontext.org/subjects/eb236367-cce3-4a53-eb80-351e2e598e90
994,194,1972,T,20,188.6136833,-26.54993151,T20_1972_194,,http://opencontext.org/subjects/eb236367-cce3-4a53-eb80-351e2e598e90
995,194,1972,T,20,183.4467883,-45.87098728,T20_1972_194,,http://opencontext.org/subjects/eb236367-cce3-4a53-eb80-351e2e598e90
996,194,1972,T,20,185.3788939,-46.38767678,T20_1972_194,,http://opencontext.org/subjects/eb236367-cce3-4a53-eb80-351e2e598e90
997,194,1972,T,20,185.6372386,-45.42162399,T20_1972_194,,http://opencontext.org/subjects/eb236367-cce3-4a53-eb80-351e2e598e90
998,194,1972,T,20,188.535397,-46.19665824,T20_1972_194,,http://opencontext.org/subjects/eb236367-cce3-4a53-eb80-351e2e598e90
999,194,1972,T,20,189.0520865,-44.26455266,T20_1972_194,,http://opencontext.org/subjects/eb236367-cce3-4a53-eb80-351e2e598e90
1000,194,1972,T,20,190.0181393,-44.52289741,T20_1972_194,,http://opencontext.org/subjects/eb236367-cce3-4a53-eb80-351e2e598e90
1001,195,1978,T,23,210.1850763,-45.74931404,T23_1978_195,,http://opencontext.org/subjects/3d75850b-7ecd-4675-b297-3ff2f5106d97
1002,195,1978,T,23,208.7305821,-48.37313694,T23_1978_195,,http://opencontext.org/subjects/3d75850b-7ecd-4675-b297-3ff2f5106d97
1003,195,1978,T,23,209.6051897,-48.85796834,T23_1978_195,,http://opencontext.org/subjects/3d75850b-7ecd-4675-b297-3ff2f5106d97
1004,195,1978,T,23,208.1506955,-51.48179124,T23_1978_195,,http://opencontext.org/subjects/3d75850b-7ecd-4675-b297-3ff2f5106d97
1005,195,1978,T,23,207.2760879,-50.99695983,T23_1978_195,,http://opencontext.org/subjects/3d75850b-7ecd-4675-b297-3ff2f5106d97
1006,195,1978,T,23,206.3064251,-52.7461751,T23_1978_195,,http://opencontext.org/subjects/3d75850b-7ecd-4675-b297-3ff2f5106d97
1007,195,1978,T,23,204.5572098,-51.77651229,T23_1978_195,,http://opencontext.org/subjects/3d75850b-7ecd-4675-b297-3ff2f5106d97
1008,195,1978,T,23,205.5268726,-50.02729703,T23_1978_195,,http://opencontext.org/subjects/3d75850b-7ecd-4675-b297-3ff2f5106d97
1009,195,1978,T,23,198.5300116,-46.14864579,T23_1978_195,,http://opencontext.org/subjects/3d75850b-7ecd-4675-b297-3ff2f5106d97
1010,195,1978,T,23,199.9845058,-43.52482289,T23_1978_195,,http://opencontext.org/subjects/3d75850b-7ecd-4675-b297-3ff2f5106d97
1011,195,1978,T,23,204.3575439,-45.94897992,T23_1978_195,,http://opencontext.org/subjects/3d75850b-7ecd-4675-b297-3ff2f5106d97
1012,195,1978,T,23,205.8120382,-43.32515702,T23_1978_195,,http://opencontext.org/subjects/3d75850b-7ecd-4675-b297-3ff2f5106d97
1013,196,1979,T,23,215.8224983,-50.01774151,T23_1979_196,,http://opencontext.org/subjects/8c7bcd69-dfda-4b40-fafa-ed89718a99da
1014,196,1979,T,23,214.9478907,-49.5329101,T23_1979_196,,http://opencontext.org/subjects/8c7bcd69-dfda-4b40-fafa-ed89718a99da
1015,196,1979,T,23,214.4630593,-50.40751773,T23_1979_196,,http://opencontext.org/subjects/8c7bcd69-dfda-4b40-fafa-ed89718a99da
1016,196,1979,T,23,212.713844,-49.43785493,T23_1979_196,,http://opencontext.org/subjects/8c7bcd69-dfda-4b40-fafa-ed89718a99da
1017,196,1979,T,23,209.8048556,-54.68550072,T23_1979_196,,http://opencontext.org/subjects/8c7bcd69-dfda-4b40-fafa-ed89718a99da
1018,196,1979,T,23,212.4286785,-56.13999493,T23_1979_196,,http://opencontext.org/subjects/8c7bcd69-dfda-4b40-fafa-ed89718a99da
1019,197,1979,T,23,208.4454166,-55.07527694,T23_1979_197,,http://opencontext.org/subjects/3ecf9e3d-995b-4156-6ab7-87a8ba5bca99
1020,197,1979,T,23,206.0212595,-59.4483151,T23_1979_197,,http://opencontext.org/subjects/3ecf9e3d-995b-4156-6ab7-87a8ba5bca99
1021,197,1979,T,23,209.5196901,-61.38764072,T23_1979_197,,http://opencontext.org/subjects/3ecf9e3d-995b-4156-6ab7-87a8ba5bca99
1022,197,1979,T,23,211.9438471,-57.01460256,T23_1979_197,,http://opencontext.org/subjects/3ecf9e3d-995b-4156-6ab7-87a8ba5bca99
1023,198,1980,T,23,204.946986,-53.13595132,T23_1980_198,,http://opencontext.org/subjects/ab508f4f-df85-45d9-c8b1-3147603347e5
1024,198,1980,T,23,202.522829,-57.50898948,T23_1980_198,,http://opencontext.org/subjects/ab508f4f-df85-45d9-c8b1-3147603347e5
1025,198,1980,T,23,205.1466519,-58.9634837,T23_1980_198,,http://opencontext.org/subjects/ab508f4f-df85-45d9-c8b1-3147603347e5
1026,198,1980,T,23,207.5708089,-54.59044554,T23_1980_198,,http://opencontext.org/subjects/ab508f4f-df85-45d9-c8b1-3147603347e5
1027,199,1980,T,23,208.4454166,-55.07527694,T23_1980_199,,http://opencontext.org/subjects/5c7a453f-44bb-42ee-b85f-6e1f2f627422
1028,199,1980,T,23,207.4757538,-56.82449221,T23_1980_199,,http://opencontext.org/subjects/5c7a453f-44bb-42ee-b85f-6e1f2f627422
1029,199,1980,T,23,206.6011461,-56.3396608,T23_1980_199,,http://opencontext.org/subjects/5c7a453f-44bb-42ee-b85f-6e1f2f627422
1030,199,1980,T,23,207.5708089,-54.59044554,T23_1980_199,,http://opencontext.org/subjects/5c7a453f-44bb-42ee-b85f-6e1f2f627422
1031,200,1981,T,23,212.3240678,-48.07841589,T23_1981_200,,http://opencontext.org/subjects/171aa8d2-bc5f-4d17-f3b0-5a49dd4e3db2
1032,200,1981,T,23,208.930248,-54.20066931,T23_1981_200,,http://opencontext.org/subjects/171aa8d2-bc5f-4d17-f3b0-5a49dd4e3db2
1033,200,1981,T,23,207.1810327,-53.2310065,T23_1981_200,,http://opencontext.org/subjects/171aa8d2-bc5f-4d17-f3b0-5a49dd4e3db2
1034,200,1981,T,23,209.6051897,-48.85796834,T23_1981_200,,http://opencontext.org/subjects/171aa8d2-bc5f-4d17-f3b0-5a49dd4e3db2
1035,200,1981,T,23,208.7305821,-48.37313694,T23_1981_200,,http://opencontext.org/subjects/171aa8d2-bc5f-4d17-f3b0-5a49dd4e3db2
1036,200,1981,T,23,210.1850763,-45.74931404,T23_1981_200,,http://opencontext.org/subjects/171aa8d2-bc5f-4d17-f3b0-5a49dd4e3db2
1037,201,1976,TR,1,205.6,25.58,TR1_1976_201,,http://opencontext.org/subjects/0888ee5a-f13a-4e8b-f5ff-959da485f55b
1038,201,1976,TR,1,203.9741,20.85173,TR1_1976_201,,http://opencontext.org/subjects/0888ee5a-f13a-4e8b-f5ff-959da485f55b
1039,201,1976,TR,1,199.2459,22.47759,TR1_1976_201,,http://opencontext.org/subjects/0888ee5a-f13a-4e8b-f5ff-959da485f55b
1040,201,1976,TR,1,200.8717,27.20586,TR1_1976_201,,http://opencontext.org/subjects/0888ee5a-f13a-4e8b-f5ff-959da485f55b
1041,202,1976,TR,2,203.65,19.91,TR2_1976_202,,http://opencontext.org/subjects/de5efa76-4851-4afc-df09-467d249ab1b9
1042,202,1976,TR,2,202.0265,15.18093,TR2_1976_202,,http://opencontext.org/subjects/de5efa76-4851-4afc-df09-467d249ab1b9
1043,202,1976,TR,2,198.2432,16.47976,TR2_1976_202,,http://opencontext.org/subjects/de5efa76-4851-4afc-df09-467d249ab1b9
1044,202,1976,TR,2,199.8667,21.20883,TR2_1976_202,,http://opencontext.org/subjects/de5efa76-4851-4afc-df09-467d249ab1b9
1045,203,1976,TR,5,152.65,29.62,TR5_1976_203,,http://opencontext.org/subjects/41ec3704-2f60-4ca1-07c3-fbb954170f67
1046,203,1976,TR,5,149.5321,20.11849,TR5_1976_203,,http://opencontext.org/subjects/41ec3704-2f60-4ca1-07c3-fbb954170f67
1047,203,1976,TR,5,169.4853,13.57092,TR5_1976_203,,http://opencontext.org/subjects/41ec3704-2f60-4ca1-07c3-fbb954170f67
1048,203,1976,TR,5,172.6032,23.07243,TR5_1976_203,,http://opencontext.org/subjects/41ec3704-2f60-4ca1-07c3-fbb954170f67
1049,204,1977,TR,1,205.6,25.58,TR1_1977_204,,http://opencontext.org/subjects/e31abf39-8a5c-4ac3-c0de-accd8e741502
1050,204,1977,TR,1,203.9741,20.85173,TR1_1977_204,,http://opencontext.org/subjects/e31abf39-8a5c-4ac3-c0de-accd8e741502
1051,204,1977,TR,1,199.2459,22.47759,TR1_1977_204,,http://opencontext.org/subjects/e31abf39-8a5c-4ac3-c0de-accd8e741502
1052,204,1977,TR,1,200.8717,27.20586,TR1_1977_204,,http://opencontext.org/subjects/e31abf39-8a5c-4ac3-c0de-accd8e741502
1053,205,1977,TR,2,203.65,19.91,TR2_1977_205,,http://opencontext.org/subjects/42a76947-22b6-4ac1-c96b-46a543a98dfc
1054,205,1977,TR,2,202.0265,15.18093,TR2_1977_205,,http://opencontext.org/subjects/42a76947-22b6-4ac1-c96b-46a543a98dfc
1055,205,1977,TR,2,198.2432,16.47976,TR2_1977_205,,http://opencontext.org/subjects/42a76947-22b6-4ac1-c96b-46a543a98dfc
1056,205,1977,TR,2,199.8667,21.20883,TR2_1977_205,,http://opencontext.org/subjects/42a76947-22b6-4ac1-c96b-46a543a98dfc
1057,206,1972,TR,5,152.3382,28.66985,TR5_1972_206,,http://opencontext.org/subjects/d73ecd3f-23df-477b-8939-9a22f46c2312
1058,206,1972,TR,5,154.2385,28.04627,TR5_1972_206,,http://opencontext.org/subjects/d73ecd3f-23df-477b-8939-9a22f46c2312
1059,206,1972,TR,5,151.7442,20.44506,TR5_1972_206,,http://opencontext.org/subjects/d73ecd3f-23df-477b-8939-9a22f46c2312
1060,206,1972,TR,5,149.8439,21.06864,TR5_1972_206,,http://opencontext.org/subjects/d73ecd3f-23df-477b-8939-9a22f46c2312
1061,207,1972,TR,5,152.65,29.62,TR5_1972_207,,http://opencontext.org/subjects/8ac933df-d0c3-479a-9d7f-1bd5854ac9c6
1062,207,1972,TR,5,149.5321,20.11849,TR5_1972_207,,http://opencontext.org/subjects/8ac933df-d0c3-479a-9d7f-1bd5854ac9c6
1063,207,1972,TR,5,154.2829,18.5554,TR5_1972_207,,http://opencontext.org/subjects/8ac933df-d0c3-479a-9d7f-1bd5854ac9c6
1064,207,1972,TR,5,157.4008,28.06106,TR5_1972_207,,http://opencontext.org/subjects/8ac933df-d0c3-479a-9d7f-1bd5854ac9c6
1065,208,1973,TR,5,152.65,29.62,TR5_1973_208,,http://opencontext.org/subjects/bfa79728-c24a-431d-94a4-ea96fbcd266a
1066,208,1973,TR,5,149.5321,20.11849,TR5_1973_208,,http://opencontext.org/subjects/bfa79728-c24a-431d-94a4-ea96fbcd266a
1067,208,1973,TR,5,154.2829,18.5554,TR5_1973_208,,http://opencontext.org/subjects/bfa79728-c24a-431d-94a4-ea96fbcd266a
1068,208,1973,TR,5,157.4008,28.06106,TR5_1973_208,,http://opencontext.org/subjects/bfa79728-c24a-431d-94a4-ea96fbcd266a
1069,209,1974,TR,5,152.65,29.62,TR5_1974_209,,http://opencontext.org/subjects/1f718097-88c2-4292-3396-cdf0c832cdf8
1070,209,1974,TR,5,149.5321,20.11849,TR5_1974_209,,http://opencontext.org/subjects/1f718097-88c2-4292-3396-cdf0c832cdf8
1071,209,1974,TR,5,154.2829,18.5554,TR5_1974_209,,http://opencontext.org/subjects/1f718097-88c2-4292-3396-cdf0c832cdf8
1072,209,1974,TR,5,157.4008,28.06106,TR5_1974_209,,http://opencontext.org/subjects/1f718097-88c2-4292-3396-cdf0c832cdf8
1073,210,1996,TR,5,168.0,16.0,TR5_1996_210,,http://opencontext.org/subjects/d5f8dc06-7ffd-4309-54bd-a690e1cec570
1074,210,1996,TR,5,172.0,16.0,TR5_1996_210,,http://opencontext.org/subjects/d5f8dc06-7ffd-4309-54bd-a690e1cec570
1075,210,1996,TR,5,172.0,18.0,TR5_1996_210,,http://opencontext.org/subjects/d5f8dc06-7ffd-4309-54bd-a690e1cec570
1076,210,1996,TR,5,168.0,18.0,TR5_1996_210,,http://opencontext.org/subjects/d5f8dc06-7ffd-4309-54bd-a690e1cec570
1077,211,1970,TR,6,151.25,29.2,TR6_1970_211,,http://opencontext.org/subjects/b9276437-4e36-4e08-2d09-7faa0ae7b7d2
1078,211,1970,TR,6,148.0491,20.78843,TR6_1970_211,,http://opencontext.org/subjects/b9276437-4e36-4e08-2d09-7faa0ae7b7d2
1079,211,1970,TR,6,143.376,22.5669,TR6_1970_211,,http://opencontext.org/subjects/b9276437-4e36-4e08-2d09-7faa0ae7b7d2
1080,211,1970,TR,6,146.576,30.97826,TR6_1970_211,,http://opencontext.org/subjects/b9276437-4e36-4e08-2d09-7faa0ae7b7d2
1081,212,1971,TR,7,147.85,18.55,TR7_1971_212,,http://opencontext.org/subjects/b91809da-a28d-438b-f735-636d941825e1
1082,212,1971,TR,7,146.0918,13.869,TR7_1971_212,,http://opencontext.org/subjects/b91809da-a28d-438b-f735-636d941825e1
1083,212,1971,TR,7,140.475,15.979,TR7_1971_212,,http://opencontext.org/subjects/b91809da-a28d-438b-f735-636d941825e1
1084,212,1971,TR,7,142.2332,20.65982,TR7_1971_212,,http://opencontext.org/subjects/b91809da-a28d-438b-f735-636d941825e1
1085,213,1972,TR,7,147.85,18.55,TR7_1972_213,,http://opencontext.org/subjects/53eb84d5-7033-4c0a-3473-1703ac111198
1086,213,1972,TR,7,146.0918,13.869,TR7_1972_213,,http://opencontext.org/subjects/53eb84d5-7033-4c0a-3473-1703ac111198
1087,213,1972,TR,7,140.475,15.979,TR7_1972_213,,http://opencontext.org/subjects/53eb84d5-7033-4c0a-3473-1703ac111198
1088,213,1972,TR,7,142.2332,20.65982,TR7_1972_213,,http://opencontext.org/subjects/53eb84d5-7033-4c0a-3473-1703ac111198
1089,214,1971,TR,8,145.84,12.52,TR8_1971_214,,http://opencontext.org/subjects/f81f3432-2a5c-40e4-ce78-b40e4be7a3f7
1090,214,1971,TR,8,144.597,8.71809,TR8_1971_214,,http://opencontext.org/subjects/f81f3432-2a5c-40e4-ce78-b40e4be7a3f7
1091,214,1971,TR,8,141.7456,9.650235,TR8_1971_214,,http://opencontext.org/subjects/f81f3432-2a5c-40e4-ce78-b40e4be7a3f7
1092,214,1971,TR,8,142.9885,13.4522,TR8_1971_214,,http://opencontext.org/subjects/f81f3432-2a5c-40e4-ce78-b40e4be7a3f7
1093,215,1972,TR,8,145.84,12.52,TR8_1972_215,,http://opencontext.org/subjects/97712850-b663-425c-54bd-914a6ad5ac95
1094,215,1972,TR,8,144.597,8.71809,TR8_1972_215,,http://opencontext.org/subjects/97712850-b663-425c-54bd-914a6ad5ac95
1095,215,1972,TR,8,141.7456,9.650235,TR8_1972_215,,http://opencontext.org/subjects/97712850-b663-425c-54bd-914a6ad5ac95
1096,215,1972,TR,8,142.9885,13.4522,TR8_1972_215,,http://opencontext.org/subjects/97712850-b663-425c-54bd-914a6ad5ac95
1097,216,1970,TR,9,144.12,7.2,TR9_1970_216,,http://opencontext.org/subjects/8a817258-0759-47e8-0b1e-ffac21ad9d3e
1098,216,1970,TR,9,141.3608,-1.36662,TR9_1970_216,,http://opencontext.org/subjects/8a817258-0759-47e8-0b1e-ffac21ad9d3e
1099,216,1970,TR,9,135.6497,0.472842,TR9_1970_216,,http://opencontext.org/subjects/8a817258-0759-47e8-0b1e-ffac21ad9d3e
1100,216,1970,TR,9,138.4089,9.039457,TR9_1970_216,,http://opencontext.org/subjects/8a817258-0759-47e8-0b1e-ffac21ad9d3e
1101,217,1975,TR,9,144.12,7.2,TR9_1975_217,,http://opencontext.org/subjects/1427ab95-f567-4a47-630b-094e82651a49
1102,217,1975,TR,9,141.3608,-1.36662,TR9_1975_217,,http://opencontext.org/subjects/1427ab95-f567-4a47-630b-094e82651a49
1103,217,1975,TR,9,135.6497,0.472842,TR9_1975_217,,http://opencontext.org/subjects/1427ab95-f567-4a47-630b-094e82651a49
1104,217,1975,TR,9,138.4089,9.039457,TR9_1975_217,,http://opencontext.org/subjects/1427ab95-f567-4a47-630b-094e82651a49
1105,218,1976,TR,10,140.81,-2.16,TR10_1976_218,,http://opencontext.org/subjects/5e978f37-6ff0-4e05-7d7e-62b5ab2c918f
1106,218,1976,TR,10,139.6147,-5.97723,TR10_1976_218,,http://opencontext.org/subjects/5e978f37-6ff0-4e05-7d7e-62b5ab2c918f
1107,218,1976,TR,10,134.8432,-4.48311,TR10_1976_218,,http://opencontext.org/subjects/5e978f37-6ff0-4e05-7d7e-62b5ab2c918f
1108,218,1976,TR,10,136.0385,-0.66588,TR10_1976_218,,http://opencontext.org/subjects/5e978f37-6ff0-4e05-7d7e-62b5ab2c918f
1109,219,1972,TR,18,185.5,-33.14,TR18_1972_219,,http://opencontext.org/subjects/d0825b7b-9b4f-49f4-a455-88d951c8fade
1110,219,1972,TR,18,182.9152,-41.7608,TR18_1972_219,,http://opencontext.org/subjects/d0825b7b-9b4f-49f4-a455-88d951c8fade
1111,219,1972,TR,18,178.1259,-40.3249,TR18_1972_219,,http://opencontext.org/subjects/d0825b7b-9b4f-49f4-a455-88d951c8fade
1112,219,1972,TR,18,180.7106,-31.704,TR18_1972_219,,http://opencontext.org/subjects/d0825b7b-9b4f-49f4-a455-88d951c8fade
1113,220,1979,TR,22,122.093,-49.105,TR22_1979_220,,http://opencontext.org/subjects/e56eeaae-ae6d-49a5-b2ae-6ed1e4d38655
1114,220,1979,TR,22,120.021,-55.7913,TR22_1979_220,,http://opencontext.org/subjects/e56eeaae-ae6d-49a5-b2ae-6ed1e4d38655
1115,220,1979,TR,22,124.7969,-57.2713,TR22_1979_220,,http://opencontext.org/subjects/e56eeaae-ae6d-49a5-b2ae-6ed1e4d38655
1116,220,1979,TR,22,126.8689,-50.585,TR22_1979_220,,http://opencontext.org/subjects/e56eeaae-ae6d-49a5-b2ae-6ed1e4d38655
1117,221,1980,TR,22,122.093,-49.105,TR22_1980_221,,http://opencontext.org/subjects/32b61533-be8c-481d-cfd9-31c7aa2db5b0
1118,221,1980,TR,22,120.021,-55.7913,TR22_1980_221,,http://opencontext.org/subjects/32b61533-be8c-481d-cfd9-31c7aa2db5b0
1119,221,1980,TR,22,124.7969,-57.2713,TR22_1980_221,,http://opencontext.org/subjects/32b61533-be8c-481d-cfd9-31c7aa2db5b0
1120,221,1980,TR,22,126.8689,-50.585,TR22_1980_221,,http://opencontext.org/subjects/32b61533-be8c-481d-cfd9-31c7aa2db5b0
1121,222,1970,T,17,151.8022405,30.90882758,T17_1970_222,,http://opencontext.org/subjects/85401603-a817-48c1-e331-9c63ba143cc9
1122,222,1970,T,17,154.6048094,39.46134809,T17_1970_222,,http://opencontext.org/subjects/85401603-a817-48c1-e331-9c63ba143cc9
1123,222,1970,T,17,160.3064898,37.59296878,T17_1970_222,,http://opencontext.org/subjects/85401603-a817-48c1-e331-9c63ba143cc9
1124,222,1970,T,17,163.4204553,47.09576935,T17_1970_222,,http://opencontext.org/subjects/85401603-a817-48c1-e331-9c63ba143cc9
1125,222,1970,T,17,164.3707354,46.7843728,T17_1970_222,,http://opencontext.org/subjects/85401603-a817-48c1-e331-9c63ba143cc9
1126,222,1970,T,17,162.1909595,40.1324124,T17_1970_222,,http://opencontext.org/subjects/85401603-a817-48c1-e331-9c63ba143cc9
1127,222,1970,T,17,164.0915196,39.50961929,T17_1970_222,,http://opencontext.org/subjects/85401603-a817-48c1-e331-9c63ba143cc9
1128,222,1970,T,17,162.8459334,35.70849906,T17_1970_222,,http://opencontext.org/subjects/85401603-a817-48c1-e331-9c63ba143cc9
1129,222,1970,T,17,166.6470536,34.46291285,T17_1970_222,,http://opencontext.org/subjects/85401603-a817-48c1-e331-9c63ba143cc9
1130,222,1970,T,17,165.1061613,26.54927584,T17_1970_222,,http://opencontext.org/subjects/85401603-a817-48c1-e331-9c63ba143cc9
1131,223,1971,T,17,144.2,33.4,T17_1971_223,,http://opencontext.org/subjects/a7f2ccbf-3a83-4aa0-2bd0-0e2e99900624
1132,223,1971,T,17,147.002569,41.95252051,T17_1971_223,,http://opencontext.org/subjects/a7f2ccbf-3a83-4aa0-2bd0-0e2e99900624
1133,223,1971,T,17,160.3064898,37.59296878,T17_1971_223,,http://opencontext.org/subjects/a7f2ccbf-3a83-4aa0-2bd0-0e2e99900624
1134,223,1971,T,17,163.4204553,47.09576935,T17_1971_223,,http://opencontext.org/subjects/a7f2ccbf-3a83-4aa0-2bd0-0e2e99900624
1135,223,1971,T,17,164.3707354,46.7843728,T17_1971_223,,http://opencontext.org/subjects/a7f2ccbf-3a83-4aa0-2bd0-0e2e99900624
1136,223,1971,T,17,162.1909595,40.1324124,T17_1971_223,,http://opencontext.org/subjects/a7f2ccbf-3a83-4aa0-2bd0-0e2e99900624
1137,223,1971,T,17,164.0915196,39.50961929,T17_1971_223,,http://opencontext.org/subjects/a7f2ccbf-3a83-4aa0-2bd0-0e2e99900624
1138,223,1971,T,17,162.8459334,35.70849906,T17_1971_223,,http://opencontext.org/subjects/a7f2ccbf-3a83-4aa0-2bd0-0e2e99900624
1139,223,1971,T,17,166.6470536,34.46291285,T17_1971_223,,http://opencontext.org/subjects/a7f2ccbf-3a83-4aa0-2bd0-0e2e99900624
1140,223,1971,T,17,165.1061613,26.54927584,T17_1971_223,,http://opencontext.org/subjects/a7f2ccbf-3a83-4aa0-2bd0-0e2e99900624
1141,224,1972,T,17,151.8022405,30.90882758,T17_1972_224,,http://opencontext.org/subjects/19cfb9f3-77f7-4edf-0b90-e9d6e76bcd77
1142,224,1972,T,17,154.6048094,39.46134809,T17_1972_224,,http://opencontext.org/subjects/19cfb9f3-77f7-4edf-0b90-e9d6e76bcd77
1143,224,1972,T,17,160.3064898,37.59296878,T17_1972_224,,http://opencontext.org/subjects/19cfb9f3-77f7-4edf-0b90-e9d6e76bcd77
1144,224,1972,T,17,163.4204553,47.09576935,T17_1972_224,,http://opencontext.org/subjects/19cfb9f3-77f7-4edf-0b90-e9d6e76bcd77
1145,224,1972,T,17,164.3707354,46.7843728,T17_1972_224,,http://opencontext.org/subjects/19cfb9f3-77f7-4edf-0b90-e9d6e76bcd77
1146,224,1972,T,17,162.1909595,40.1324124,T17_1972_224,,http://opencontext.org/subjects/19cfb9f3-77f7-4edf-0b90-e9d6e76bcd77
1147,224,1972,T,17,164.0915196,39.50961929,T17_1972_224,,http://opencontext.org/subjects/19cfb9f3-77f7-4edf-0b90-e9d6e76bcd77
1148,224,1972,T,17,162.8459334,35.70849906,T17_1972_224,,http://opencontext.org/subjects/19cfb9f3-77f7-4edf-0b90-e9d6e76bcd77
1149,224,1972,T,17,166.6470536,34.46291285,T17_1972_224,,http://opencontext.org/subjects/19cfb9f3-77f7-4edf-0b90-e9d6e76bcd77
1150,224,1972,T,17,164.7786743,28.76123251,T17_1972_224,,http://opencontext.org/subjects/19cfb9f3-77f7-4edf-0b90-e9d6e76bcd77
1151,224,1972,T,17,168.5797945,27.5156463,T17_1972_224,,http://opencontext.org/subjects/19cfb9f3-77f7-4edf-0b90-e9d6e76bcd77
1152,224,1972,T,17,167.9570014,25.61508619,T17_1972_224,,http://opencontext.org/subjects/19cfb9f3-77f7-4edf-0b90-e9d6e76bcd77
1153,225,1977,T,17,166.3356571,33.5126328,T17_1977_225,,http://opencontext.org/subjects/7f063c00-f507-4eb3-a384-b487190459e4
1154,225,1977,T,17,167.5812433,37.31375302,T17_1977_225,,http://opencontext.org/subjects/7f063c00-f507-4eb3-a384-b487190459e4
1155,225,1977,T,17,147.6253621,43.85308063,T17_1977_225,,http://opencontext.org/subjects/7f063c00-f507-4eb3-a384-b487190459e4
1156,225,1977,T,17,146.3797759,40.0519604,T17_1977_225,,http://opencontext.org/subjects/7f063c00-f507-4eb3-a384-b487190459e4
1157,226,1977,T,17,150.7393276,53.3558812,T17_1977_226,,
1158,226,1977,T,17,155.4907278,51.79889843,T17_1977_226,,
1159,226,1977,T,17,152.3767624,42.29609787,T17_1977_226,,
1160,226,1977,T,17,147.6253621,43.85308063,T17_1977_226,,
1161,227,1992,T,17,154.3095033,35.34883131,T17_1992_227,,http://opencontext.org/subjects/302ea385-93d1-441e-617e-9b5d172eb9ea
1162,227,1992,T,17,154.9322964,37.24939143,T17_1992_227,,http://opencontext.org/subjects/302ea385-93d1-441e-617e-9b5d172eb9ea
1163,227,1992,T,17,156.8328565,36.62659832,T17_1992_227,,http://opencontext.org/subjects/302ea385-93d1-441e-617e-9b5d172eb9ea
1164,227,1992,T,17,156.2100634,34.72603821,T17_1992_227,,http://opencontext.org/subjects/302ea385-93d1-441e-617e-9b5d172eb9ea
1165,228,1971,T,18,166.0403509,29.40011601,T18_1971_228,,http://opencontext.org/subjects/e06c5503-d300-4e11-9001-ba93c6f8fdaf
1166,228,1971,T,18,167.5973337,34.1515163,T18_1971_228,,http://opencontext.org/subjects/e06c5503-d300-4e11-9001-ba93c6f8fdaf
1167,228,1971,T,18,174.2492941,31.97174043,T18_1971_228,,http://opencontext.org/subjects/e06c5503-d300-4e11-9001-ba93c6f8fdaf
1168,228,1971,T,18,173.0037079,28.1706202,T18_1971_228,,http://opencontext.org/subjects/e06c5503-d300-4e11-9001-ba93c6f8fdaf
1169,228,1971,T,18,173.0037079,28.1706202,T18_1971_228,,http://opencontext.org/subjects/e06c5503-d300-4e11-9001-ba93c6f8fdaf
1170,228,1971,T,18,171.1031478,28.79341331,T18_1971_228,,http://opencontext.org/subjects/e06c5503-d300-4e11-9001-ba93c6f8fdaf
1171,228,1971,T,18,170.7917512,27.84313325,T18_1971_228,,http://opencontext.org/subjects/e06c5503-d300-4e11-9001-ba93c6f8fdaf
1172,229,1972,T,18,172.0373374,31.64425348,T18_1972_229,,http://opencontext.org/subjects/aee1b762-b568-47fc-646a-76f7406fee0f
1173,229,1972,T,18,173.2829236,35.44537371,T18_1972_229,,http://opencontext.org/subjects/aee1b762-b568-47fc-646a-76f7406fee0f
1174,229,1972,T,18,175.1834837,34.8225806,T18_1972_229,,http://opencontext.org/subjects/aee1b762-b568-47fc-646a-76f7406fee0f
1175,229,1972,T,18,173.9378975,31.02146038,T18_1972_229,,http://opencontext.org/subjects/aee1b762-b568-47fc-646a-76f7406fee0f
1176,230,1973,T,18,173.2829236,35.44537371,T18_1973_230,,http://opencontext.org/subjects/9736fa6a-3373-4429-50a3-1fb235e00649
1177,230,1973,T,18,174.2171133,38.29621388,T18_1973_230,,http://opencontext.org/subjects/9736fa6a-3373-4429-50a3-1fb235e00649
1178,230,1973,T,18,178.0182335,37.05062767,T18_1973_230,,http://opencontext.org/subjects/9736fa6a-3373-4429-50a3-1fb235e00649
1179,230,1973,T,18,177.0840439,34.1997875,T18_1973_230,,http://opencontext.org/subjects/9736fa6a-3373-4429-50a3-1fb235e00649
1180,231,1975,T,18,171.0870574,31.95565003,T18_1975_231,,http://opencontext.org/subjects/c004d54d-c176-4792-be08-792d9195317a
1181,231,1975,T,18,173.2668332,38.60761043,T18_1975_231,,http://opencontext.org/subjects/c004d54d-c176-4792-be08-792d9195317a
1182,231,1975,T,18,176.1176734,37.67342078,T18_1975_231,,http://opencontext.org/subjects/c004d54d-c176-4792-be08-792d9195317a
1183,231,1975,T,18,173.9378975,31.02146038,T18_1975_231,,http://opencontext.org/subjects/c004d54d-c176-4792-be08-792d9195317a
1184,232,1975,T,18,169.1864972,32.57844314,T18_1975_232,,
1185,232,1975,T,18,171.3662731,39.23040354,T18_1975_232,,
1186,232,1975,T,18,173.2668332,38.60761043,T18_1975_232,,
1187,232,1975,T,18,171.0870574,31.95565003,T18_1975_232,,
1188,233,1975,T,18,169.8253807,31.31676653,T18_1975_233,,
1189,233,1975,T,18,170.1367773,32.26704659,T18_1975_233,,
1190,233,1975,T,18,178.6892978,29.46447761,T18_1975_233,,
1191,233,1975,T,18,178.3779013,28.51419756,T18_1975_233,,
1192,234,1977,T,18,165.0739805,32.87374929,T18_1977_234,,http://opencontext.org/subjects/b663ba3e-cef9-40fc-3546-4c5ac7122efb
1193,234,1977,T,18,166.6309632,37.62514958,T18_1977_234,,http://opencontext.org/subjects/b663ba3e-cef9-40fc-3546-4c5ac7122efb
1194,234,1977,T,18,172.3326436,35.75677026,T18_1977_234,,http://opencontext.org/subjects/b663ba3e-cef9-40fc-3546-4c5ac7122efb
1195,234,1977,T,18,170.7756608,31.00536998,T18_1977_234,,http://opencontext.org/subjects/b663ba3e-cef9-40fc-3546-4c5ac7122efb
1196,235,1989,T,18,156.8489469,33.4643616,T18_1989_235,,http://opencontext.org/subjects/2b395b34-f1d9-4c59-ee39-97e3ce1831a2
1197,235,1989,T,18,157.7831366,36.31520177,T18_1989_235,,http://opencontext.org/subjects/2b395b34-f1d9-4c59-ee39-97e3ce1831a2
1198,235,1989,T,18,163.4848169,34.44682245,T18_1989_235,,http://opencontext.org/subjects/2b395b34-f1d9-4c59-ee39-97e3ce1831a2
1199,235,1989,T,18,162.5506272,31.59598228,T18_1989_235,,http://opencontext.org/subjects/2b395b34-f1d9-4c59-ee39-97e3ce1831a2
1200,236,2001,T,18,169.0,29.5,T18_2001_236,,
1201,236,2001,T,18,169.0,35.0,T18_2001_236,,
1202,236,2001,T,18,173.0,35.0,T18_2001_236,,
1203,236,2001,T,18,173.0,29.5,T18_2001_236,,
1204,237,1972,T,19,175.1834837,34.8225806,T19_1972_237,,http://opencontext.org/subjects/e8d8a984-800a-43b5-e524-87a8e2e85275
1205,237,1972,T,19,180.8851641,32.95420129,T19_1972_237,,http://opencontext.org/subjects/e8d8a984-800a-43b5-e524-87a8e2e85275
1206,237,1972,T,19,179.6395779,29.15308106,T19_1972_237,,http://opencontext.org/subjects/e8d8a984-800a-43b5-e524-87a8e2e85275
1207,237,1972,T,19,195.7943388,23.85933967,T19_1972_237,,http://opencontext.org/subjects/e8d8a984-800a-43b5-e524-87a8e2e85275
1208,237,1972,T,19,194.5487526,20.05821944,T19_1972_237,,http://opencontext.org/subjects/e8d8a984-800a-43b5-e524-87a8e2e85275
1209,237,1972,T,19,182.1951119,24.10637462,T19_1972_237,,http://opencontext.org/subjects/e8d8a984-800a-43b5-e524-87a8e2e85275
1210,237,1972,T,19,183.1293015,26.95721479,T19_1972_237,,http://opencontext.org/subjects/e8d8a984-800a-43b5-e524-87a8e2e85275
1211,237,1972,T,19,182.1790215,27.26861134,T19_1972_237,,http://opencontext.org/subjects/e8d8a984-800a-43b5-e524-87a8e2e85275
1212,237,1972,T,19,181.8676249,26.31833129,T19_1972_237,,http://opencontext.org/subjects/e8d8a984-800a-43b5-e524-87a8e2e85275
1213,237,1972,T,19,176.1659446,28.1867106,T19_1972_237,,http://opencontext.org/subjects/e8d8a984-800a-43b5-e524-87a8e2e85275
1214,237,1972,T,19,175.854548,27.23643055,T19_1972_237,,http://opencontext.org/subjects/e8d8a984-800a-43b5-e524-87a8e2e85275
1215,237,1972,T,19,173.0037079,28.1706202,T19_1972_237,,http://opencontext.org/subjects/e8d8a984-800a-43b5-e524-87a8e2e85275
1216,238,1975,T,19,170.7756608,31.00536998,T19_1975_238,,http://opencontext.org/subjects/6ae46285-0a75-4c91-0c8a-693540d22612
1217,238,1975,T,19,171.0870574,31.95565003,T19_1975_238,,http://opencontext.org/subjects/6ae46285-0a75-4c91-0c8a-693540d22612
1218,238,1975,T,19,178.6892978,29.46447761,T19_1975_238,,http://opencontext.org/subjects/6ae46285-0a75-4c91-0c8a-693540d22612
1219,238,1975,T,19,178.3779013,28.51419756,T19_1975_238,,http://opencontext.org/subjects/6ae46285-0a75-4c91-0c8a-693540d22612
1220,239,1975,T,19,174.6089618,23.43531032,T19_1975_239,,
1221,239,1975,T,19,176.7887377,30.08727072,T19_1975_239,,
1222,239,1975,T,19,178.6892978,29.46447761,T19_1975_239,,
1223,239,1975,T,19,178.3779013,28.51419756,T19_1975_239,,
1224,240,1975,T,19,175.1834837,34.8225806,T19_1975_240,,
1225,240,1975,T,19,176.1176734,37.67342078,T19_1975_240,,
1226,240,1975,T,19,180.8690737,36.11643801,T19_1975_240,,
1227,240,1975,T,19,179.934884,33.26559784,T19_1975_240,,
1228,241,1975,T,19,178.6892978,29.46447761,T19_1975_241,,
1229,241,1975,T,19,180.8690737,36.11643801,T19_1975_241,,
1230,241,1975,T,19,185.620474,34.55945525,T19_1975_241,,
1231,241,1975,T,19,183.4406981,27.90749485,T19_1975_241,,
1232,242,1975,T,19,183.4406981,27.90749485,T19_1975_242,,
1233,242,1975,T,19,185.620474,34.55945525,T19_1975_242,,
1234,242,1975,T,19,188.4713141,33.62526559,T19_1975_242,,
1235,242,1975,T,19,186.2915383,26.97330519,T19_1975_242,,
1236,243,1977,T,19,186.570754,34.2480587,T19_1977_243,,http://opencontext.org/subjects/17a80550-e9da-4d5b-f69b-21a32b3c1458
1237,243,1977,T,19,182.2112023,20.9441379,T19_1977_243,,http://opencontext.org/subjects/17a80550-e9da-4d5b-f69b-21a32b3c1458
1238,243,1977,T,19,192.6642829,17.51877582,T19_1977_243,,http://opencontext.org/subjects/17a80550-e9da-4d5b-f69b-21a32b3c1458
1239,243,1977,T,19,197.0238347,30.82269662,T19_1977_243,,http://opencontext.org/subjects/17a80550-e9da-4d5b-f69b-21a32b3c1458
1240,244,1978,T,21,154.62166,-35.1410192,T21_1978_244,,http://opencontext.org/subjects/ef7c1c1f-7cda-4d22-06d8-e0b6b1c6d9d8
1241,244,1978,T,21,148.3175088,-54.12147436,T21_1978_244,,http://opencontext.org/subjects/ef7c1c1f-7cda-4d22-06d8-e0b6b1c6d9d8
1242,244,1978,T,21,151.1645771,-55.06709703,T21_1978_244,,http://opencontext.org/subjects/ef7c1c1f-7cda-4d22-06d8-e0b6b1c6d9d8
1243,244,1978,T,21,153.37103,-48.42393773,T21_1978_244,,http://opencontext.org/subjects/ef7c1c1f-7cda-4d22-06d8-e0b6b1c6d9d8
1244,244,1978,T,21,157.167121,-49.68476796,T21_1978_244,,http://opencontext.org/subjects/ef7c1c1f-7cda-4d22-06d8-e0b6b1c6d9d8
1245,244,1978,T,21,161.2648193,-37.34747211,T21_1978_244,,http://opencontext.org/subjects/ef7c1c1f-7cda-4d22-06d8-e0b6b1c6d9d8
1246,245,1993,T,21,159.3735739,-43.04160866,T21_1993_245,,http://opencontext.org/subjects/e82d1f24-bfad-49d7-7e19-007759d2e2c8
1247,245,1993,T,21,158.4279513,-45.88867693,T21_1993_245,,http://opencontext.org/subjects/e82d1f24-bfad-49d7-7e19-007759d2e2c8
1248,245,1993,T,21,162.2240423,-47.14950717,T21_1993_245,,http://opencontext.org/subjects/e82d1f24-bfad-49d7-7e19-007759d2e2c8
1249,245,1993,T,21,163.169665,-44.30243889,T21_1993_245,,http://opencontext.org/subjects/e82d1f24-bfad-49d7-7e19-007759d2e2c8
1250,246,1993,T,21,160.3327969,-52.84364371,T21_1993_246,,
1251,246,1993,T,21,159.7023818,-54.74168923,T21_1993_246,,
1252,246,1993,T,21,152.1101998,-52.22002876,T21_1993_246,,
1253,246,1993,T,21,152.7406149,-50.32198324,T21_1993_246,,
1254,247,1997,T,21,147.0,-35.0,T21_1997_247,,http://opencontext.org/subjects/4114e192-9d65-4123-2079-11bd3dd647e3
1255,247,1997,T,21,147.0,-56.0,T21_1997_247,,http://opencontext.org/subjects/4114e192-9d65-4123-2079-11bd3dd647e3
1256,247,1997,T,21,155.0,-56.0,T21_1997_247,,http://opencontext.org/subjects/4114e192-9d65-4123-2079-11bd3dd647e3
1257,247,1997,T,21,155.0,-35.0,T21_1997_247,,http://opencontext.org/subjects/4114e192-9d65-4123-2079-11bd3dd647e3
1258,248,1978,T,22,175.5001607,-42.07558549,T22_1978_248,,http://opencontext.org/subjects/5c7c5703-c751-4458-9611-3994a62ac974
1259,248,1978,T,22,171.4024624,-54.41288134,T22_1978_248,,http://opencontext.org/subjects/5c7c5703-c751-4458-9611-3994a62ac974
1260,248,1978,T,22,174.2495307,-55.35850402,T22_1978_248,,http://opencontext.org/subjects/5c7c5703-c751-4458-9611-3994a62ac974
1261,248,1978,T,22,178.3472289,-43.02120817,T22_1978_248,,http://opencontext.org/subjects/5c7c5703-c751-4458-9611-3994a62ac974
1262,249,1991,T,22,165.0711106,-48.09512984,T22_1991_249,,http://opencontext.org/subjects/ccd880a0-1197-4b38-b82f-222c02d10c41
1263,249,1991,T,22,166.0167332,-45.24806157,T22_1991_249,,http://opencontext.org/subjects/ccd880a0-1197-4b38-b82f-222c02d10c41
1264,249,1991,T,22,175.5069608,-48.40013715,T22_1991_249,,http://opencontext.org/subjects/ccd880a0-1197-4b38-b82f-222c02d10c41
1265,249,1991,T,22,174.5613381,-51.24720543,T22_1991_249,,http://opencontext.org/subjects/ccd880a0-1197-4b38-b82f-222c02d10c41
1266,250,1992,T,22,165.0677105,-44.93285401,T22_1992_250,,http://opencontext.org/subjects/211173b4-ba77-42e7-7a84-afaca458d082
1267,250,1992,T,22,164.1220878,-47.77992228,T22_1992_250,,http://opencontext.org/subjects/211173b4-ba77-42e7-7a84-afaca458d082
1268,250,1992,T,22,162.2240423,-47.14950717,T22_1992_250,,http://opencontext.org/subjects/211173b4-ba77-42e7-7a84-afaca458d082
1269,250,1992,T,22,163.169665,-44.30243889,T22_1992_250,,http://opencontext.org/subjects/211173b4-ba77-42e7-7a84-afaca458d082
1270,251,1993,T,22,163.169665,-44.30243889,T22_1993_251,,http://opencontext.org/subjects/cc2f0592-3b62-4706-2cf9-55dbe9d72e4e
1271,251,1993,T,22,162.2240423,-47.14950717,T22_1993_251,,http://opencontext.org/subjects/cc2f0592-3b62-4706-2cf9-55dbe9d72e4e
1272,251,1993,T,22,160.3259968,-46.51909205,T22_1993_251,,http://opencontext.org/subjects/cc2f0592-3b62-4706-2cf9-55dbe9d72e4e
1273,251,1993,T,22,161.2716194,-43.67202378,T22_1993_251,,http://opencontext.org/subjects/cc2f0592-3b62-4706-2cf9-55dbe9d72e4e
1274,252,1991,CA,38,33.43,-4.0,CA38_1991_252,,
1275,252,1991,CA,38,35.43,-4.0,CA38_1991_252,,
1276,252,1991,CA,38,35.43,-10.0,CA38_1991_252,,
1277,252,1991,CA,38,33.43,-10.0,CA38_1991_252,,
1278,253,1996,CC,7,200.09,-119.0,CC7_1996_253,,
1279,253,1996,CC,7,200.09,-123.0,CC7_1996_253,,
1280,253,1996,CC,7,204.09,-123.0,CC7_1996_253,,
1281,253,1996,CC,7,204.09,-119.0,CC7_1996_253,,
1282,254,1996,CC,8,221.0,-93.0,CC8_1996_254,,
1283,254,1996,CC,8,221.0,-96.0,CC8_1996_254,,
1284,254,1996,CC,8,224.0,-96.0,CC8_1996_254,,
1285,254,1996,CC,8,224.0,-93.0,CC8_1996_254,,
1286,255,1972,Courtyard,,149.749,17.87464,Courtyard_1972_255,,
1287,255,1972,Courtyard,,146.5953,8.38493,Courtyard_1972_255,,
1288,255,1972,Courtyard,,153.2381,6.177367,Courtyard_1972_255,,
1289,255,1972,Courtyard,,156.3918,15.66708,Courtyard_1972_255,,
1290,256,1978,NT,1,149.1823,48.60448,NT1_1978_256,,http://opencontext.org/subjects/02e6eefa-f1ce-4584-752d-44175c50626c
1291,256,1978,NT,1,150.4279,52.4056,NT1_1978_256,,http://opencontext.org/subjects/02e6eefa-f1ce-4584-752d-44175c50626c
1292,256,1978,NT,1,154.2291,51.16001,NT1_1978_256,,http://opencontext.org/subjects/02e6eefa-f1ce-4584-752d-44175c50626c
1293,256,1978,NT,1,152.9835,47.35889,NT1_1978_256,,http://opencontext.org/subjects/02e6eefa-f1ce-4584-752d-44175c50626c
1294,257,1988,NT,3,207.4769,27.39733,NT3_1988_257,,http://opencontext.org/subjects/9b6eb7fc-0506-4f28-22a5-d8c725e7c8a7
1295,257,1988,NT,3,209.0339,32.14873,NT3_1988_257,,http://opencontext.org/subjects/9b6eb7fc-0506-4f28-22a5-d8c725e7c8a7
1296,257,1988,NT,3,217.5864,29.34617,NT3_1988_257,,http://opencontext.org/subjects/9b6eb7fc-0506-4f28-22a5-d8c725e7c8a7
1297,257,1988,NT,3,216.0294,24.59477,NT3_1988_257,,http://opencontext.org/subjects/9b6eb7fc-0506-4f28-22a5-d8c725e7c8a7
1298,258,1968,A,1,144.0,35.9,A1_1968_258,,http://opencontext.org/subjects/4daf1629-9562-4894-53be-76aaa63e2bb3
1299,258,1968,A,1,151.8,33.55,A1_1968_258,,http://opencontext.org/subjects/4daf1629-9562-4894-53be-76aaa63e2bb3
1300,258,1968,A,1,147.3,24.85,A1_1968_258,,http://opencontext.org/subjects/4daf1629-9562-4894-53be-76aaa63e2bb3
1301,258,1968,A,1,141.9,27.0,A1_1968_258,,http://opencontext.org/subjects/4daf1629-9562-4894-53be-76aaa63e2bb3
1302,259,1968,A,2A,147.3,24.85,A2A_1968_259,,http://opencontext.org/subjects/038dc277-d83a-492b-f5ce-ae13dce3d50b
1303,259,1968,A,2A,141.9,27.0,A2A_1968_259,,http://opencontext.org/subjects/038dc277-d83a-492b-f5ce-ae13dce3d50b
1304,259,1968,A,2A,141.0,23.2,A2A_1968_259,,http://opencontext.org/subjects/038dc277-d83a-492b-f5ce-ae13dce3d50b
1305,259,1968,A,2A,146.2,20.95,A2A_1968_259,,http://opencontext.org/subjects/038dc277-d83a-492b-f5ce-ae13dce3d50b
1306,260,1968,A,2B,141.0,23.2,A2B_1968_260,,http://opencontext.org/subjects/403cdcf6-c5cf-4fc2-c66c-075f99ea91ad
1307,260,1968,A,2B,146.2,20.95,A2B_1968_260,,http://opencontext.org/subjects/403cdcf6-c5cf-4fc2-c66c-075f99ea91ad
1308,260,1968,A,2B,146.1,18.7,A2B_1968_260,,http://opencontext.org/subjects/403cdcf6-c5cf-4fc2-c66c-075f99ea91ad
1309,260,1968,A,2B,139.5,20.7,A2B_1968_260,,http://opencontext.org/subjects/403cdcf6-c5cf-4fc2-c66c-075f99ea91ad
1310,261,1968,A,2C,139.5,20.7,A2C_1968_261,,http://opencontext.org/subjects/85bcd16c-705b-4cc5-c88a-52c280711a7b
1311,261,1968,A,2C,146.7,18.2,A2C_1968_261,,http://opencontext.org/subjects/85bcd16c-705b-4cc5-c88a-52c280711a7b
1312,261,1968,A,2C,145.9,13.9,A2C_1968_261,,http://opencontext.org/subjects/85bcd16c-705b-4cc5-c88a-52c280711a7b
1313,261,1968,A,2C,138.33,15.5,A2C_1968_261,,http://opencontext.org/subjects/85bcd16c-705b-4cc5-c88a-52c280711a7b
1314,262,1968,A,2D,145.9,13.9,A2D_1968_262,,http://opencontext.org/subjects/e651cbef-b83d-4ed4-21fd-a8a9ae2c18bd
1315,262,1968,A,2D,138.33,15.5,A2D_1968_262,,http://opencontext.org/subjects/e651cbef-b83d-4ed4-21fd-a8a9ae2c18bd
1316,262,1968,A,2D,136.2,7.7,A2D_1968_262,,http://opencontext.org/subjects/e651cbef-b83d-4ed4-21fd-a8a9ae2c18bd
1317,262,1968,A,2D,142.9,5.4,A2D_1968_262,,http://opencontext.org/subjects/e651cbef-b83d-4ed4-21fd-a8a9ae2c18bd
1318,263,1969,A,3,136.2,7.7,A3_1969_263,,http://opencontext.org/subjects/8fd93d1c-264c-40b6-9a72-1f3eab44c8b6
1319,263,1969,A,3,142.9,5.4,A3_1969_263,,http://opencontext.org/subjects/8fd93d1c-264c-40b6-9a72-1f3eab44c8b6
1320,263,1969,A,3,140.8,-2.1,A3_1969_263,,http://opencontext.org/subjects/8fd93d1c-264c-40b6-9a72-1f3eab44c8b6
1321,263,1969,A,3,132.7,1.7,A3_1969_263,,http://opencontext.org/subjects/8fd93d1c-264c-40b6-9a72-1f3eab44c8b6
1322,264,1969,A,4,136.7,-0.7,A4_1969_264,,http://opencontext.org/subjects/2a1a12f4-f920-4a59-35c5-70d8d7fec492
1323,264,1969,A,4,141.0,-2.7,A4_1969_264,,http://opencontext.org/subjects/2a1a12f4-f920-4a59-35c5-70d8d7fec492
1324,264,1969,A,4,139.5,-13.4,A4_1969_264,,http://opencontext.org/subjects/2a1a12f4-f920-4a59-35c5-70d8d7fec492
1325,264,1969,A,4,133.2,-11.45,A4_1969_264,,http://opencontext.org/subjects/2a1a12f4-f920-4a59-35c5-70d8d7fec492
1326,265,1969,A,5,133.7,-10.5,A5_1969_265,,http://opencontext.org/subjects/9673d2a7-4426-412b-cdcb-1d74fac4bd20
1327,265,1969,A,5,139.6,-12.4,A5_1969_265,,http://opencontext.org/subjects/9673d2a7-4426-412b-cdcb-1d74fac4bd20
1328,265,1969,A,5,133.85,-17.75,A5_1969_265,,http://opencontext.org/subjects/9673d2a7-4426-412b-cdcb-1d74fac4bd20
1329,265,1969,A,5,131.9,-11.6,A5_1969_265,,http://opencontext.org/subjects/9673d2a7-4426-412b-cdcb-1d74fac4bd20
1330,266,1969,A,6,133.0,0.7,A6_1969_266,,http://opencontext.org/subjects/3cd9ca1d-069b-4a65-3dfd-3d170ae8023c
1331,266,1969,A,6,163.3,-0.7,A6_1969_266,,http://opencontext.org/subjects/3cd9ca1d-069b-4a65-3dfd-3d170ae8023c
1332,266,1969,A,6,133.85,-17.75,A6_1969_266,,http://opencontext.org/subjects/3cd9ca1d-069b-4a65-3dfd-3d170ae8023c
1333,266,1969,A,6,141.4,-14.3,A6_1969_266,,http://opencontext.org/subjects/3cd9ca1d-069b-4a65-3dfd-3d170ae8023c
1334,267,1969,A,7,135.4,8.5,A7_1969_267,,http://opencontext.org/subjects/be44a1b2-774b-4bb0-afdf-4617996cff76
1335,267,1969,A,7,142.9,5.4,A7_1969_267,,http://opencontext.org/subjects/be44a1b2-774b-4bb0-afdf-4617996cff76
1336,267,1969,A,7,136.7,-0.7,A7_1969_267,,http://opencontext.org/subjects/be44a1b2-774b-4bb0-afdf-4617996cff76
1337,267,1969,A,7,133.0,0.7,A7_1969_267,,http://opencontext.org/subjects/be44a1b2-774b-4bb0-afdf-4617996cff76
1338,268,1969,A,8,143.5,35.3,A8_1969_268,,http://opencontext.org/subjects/05cab086-0e36-478c-f72c-22a15abcfb19
1339,268,1969,A,8,147.5,35.2,A8_1969_268,,http://opencontext.org/subjects/05cab086-0e36-478c-f72c-22a15abcfb19
1340,268,1969,A,8,142.9,5.4,A8_1969_268,,http://opencontext.org/subjects/05cab086-0e36-478c-f72c-22a15abcfb19
1341,268,1969,A,8,135.4,8.5,A8_1969_268,,http://opencontext.org/subjects/05cab086-0e36-478c-f72c-22a15abcfb19
1342,269,1970,A,9A,134.5,-16.3,A9A_1970_269,,http://opencontext.org/subjects/321d5bd9-70ee-4095-fd3e-c80b00cdec78
1343,269,1970,A,9A,137.5,-17.6,A9A_1970_269,,http://opencontext.org/subjects/321d5bd9-70ee-4095-fd3e-c80b00cdec78
1344,269,1970,A,9A,133.1,-29.4,A9A_1970_269,,http://opencontext.org/subjects/321d5bd9-70ee-4095-fd3e-c80b00cdec78
1345,269,1970,A,9A,130.6,-28.5,A9A_1970_269,,http://opencontext.org/subjects/321d5bd9-70ee-4095-fd3e-c80b00cdec78
1346,270,1970,A,9B,133.85,-17.75,A9B_1970_270,,http://opencontext.org/subjects/66213b47-0de6-450b-10df-d9143c5c8bc2
1347,270,1970,A,9B,134.5,-16.3,A9B_1970_270,,http://opencontext.org/subjects/66213b47-0de6-450b-10df-d9143c5c8bc2
1348,270,1970,A,9B,130.6,-28.5,A9B_1970_270,,http://opencontext.org/subjects/66213b47-0de6-450b-10df-d9143c5c8bc2
1349,270,1970,A,9B,127.7,-27.5,A9B_1970_270,,http://opencontext.org/subjects/66213b47-0de6-450b-10df-d9143c5c8bc2
1350,271,1970,A,9C,141.4,-14.3,A9C_1970_271,,http://opencontext.org/subjects/034aa229-42a6-4b45-287e-e5c409981cf9
1351,271,1970,A,9C,133.85,-17.75,A9C_1970_271,,http://opencontext.org/subjects/034aa229-42a6-4b45-287e-e5c409981cf9
1352,271,1970,A,9C,128.8,-28.5,A9C_1970_271,,http://opencontext.org/subjects/034aa229-42a6-4b45-287e-e5c409981cf9
1353,271,1970,A,9C,135.4,8.5,A9C_1970_271,,http://opencontext.org/subjects/034aa229-42a6-4b45-287e-e5c409981cf9
1354,272,1997,A,9Ext,137.5,-17.6,A9Ext_1997_272,,
1355,272,1997,A,9Ext,141.1,-18.9,A9Ext_1997_272,,
1356,272,1997,A,9Ext,136.6,-30.7,A9Ext_1997_272,,
1357,272,1997,A,9Ext,133.1,-29.4,A9Ext_1997_272,,
1358,273,1966,T,1,161.04,31.1,T1_1966_273,,http://opencontext.org/subjects/1e4c1934-f7f3-40e4-04ca-53fc2c50e193
1359,273,1966,T,1,162.2,29.8,T1_1966_273,,http://opencontext.org/subjects/1e4c1934-f7f3-40e4-04ca-53fc2c50e193
1360,273,1966,T,1,157.18,22.9,T1_1966_273,,http://opencontext.org/subjects/1e4c1934-f7f3-40e4-04ca-53fc2c50e193
1361,273,1966,T,1,155.85,24.1,T1_1966_273,,http://opencontext.org/subjects/1e4c1934-f7f3-40e4-04ca-53fc2c50e193
1362,274,1966,T,1A,162.2,29.8,T1A_1966_274,,http://opencontext.org/subjects/e947308a-5f9a-41dd-e98a-d63bea1ce1d9
1363,274,1966,T,1A,163.88,28.5,T1A_1966_274,,http://opencontext.org/subjects/e947308a-5f9a-41dd-e98a-d63bea1ce1d9
1364,274,1966,T,1A,158.47,21.6,T1A_1966_274,,http://opencontext.org/subjects/e947308a-5f9a-41dd-e98a-d63bea1ce1d9
1365,274,1966,T,1A,157.18,22.9,T1A_1966_274,,http://opencontext.org/subjects/e947308a-5f9a-41dd-e98a-d63bea1ce1d9
1366,275,1966,T,1B,163.88,28.5,T1B_1966_275,,http://opencontext.org/subjects/eeb08529-f0be-4311-53e7-1a4c8bcc200d
1367,275,1966,T,1B,165.86,27.1,T1B_1966_275,,http://opencontext.org/subjects/eeb08529-f0be-4311-53e7-1a4c8bcc200d
1368,275,1966,T,1B,159.96,20.4,T1B_1966_275,,http://opencontext.org/subjects/eeb08529-f0be-4311-53e7-1a4c8bcc200d
1369,275,1966,T,1B,158.47,21.6,T1B_1966_275,,http://opencontext.org/subjects/eeb08529-f0be-4311-53e7-1a4c8bcc200d
1370,276,1966,T,1C,165.86,27.1,T1C_1966_276,,http://opencontext.org/subjects/938bca2c-161d-4dc5-130b-c54c98ec8f82
1371,276,1966,T,1C,167.06,26.0,T1C_1966_276,,http://opencontext.org/subjects/938bca2c-161d-4dc5-130b-c54c98ec8f82
1372,276,1966,T,1C,161.51,19.1,T1C_1966_276,,http://opencontext.org/subjects/938bca2c-161d-4dc5-130b-c54c98ec8f82
1373,276,1966,T,1C,159.96,20.4,T1C_1966_276,,http://opencontext.org/subjects/938bca2c-161d-4dc5-130b-c54c98ec8f82
1374,277,1966,T,1D,161.87,32.5,T1D_1966_277,,http://opencontext.org/subjects/afce6c74-53de-46b2-ef24-f4e1c5dae3d6
1375,277,1966,T,1D,168.24,27.5,T1D_1966_277,,http://opencontext.org/subjects/afce6c74-53de-46b2-ef24-f4e1c5dae3d6
1376,277,1966,T,1D,167.06,26.0,T1D_1966_277,,http://opencontext.org/subjects/afce6c74-53de-46b2-ef24-f4e1c5dae3d6
1377,277,1966,T,1D,161.04,31.1,T1D_1966_277,,http://opencontext.org/subjects/afce6c74-53de-46b2-ef24-f4e1c5dae3d6
1378,278,1966,T,1E,158.84,35.0,T1E_1966_278,,http://opencontext.org/subjects/769885e1-c279-470d-5f7c-18ae42cb00ac
1379,278,1966,T,1E,161.87,32.5,T1E_1966_278,,http://opencontext.org/subjects/769885e1-c279-470d-5f7c-18ae42cb00ac
1380,278,1966,T,1E,155.85,24.1,T1E_1966_278,,http://opencontext.org/subjects/769885e1-c279-470d-5f7c-18ae42cb00ac
1381,278,1966,T,1E,154.0,26.5,T1E_1966_278,,http://opencontext.org/subjects/769885e1-c279-470d-5f7c-18ae42cb00ac
1382,279,1966,T,1F,165.08,32.8,T1F_1966_279,,http://opencontext.org/subjects/c03933df-64f7-4c78-75a3-980b41cb53d8
1383,279,1966,T,1F,169.63,29.1,T1F_1966_279,,http://opencontext.org/subjects/c03933df-64f7-4c78-75a3-980b41cb53d8
1384,279,1966,T,1F,168.24,27.5,T1F_1966_279,,http://opencontext.org/subjects/c03933df-64f7-4c78-75a3-980b41cb53d8
1385,279,1966,T,1F,163.32,31.5,T1F_1966_279,,http://opencontext.org/subjects/c03933df-64f7-4c78-75a3-980b41cb53d8
1386,280,1967,T,1G,154.51,33.7,T1G_1967_280,,http://opencontext.org/subjects/7a31b205-c6d1-4d24-eba4-d93d5732e28a
1387,280,1967,T,1G,156.68,31.5,T1G_1967_280,,http://opencontext.org/subjects/7a31b205-c6d1-4d24-eba4-d93d5732e28a
1388,280,1967,T,1G,154.0,26.5,T1G_1967_280,,http://opencontext.org/subjects/7a31b205-c6d1-4d24-eba4-d93d5732e28a
1389,280,1967,T,1G,152.4,28.8,T1G_1967_280,,http://opencontext.org/subjects/7a31b205-c6d1-4d24-eba4-d93d5732e28a
1390,281,1967,T,1H,152.61,34.0,T1H_1967_281,,http://opencontext.org/subjects/10bfdd6b-7bd6-4714-f81f-2d7e52d243d6
1391,281,1967,T,1H,145.55,32.8,T1H_1967_281,,http://opencontext.org/subjects/10bfdd6b-7bd6-4714-f81f-2d7e52d243d6
1392,281,1967,T,1H,147.6,28.8,T1H_1967_281,,http://opencontext.org/subjects/10bfdd6b-7bd6-4714-f81f-2d7e52d243d6
1393,281,1967,T,1H,146.53,30.0,T1H_1967_281,,http://opencontext.org/subjects/10bfdd6b-7bd6-4714-f81f-2d7e52d243d6
1394,282,1967,T,1K,169.63,29.1,T1K_1967_282,,http://opencontext.org/subjects/2042b811-d07c-4665-2cab-6c9673e54127
1395,282,1967,T,1K,172.63,26.7,T1K_1967_282,,http://opencontext.org/subjects/2042b811-d07c-4665-2cab-6c9673e54127
1396,282,1967,T,1K,165.14,16.1,T1K_1967_282,,http://opencontext.org/subjects/2042b811-d07c-4665-2cab-6c9673e54127
1397,282,1967,T,1K,161.51,19.1,T1K_1967_282,,http://opencontext.org/subjects/2042b811-d07c-4665-2cab-6c9673e54127
1398,283,1967,T,1L,172.63,26.7,T1L_1967_283,,http://opencontext.org/subjects/ba3576d9-df16-4ae9-532a-841ccf20df84
1399,283,1967,T,1L,175.66,24.1,T1L_1967_283,,http://opencontext.org/subjects/ba3576d9-df16-4ae9-532a-841ccf20df84
1400,283,1967,T,1L,167.74,14.0,T1L_1967_283,,http://opencontext.org/subjects/ba3576d9-df16-4ae9-532a-841ccf20df84
1401,283,1967,T,1L,165.14,16.1,T1L_1967_283,,http://opencontext.org/subjects/ba3576d9-df16-4ae9-532a-841ccf20df84
1402,284,1967,T,1M,174.0,22.0,T1M_1967_284,,http://opencontext.org/subjects/00fabcf8-a821-4934-9a17-0c23dc2106b4
1403,284,1967,T,1M,172.0,21.6,T1M_1967_284,,http://opencontext.org/subjects/00fabcf8-a821-4934-9a17-0c23dc2106b4
1404,284,1967,T,1M,170.0,10.0,T1M_1967_284,,http://opencontext.org/subjects/00fabcf8-a821-4934-9a17-0c23dc2106b4
1405,284,1967,T,1M,174.0,10.0,T1M_1967_284,,http://opencontext.org/subjects/00fabcf8-a821-4934-9a17-0c23dc2106b4
1406,285,1967,T,1N,175.0,25.0,T1N_1967_285,,http://opencontext.org/subjects/1107e1d5-dfad-4d63-3dd2-1096ae61587d
1407,285,1967,T,1N,180.0,24.0,T1N_1967_285,,http://opencontext.org/subjects/1107e1d5-dfad-4d63-3dd2-1096ae61587d
1408,285,1967,T,1N,176.0,24.0,T1N_1967_285,,http://opencontext.org/subjects/1107e1d5-dfad-4d63-3dd2-1096ae61587d
1409,285,1967,T,1N,178.0,21.0,T1N_1967_285,,http://opencontext.org/subjects/1107e1d5-dfad-4d63-3dd2-1096ae61587d
1410,286,1967,T,1P,161.51,19.1,T1P_1967_286,,http://opencontext.org/subjects/b19c4f26-ed8c-46bf-0a9a-2565484c9ed6
1411,286,1967,T,1P,168.54,13.1,T1P_1967_286,,http://opencontext.org/subjects/b19c4f26-ed8c-46bf-0a9a-2565484c9ed6
1412,286,1967,T,1P,167.89,11.4,T1P_1967_286,,http://opencontext.org/subjects/b19c4f26-ed8c-46bf-0a9a-2565484c9ed6
1413,286,1967,T,1P,156.89,14.1,T1P_1967_286,,http://opencontext.org/subjects/b19c4f26-ed8c-46bf-0a9a-2565484c9ed6
1414,287,1967,T,1Q,154.97,24.5,T1Q_1967_287,,http://opencontext.org/subjects/8c7f1700-d3b1-408f-0bb7-d10b775f2b2e
1415,287,1967,T,1Q,161.51,19.1,T1Q_1967_287,,http://opencontext.org/subjects/8c7f1700-d3b1-408f-0bb7-d10b775f2b2e
1416,287,1967,T,1Q,156.89,14.1,T1Q_1967_287,,http://opencontext.org/subjects/8c7f1700-d3b1-408f-0bb7-d10b775f2b2e
1417,287,1967,T,1Q,153.16,16.5,T1Q_1967_287,,http://opencontext.org/subjects/8c7f1700-d3b1-408f-0bb7-d10b775f2b2e
1418,288,1967,T,1R,182.5,25.0,T1R_1967_288,,http://opencontext.org/subjects/e84623b7-e3d6-4bc1-c5f7-4ad36e4d6e81
1419,288,1967,T,1R,187.5,23.4,T1R_1967_288,,http://opencontext.org/subjects/e84623b7-e3d6-4bc1-c5f7-4ad36e4d6e81
1420,288,1967,T,1R,185.72,18.0,T1R_1967_288,,http://opencontext.org/subjects/e84623b7-e3d6-4bc1-c5f7-4ad36e4d6e81
1421,288,1967,T,1R,180.97,19.5,T1R_1967_288,,http://opencontext.org/subjects/e84623b7-e3d6-4bc1-c5f7-4ad36e4d6e81
1422,289,1967,T,1S,153.27,26.6,T1S_1967_289,,http://opencontext.org/subjects/f8d0afb5-cc02-4756-e6a9-474692be78c3
1423,289,1967,T,1S,154.97,24.5,T1S_1967_289,,http://opencontext.org/subjects/f8d0afb5-cc02-4756-e6a9-474692be78c3
1424,289,1967,T,1S,153.16,16.5,T1S_1967_289,,http://opencontext.org/subjects/f8d0afb5-cc02-4756-e6a9-474692be78c3
1425,289,1967,T,1S,148.8,17.6,T1S_1967_289,,http://opencontext.org/subjects/f8d0afb5-cc02-4756-e6a9-474692be78c3
1426,290,1967,T,1T,190.15,23.5,T1T_1967_290,,http://opencontext.org/subjects/f2e38a8d-1156-43cc-8efc-875820d95fd4
1427,290,1967,T,1T,192.26,21.9,T1T_1967_290,,http://opencontext.org/subjects/f2e38a8d-1156-43cc-8efc-875820d95fd4
1428,290,1967,T,1T,190.55,16.4,T1T_1967_290,,http://opencontext.org/subjects/f2e38a8d-1156-43cc-8efc-875820d95fd4
1429,290,1967,T,1T,186.08,18.0,T1T_1967_290,,http://opencontext.org/subjects/f2e38a8d-1156-43cc-8efc-875820d95fd4
1430,291,1967,T,1U,147.61,28.6,T1U_1967_291,,http://opencontext.org/subjects/4d825459-8568-47a5-9a85-8510957aabb8
1431,291,1967,T,1U,153.27,26.6,T1U_1967_291,,http://opencontext.org/subjects/4d825459-8568-47a5-9a85-8510957aabb8
1432,291,1967,T,1U,148.8,17.6,T1U_1967_291,,http://opencontext.org/subjects/4d825459-8568-47a5-9a85-8510957aabb8
1433,291,1967,T,1U,146.12,18.6,T1U_1967_291,,http://opencontext.org/subjects/4d825459-8568-47a5-9a85-8510957aabb8
1434,292,1967,T,1V,192.26,21.9,T1V_1967_292,,http://opencontext.org/subjects/9020295d-29de-4709-1657-f077c4c2057e
1435,292,1967,T,1V,196.83,20.6,T1V_1967_292,,http://opencontext.org/subjects/9020295d-29de-4709-1657-f077c4c2057e
1436,292,1967,T,1V,195.12,15.0,T1V_1967_292,,http://opencontext.org/subjects/9020295d-29de-4709-1657-f077c4c2057e
1437,292,1967,T,1V,190.55,16.4,T1V_1967_292,,http://opencontext.org/subjects/9020295d-29de-4709-1657-f077c4c2057e
1438,293,1967,T,1W,184.12,21.0,T1W_1967_293,,http://opencontext.org/subjects/0d9788f5-d6fb-425c-d87e-252d6a1d2f55
1439,293,1967,T,1W,181.41,19.85,T1W_1967_293,,http://opencontext.org/subjects/0d9788f5-d6fb-425c-d87e-252d6a1d2f55
1440,293,1967,T,1W,187.01,8.5,T1W_1967_293,,http://opencontext.org/subjects/0d9788f5-d6fb-425c-d87e-252d6a1d2f55
1441,293,1967,T,1W,187.47,9.9,T1W_1967_293,,http://opencontext.org/subjects/0d9788f5-d6fb-425c-d87e-252d6a1d2f55
1442,294,1967,T,1X,181.41,19.85,T1X_1967_294,,http://opencontext.org/subjects/8fec1f08-b91f-4f02-3065-42c80dfa828c
1443,294,1967,T,1X,195.12,15.0,T1X_1967_294,,http://opencontext.org/subjects/8fec1f08-b91f-4f02-3065-42c80dfa828c
1444,294,1967,T,1X,194.31,12.5,T1X_1967_294,,http://opencontext.org/subjects/8fec1f08-b91f-4f02-3065-42c80dfa828c
1445,294,1967,T,1X,181.87,17.4,T1X_1967_294,,http://opencontext.org/subjects/8fec1f08-b91f-4f02-3065-42c80dfa828c
1446,295,1967,T,1Y,178.14,17.3,T1Y_1967_295,,http://opencontext.org/subjects/59109adc-4ddb-4223-0ba1-e0c5593a20f7
1447,295,1967,T,1Y,182.55,16.1,T1Y_1967_295,,http://opencontext.org/subjects/59109adc-4ddb-4223-0ba1-e0c5593a20f7
1448,295,1967,T,1Y,180.0,7.4,T1Y_1967_295,,http://opencontext.org/subjects/59109adc-4ddb-4223-0ba1-e0c5593a20f7
1449,295,1967,T,1Y,175.99,8.5,T1Y_1967_295,,http://opencontext.org/subjects/59109adc-4ddb-4223-0ba1-e0c5593a20f7
1450,296,1967,T,1Z,192.27,13.8,T1Z_1967_296,,http://opencontext.org/subjects/fd2fa15c-22ac-4585-360f-8ff50c98791f
1451,296,1967,T,1Z,195.31,12.5,T1Z_1967_296,,http://opencontext.org/subjects/fd2fa15c-22ac-4585-360f-8ff50c98791f
1452,296,1967,T,1Z,190.99,4.0,T1Z_1967_296,,http://opencontext.org/subjects/fd2fa15c-22ac-4585-360f-8ff50c98791f
1453,296,1967,T,1Z,187.22,5.2,T1Z_1967_296,,http://opencontext.org/subjects/fd2fa15c-22ac-4585-360f-8ff50c98791f
1454,297,1967,T,1AA,182.55,16.1,T1AA_1967_297,,http://opencontext.org/subjects/865868e6-b3f9-43d4-1eaf-b2fa1008c3a7
1455,297,1967,T,1AA,187.09,14.9,T1AA_1967_297,,http://opencontext.org/subjects/865868e6-b3f9-43d4-1eaf-b2fa1008c3a7
1456,297,1967,T,1AA,183.88,6.3,T1AA_1967_297,,http://opencontext.org/subjects/865868e6-b3f9-43d4-1eaf-b2fa1008c3a7
1457,297,1967,T,1AA,180.0,7.4,T1AA_1967_297,,http://opencontext.org/subjects/865868e6-b3f9-43d4-1eaf-b2fa1008c3a7
1458,298,1967,T,1AB,197.11,20.5,T1AB_1967_298,,http://opencontext.org/subjects/fe6761c0-9514-48e9-ceab-d8d7cd0a44f8
1459,298,1967,T,1AB,202.72,18.5,T1AB_1967_298,,http://opencontext.org/subjects/fe6761c0-9514-48e9-ceab-d8d7cd0a44f8
1460,298,1967,T,1AB,197.18,2.0,T1AB_1967_298,,http://opencontext.org/subjects/fe6761c0-9514-48e9-ceab-d8d7cd0a44f8
1461,298,1967,T,1AB,191.1,4.0,T1AB_1967_298,,http://opencontext.org/subjects/fe6761c0-9514-48e9-ceab-d8d7cd0a44f8
1462,299,1967,T,1AC,187.09,14.9,T1AC_1967_299,,http://opencontext.org/subjects/4595251b-b67a-4132-443b-0000e2044c85
1463,299,1967,T,1AC,190.27,13.8,T1AC_1967_299,,http://opencontext.org/subjects/4595251b-b67a-4132-443b-0000e2044c85
1464,299,1967,T,1AC,187.22,5.5,T1AC_1967_299,,http://opencontext.org/subjects/4595251b-b67a-4132-443b-0000e2044c85
1465,299,1967,T,1AC,182.16,5.3,T1AC_1967_299,,http://opencontext.org/subjects/4595251b-b67a-4132-443b-0000e2044c85
1466,300,1967,T,1AD,146.12,18.6,T1AD_1967_300,,http://opencontext.org/subjects/ff55f04e-e14e-4230-7155-6dbcdaafab19
1467,300,1967,T,1AD,156.4,15.1,T1AD_1967_300,,http://opencontext.org/subjects/ff55f04e-e14e-4230-7155-6dbcdaafab19
1468,300,1967,T,1AD,155.1,12.5,T1AD_1967_300,,http://opencontext.org/subjects/ff55f04e-e14e-4230-7155-6dbcdaafab19
1469,300,1967,T,1AD,144.89,15.9,T1AD_1967_300,,http://opencontext.org/subjects/ff55f04e-e14e-4230-7155-6dbcdaafab19
1470,301,1967,T,1AE,202.72,18.5,T1AE_1967_301,,http://opencontext.org/subjects/21ee7a84-703b-49da-60fb-d7fafa83fd6e
1471,301,1967,T,1AE,206.39,17.2,T1AE_1967_301,,http://opencontext.org/subjects/21ee7a84-703b-49da-60fb-d7fafa83fd6e
1472,301,1967,T,1AE,200.88,0.8,T1AE_1967_301,,http://opencontext.org/subjects/21ee7a84-703b-49da-60fb-d7fafa83fd6e
1473,301,1967,T,1AE,197.18,2.0,T1AE_1967_301,,http://opencontext.org/subjects/21ee7a84-703b-49da-60fb-d7fafa83fd6e
1474,302,1967,T,1AF,156.4,15.1,T1AF_1967_302,,http://opencontext.org/subjects/1f380c32-eda5-4f74-59cf-05bc44055468
1475,302,1967,T,1AF,173.3,9.6,T1AF_1967_302,,http://opencontext.org/subjects/1f380c32-eda5-4f74-59cf-05bc44055468
1476,302,1967,T,1AF,172.49,6.8,T1AF_1967_302,,http://opencontext.org/subjects/1f380c32-eda5-4f74-59cf-05bc44055468
1477,302,1967,T,1AF,155.1,12.5,T1AF_1967_302,,http://opencontext.org/subjects/1f380c32-eda5-4f74-59cf-05bc44055468
1478,303,1967,T,1AG,190.53,4.1,T1AG_1967_303,,http://opencontext.org/subjects/a03e5ea3-cc6f-4bae-3fa0-d7e8931adcf5
1479,303,1967,T,1AG,200.88,0.8,T1AG_1967_303,,http://opencontext.org/subjects/a03e5ea3-cc6f-4bae-3fa0-d7e8931adcf5
1480,303,1967,T,1AG,200.0,-2.0,T1AG_1967_303,,http://opencontext.org/subjects/a03e5ea3-cc6f-4bae-3fa0-d7e8931adcf5
1481,303,1967,T,1AG,189.52,1.2,T1AG_1967_303,,http://opencontext.org/subjects/a03e5ea3-cc6f-4bae-3fa0-d7e8931adcf5
1482,304,1967,T,1AH,173.3,9.6,T1AH_1967_304,,http://opencontext.org/subjects/1e07d087-de44-4b52-0c69-21481b1e6816
1483,304,1967,T,1AH,190.49,4.1,T1AH_1967_304,,http://opencontext.org/subjects/1e07d087-de44-4b52-0c69-21481b1e6816
1484,304,1967,T,1AH,189.48,1.2,T1AH_1967_304,,http://opencontext.org/subjects/1e07d087-de44-4b52-0c69-21481b1e6816
1485,304,1967,T,1AH,172.49,6.8,T1AH_1967_304,,http://opencontext.org/subjects/1e07d087-de44-4b52-0c69-21481b1e6816
1486,305,1967,T,1AJ,193.5,0.0,T1AJ_1967_305,,http://opencontext.org/subjects/f17d401c-a890-49b3-972f-c516da9dfc8d
1487,305,1967,T,1AJ,200.0,-2.0,T1AJ_1967_305,,http://opencontext.org/subjects/f17d401c-a890-49b3-972f-c516da9dfc8d
1488,305,1967,T,1AJ,198.17,6.2,T1AJ_1967_305,,http://opencontext.org/subjects/f17d401c-a890-49b3-972f-c516da9dfc8d
1489,305,1967,T,1AJ,192.05,4.0,T1AJ_1967_305,,http://opencontext.org/subjects/f17d401c-a890-49b3-972f-c516da9dfc8d
1490,306,1968,T,1AK,196.0,21.8,T1AK_1968_306,,
1491,306,1968,T,1AK,209.43,20.9,T1AK_1968_306,,
1492,306,1968,T,1AK,206.39,17.2,T1AK_1968_306,,
1493,306,1968,T,1AK,204.5,17.8,T1AK_1968_306,,
1494,307,1967,T,5A,146.06,15.3,T5A_1967_307,,http://opencontext.org/subjects/6f340337-95b3-48e1-d09b-d5d7ff9700e0
1495,307,1967,T,5A,148.31,14.2,T5A_1967_307,,http://opencontext.org/subjects/6f340337-95b3-48e1-d09b-d5d7ff9700e0
1496,307,1967,T,5A,147.08,6.8,T5A_1967_307,,http://opencontext.org/subjects/6f340337-95b3-48e1-d09b-d5d7ff9700e0
1497,307,1967,T,5A,143.66,7.6,T5A_1967_307,,http://opencontext.org/subjects/6f340337-95b3-48e1-d09b-d5d7ff9700e0
1498,308,1967,T,5B,148.31,14.2,T5B_1967_308,,http://opencontext.org/subjects/24878b9f-e641-49a6-e7be-f536303a96bd
1499,308,1967,T,5B,155.1,12.5,T5B_1967_308,,http://opencontext.org/subjects/24878b9f-e641-49a6-e7be-f536303a96bd
1500,308,1967,T,5B,154.08,9.35,T5B_1967_308,,http://opencontext.org/subjects/24878b9f-e641-49a6-e7be-f536303a96bd
1501,308,1967,T,5B,148.15,11.3,T5B_1967_308,,http://opencontext.org/subjects/24878b9f-e641-49a6-e7be-f536303a96bd
1502,309,1967,T,5C,143.66,7.6,T5C_1967_309,,http://opencontext.org/subjects/bac52ed6-040a-4e6b-95cf-3fe40592a951
1503,309,1967,T,5C,147.08,6.8,T5C_1967_309,,http://opencontext.org/subjects/bac52ed6-040a-4e6b-95cf-3fe40592a951
1504,309,1967,T,5C,143.24,-3.0,T5C_1967_309,,http://opencontext.org/subjects/bac52ed6-040a-4e6b-95cf-3fe40592a951
1505,309,1967,T,5C,141.15,-2.1,T5C_1967_309,,http://opencontext.org/subjects/bac52ed6-040a-4e6b-95cf-3fe40592a951
1506,310,1967,T,5D,148.15,11.3,T5D_1967_310,,http://opencontext.org/subjects/e72d3e97-c3fd-4c21-8b4d-6f153221e59f
1507,310,1967,T,5D,150.0,10.55,T5D_1967_310,,http://opencontext.org/subjects/e72d3e97-c3fd-4c21-8b4d-6f153221e59f
1508,310,1967,T,5D,145.36,-3.8,T5D_1967_310,,http://opencontext.org/subjects/e72d3e97-c3fd-4c21-8b4d-6f153221e59f
1509,310,1967,T,5D,143.24,-3.0,T5D_1967_310,,http://opencontext.org/subjects/e72d3e97-c3fd-4c21-8b4d-6f153221e59f
1510,311,1968,T,6A,139.0,-44.7,T6A_1968_311,,http://opencontext.org/subjects/9879a755-c08a-498b-3da2-283e5d8a4346
1511,311,1968,T,6A,140.7,-45.7,T6A_1968_311,,http://opencontext.org/subjects/9879a755-c08a-498b-3da2-283e5d8a4346
1512,311,1968,T,6A,132.5,-58.3,T6A_1968_311,,http://opencontext.org/subjects/9879a755-c08a-498b-3da2-283e5d8a4346
1513,311,1968,T,6A,130.8,-57.2,T6A_1968_311,,http://opencontext.org/subjects/9879a755-c08a-498b-3da2-283e5d8a4346
1514,312,1968,T,6B,149.3,-28.7,T6B_1968_312,,http://opencontext.org/subjects/fdd41cef-bce8-4ef1-53aa-a702f71d081e
1515,312,1968,T,6B,151.0,-29.8,T6B_1968_312,,http://opencontext.org/subjects/fdd41cef-bce8-4ef1-53aa-a702f71d081e
1516,312,1968,T,6B,140.7,-45.7,T6B_1968_312,,http://opencontext.org/subjects/fdd41cef-bce8-4ef1-53aa-a702f71d081e
1517,312,1968,T,6B,139.0,-44.7,T6B_1968_312,,http://opencontext.org/subjects/fdd41cef-bce8-4ef1-53aa-a702f71d081e
1518,313,1968,T,6C,139.2,-23.3,T6C_1968_313,,http://opencontext.org/subjects/8b1452f5-abf0-4f10-9196-9964b1e10c8f
1519,313,1968,T,6C,151.6,-26.2,T6C_1968_313,,http://opencontext.org/subjects/8b1452f5-abf0-4f10-9196-9964b1e10c8f
1520,313,1968,T,6C,145.8,-37.1,T6C_1968_313,,http://opencontext.org/subjects/8b1452f5-abf0-4f10-9196-9964b1e10c8f
1521,313,1968,T,6C,133.8,-33.8,T6C_1968_313,,http://opencontext.org/subjects/8b1452f5-abf0-4f10-9196-9964b1e10c8f
1522,314,1966,T,2,145.9,-21.1,T2_1966_314,,http://opencontext.org/subjects/13781dfa-0d2c-41fc-8d12-ef779f960074
1523,314,1966,T,2,152.1,-22.5,T2_1966_314,,http://opencontext.org/subjects/13781dfa-0d2c-41fc-8d12-ef779f960074
1524,314,1966,T,2,153.1,-23.9,T2_1966_314,,http://opencontext.org/subjects/13781dfa-0d2c-41fc-8d12-ef779f960074
1525,314,1966,T,2,145.2,-22.6,T2_1966_314,,http://opencontext.org/subjects/13781dfa-0d2c-41fc-8d12-ef779f960074
1526,315,1969,CA,28,133.2621509,25.302376,CA28_1969_315,,http://opencontext.org/subjects/a63e424c-a2af-469b-a85d-ac1cc690b2a9
1527,315,1969,CA,28,133.4,29.3,CA28_1969_315,,http://opencontext.org/subjects/a63e424c-a2af-469b-a85d-ac1cc690b2a9
1528,315,1969,CA,28,123.40594,29.64462276,CA28_1969_315,,http://opencontext.org/subjects/a63e424c-a2af-469b-a85d-ac1cc690b2a9
1529,315,1969,CA,28,123.3025532,26.64640476,CA28_1969_315,,http://opencontext.org/subjects/a63e424c-a2af-469b-a85d-ac1cc690b2a9
1530,315,1969,CA,28,130.2983952,26.40516883,CA28_1969_315,,http://opencontext.org/subjects/a63e424c-a2af-469b-a85d-ac1cc690b2a9
1531,315,1969,CA,28,130.2639329,25.40576283,CA28_1969_315,,http://opencontext.org/subjects/a63e424c-a2af-469b-a85d-ac1cc690b2a9
1532,316,1970,CA,28,142.6,31.5,CA28_1970_316,,http://opencontext.org/subjects/ba4dd0ac-d9fc-43ae-b343-7a100244fce0
1533,316,1970,CA,28,133.9296206,33.91340457,CA28_1970_316,,http://opencontext.org/subjects/ba4dd0ac-d9fc-43ae-b343-7a100244fce0
1534,316,1970,CA,28,134.7837474,29.5235905,CA28_1970_316,,http://opencontext.org/subjects/ba4dd0ac-d9fc-43ae-b343-7a100244fce0
1535,316,1970,CA,28,132.8569964,30.05990262,CA28_1970_316,,http://opencontext.org/subjects/ba4dd0ac-d9fc-43ae-b343-7a100244fce0
1536,316,1970,CA,28,131.5162161,25.2430252,CA28_1970_316,,http://opencontext.org/subjects/ba4dd0ac-d9fc-43ae-b343-7a100244fce0
1537,316,1970,CA,28,132.4795916,24.97486913,CA28_1970_316,,http://opencontext.org/subjects/ba4dd0ac-d9fc-43ae-b343-7a100244fce0
1538,316,1970,CA,28,131.6751234,22.08474268,CA28_1970_316,,http://opencontext.org/subjects/ba4dd0ac-d9fc-43ae-b343-7a100244fce0
1539,316,1970,CA,28,139.3821272,19.93949417,CA28_1970_316,,http://opencontext.org/subjects/ba4dd0ac-d9fc-43ae-b343-7a100244fce0
1540,317,1971,CA,28a,142.6,31.5,CA28a_1971_317,,
1541,317,1971,CA,28a,140.1865954,22.82962063,CA28a_1971_317,,
1542,317,1971,CA,28a,131.5162161,25.2430252,CA28a_1971_317,,
1543,317,1971,CA,28a,133.9296206,33.91340457,CA28a_1971_317,,
1544,318,1970,CA,28b,132.2114355,24.01149365,CA28b_1970_318,,
1545,318,1970,CA,28b,130.8706552,19.19461622,CA28b_1970_318,,
1546,318,1970,CA,28b,138.5776591,17.04936772,CA28b_1970_318,,
1547,318,1970,CA,28b,139.9184394,21.86624515,CA28b_1970_318,,
1548,319,1971,CA,28c,137.2368787,12.23249029,CA28c_1971_319,,
1549,319,1971,CA,28c,136.4324106,9.34236384,CA28c_1971_319,,
1550,319,1971,CA,28c,128.7254067,11.48761234,CA28c_1971_319,,
1551,319,1971,CA,28c,130.6024991,18.23124074,CA28c_1971_319,,
1552,319,1971,CA,28c,135.4193765,16.89046042,CA28c_1971_319,,
1553,319,1971,CA,28c,134.3467523,13.03695848,CA28c_1971_319,,
1554,320,1968,T,1AM,204.8506717,26.18431362,T1AM_1968_320,,http://opencontext.org/subjects/d1385646-a2b3-4a24-35a8-e7fe4d2b9e8e
1555,320,1968,T,1AM,208.632946,24.88262183,T1AM_1968_320,,http://opencontext.org/subjects/d1385646-a2b3-4a24-35a8-e7fe4d2b9e8e
1556,320,1968,T,1AM,207.3312542,21.10034759,T1AM_1968_320,,http://opencontext.org/subjects/d1385646-a2b3-4a24-35a8-e7fe4d2b9e8e
1557,320,1968,T,1AM,203.5489799,22.40203937,T1AM_1968_320,,http://opencontext.org/subjects/d1385646-a2b3-4a24-35a8-e7fe4d2b9e8e
1558,321,1969,T,1AN,198.2316918,28.46227425,T1AN_1969_321,,
1559,321,1969,T,1AN,204.8506717,26.18431362,T1AN_1969_321,,
1560,321,1969,T,1AN,203.5489799,22.40203937,T1AN_1969_321,,
1561,321,1969,T,1AN,196.93,24.68,T1AN_1969_321,,
1562,322,1970,T,5E,159.9,10.9,T5E_1970_322,,
1563,322,1970,T,5E,155.1565835,12.48113883,T5E_1970_322,,
1564,322,1970,T,5E,154.2079002,9.63508894,T5E_1970_322,,
1565,322,1970,T,5E,150.413167,10.9,T5E_1970_322,,
1566,322,1970,T,5E,145.6697505,-3.33024947,T5E_1970_322,,
1567,322,1970,T,5E,154.2079002,-6.17629937,T5E_1970_322,,
1568,323,1982,T,26,199.5545,-61.6559,T26_1982_323,,http://opencontext.org/subjects/ddf93ae8-2cb7-4fc8-0d49-a204d6d19451
1569,323,1982,T,26,196.0873,-72.0951,T26_1982_323,,http://opencontext.org/subjects/ddf93ae8-2cb7-4fc8-0d49-a204d6d19451
1570,323,1982,T,26,186.597,-68.943,T26_1982_323,,http://opencontext.org/subjects/ddf93ae8-2cb7-4fc8-0d49-a204d6d19451
1571,323,1982,T,26,185.021,-73.6881,T26_1982_323,,http://opencontext.org/subjects/ddf93ae8-2cb7-4fc8-0d49-a204d6d19451
1572,323,1982,T,26,172.3685,-70.5395,T26_1982_323,,http://opencontext.org/subjects/ddf93ae8-2cb7-4fc8-0d49-a204d6d19451
1573,323,1982,T,26,174.2597,-64.8453,T26_1982_323,,http://opencontext.org/subjects/ddf93ae8-2cb7-4fc8-0d49-a204d6d19451
1574,323,1982,T,26,177.1068,-65.791,T26_1982_323,,http://opencontext.org/subjects/ddf93ae8-2cb7-4fc8-0d49-a204d6d19451
1575,323,1982,T,26,178.998,-60.0968,T26_1982_323,,http://opencontext.org/subjects/ddf93ae8-2cb7-4fc8-0d49-a204d6d19451
1576,323,1982,T,26,190.3863,-63.8793,T26_1982_323,,http://opencontext.org/subjects/ddf93ae8-2cb7-4fc8-0d49-a204d6d19451
1577,323,1982,T,26,191.0167,-61.9813,T26_1982_323,,http://opencontext.org/subjects/ddf93ae8-2cb7-4fc8-0d49-a204d6d19451
1578,323,1982,T,26,193.8638,-62.9269,T26_1982_323,,http://opencontext.org/subjects/ddf93ae8-2cb7-4fc8-0d49-a204d6d19451
1579,323,1982,T,26,194.8094,-60.0798,T26_1982_323,,http://opencontext.org/subjects/ddf93ae8-2cb7-4fc8-0d49-a204d6d19451
1580,324,1981,T,26,200.174,-50.271,T26_1981_324,,http://opencontext.org/subjects/c4e13506-ccfb-4538-8307-412eab609cab
1581,324,1981,T,26,202.0728,-50.9014,T26_1981_324,,http://opencontext.org/subjects/c4e13506-ccfb-4538-8307-412eab609cab
1582,324,1981,T,26,200.496,-55.6465,T26_1981_324,,http://opencontext.org/subjects/c4e13506-ccfb-4538-8307-412eab609cab
1583,324,1981,T,26,198.5987,-55.0161,T26_1981_324,,http://opencontext.org/subjects/c4e13506-ccfb-4538-8307-412eab609cab
1584,325,1984,T,26,171.1043,-71.1733,T26_1984_325,,http://opencontext.org/subjects/ac23fdfa-a661-4eaf-5b68-64409f2dee3c
1585,325,1984,T,26,173.6259,-63.5811,T26_1984_325,,http://opencontext.org/subjects/ac23fdfa-a661-4eaf-5b68-64409f2dee3c
1586,325,1984,T,26,175.524,-64.2115,T26_1984_325,,http://opencontext.org/subjects/ac23fdfa-a661-4eaf-5b68-64409f2dee3c
1587,325,1984,T,26,177.4152,-58.5174,T26_1984_325,,http://opencontext.org/subjects/ac23fdfa-a661-4eaf-5b68-64409f2dee3c
1588,325,1984,T,26,180.2623,-59.463,T26_1984_325,,http://opencontext.org/subjects/ac23fdfa-a661-4eaf-5b68-64409f2dee3c
1589,325,1984,T,26,179.6319,-61.361,T26_1984_325,,http://opencontext.org/subjects/ac23fdfa-a661-4eaf-5b68-64409f2dee3c
1590,325,1984,T,26,191.0201,-65.1435,T26_1984_325,,http://opencontext.org/subjects/ac23fdfa-a661-4eaf-5b68-64409f2dee3c
1591,325,1984,T,26,191.9658,-62.2965,T26_1984_325,,http://opencontext.org/subjects/ac23fdfa-a661-4eaf-5b68-64409f2dee3c
1592,325,1984,T,26,194.812,-63.2421,T26_1984_325,,http://opencontext.org/subjects/ac23fdfa-a661-4eaf-5b68-64409f2dee3c
1593,325,1984,T,26,195.4432,-61.344,T26_1984_325,,http://opencontext.org/subjects/ac23fdfa-a661-4eaf-5b68-64409f2dee3c
1594,325,1984,T,26,204.933,-64.49,T26_1984_325,,http://opencontext.org/subjects/ac23fdfa-a661-4eaf-5b68-64409f2dee3c
1595,325,1984,T,26,205.24,-63.547,T26_1984_325,,http://opencontext.org/subjects/ac23fdfa-a661-4eaf-5b68-64409f2dee3c
1596,325,1984,T,26,207.146,-64.177,T26_1984_325,,http://opencontext.org/subjects/ac23fdfa-a661-4eaf-5b68-64409f2dee3c
1597,325,1984,T,26,206.201,-67.024,T26_1984_325,,http://opencontext.org/subjects/ac23fdfa-a661-4eaf-5b68-64409f2dee3c
1598,325,1984,T,26,203.35,-66.079,T26_1984_325,,http://opencontext.org/subjects/ac23fdfa-a661-4eaf-5b68-64409f2dee3c
1599,325,1984,T,26,203.038,-67.028,T26_1984_325,,http://opencontext.org/subjects/ac23fdfa-a661-4eaf-5b68-64409f2dee3c
1600,325,1984,T,26,203.987,-67.343,T26_1984_325,,http://opencontext.org/subjects/ac23fdfa-a661-4eaf-5b68-64409f2dee3c
1601,325,1984,T,26,203.357,-69.241,T26_1984_325,,http://opencontext.org/subjects/ac23fdfa-a661-4eaf-5b68-64409f2dee3c
1602,325,1984,T,26,202.408,-68.926,T26_1984_325,,http://opencontext.org/subjects/ac23fdfa-a661-4eaf-5b68-64409f2dee3c
1603,325,1984,T,26,202.093,-69.875,T26_1984_325,,http://opencontext.org/subjects/ac23fdfa-a661-4eaf-5b68-64409f2dee3c
1604,325,1984,T,26,204.94,-70.8207,T26_1984_325,,http://opencontext.org/subjects/ac23fdfa-a661-4eaf-5b68-64409f2dee3c
1605,325,1984,T,26,205.255,-69.8717,T26_1984_325,,http://opencontext.org/subjects/ac23fdfa-a661-4eaf-5b68-64409f2dee3c
1606,325,1984,T,26,207.153,-70.502,T26_1984_325,,http://opencontext.org/subjects/ac23fdfa-a661-4eaf-5b68-64409f2dee3c
1607,325,1984,T,26,206.523,-72.4001,T26_1984_325,,http://opencontext.org/subjects/ac23fdfa-a661-4eaf-5b68-64409f2dee3c
1608,325,1984,T,26,204.625,-71.769,T26_1984_325,,http://opencontext.org/subjects/ac23fdfa-a661-4eaf-5b68-64409f2dee3c
1609,325,1984,T,26,204.3099,-72.7187,T26_1984_325,,http://opencontext.org/subjects/ac23fdfa-a661-4eaf-5b68-64409f2dee3c
1610,325,1984,T,26,198.0615,-70.8275,T26_1984_325,,http://opencontext.org/subjects/ac23fdfa-a661-4eaf-5b68-64409f2dee3c
1611,325,1984,T,26,197.6701,-73.6745,T26_1984_325,,http://opencontext.org/subjects/ac23fdfa-a661-4eaf-5b68-64409f2dee3c
1612,325,1984,T,26,191.0269,-71.4681,T26_1984_325,,http://opencontext.org/subjects/ac23fdfa-a661-4eaf-5b68-64409f2dee3c
1613,325,1984,T,26,190.0813,-74.3152,T26_1984_325,,http://opencontext.org/subjects/ac23fdfa-a661-4eaf-5b68-64409f2dee3c
1614,325,1984,T,26,186.285,-73.0543,T26_1984_325,,http://opencontext.org/subjects/ac23fdfa-a661-4eaf-5b68-64409f2dee3c
1615,325,1984,T,26,185.3396,-75.914,T26_1984_325,,http://opencontext.org/subjects/ac23fdfa-a661-4eaf-5b68-64409f2dee3c
1616,325,1984,T,26,175.798,-73.0645,T26_1984_325,,http://opencontext.org/subjects/ac23fdfa-a661-4eaf-5b68-64409f2dee3c
1617,325,1984,T,26,176.483,-74.0136,T26_1984_325,,http://opencontext.org/subjects/ac23fdfa-a661-4eaf-5b68-64409f2dee3c
1618,325,1984,T,26,174.585,-73.3831,T26_1984_325,,http://opencontext.org/subjects/ac23fdfa-a661-4eaf-5b68-64409f2dee3c
1619,325,1984,T,26,174.9003,-72.4341,T26_1984_325,,http://opencontext.org/subjects/ac23fdfa-a661-4eaf-5b68-64409f2dee3c
1620,326,1985,T,26,201.459,-68.6108,T26_1985_326,,http://opencontext.org/subjects/fd6f81c4-2b2f-4de9-3294-c4a39ff2520f
1621,326,1985,T,26,203.6726,-68.2922,T26_1985_326,,http://opencontext.org/subjects/fd6f81c4-2b2f-4de9-3294-c4a39ff2520f
1622,326,1985,T,26,203.987,-67.3432,T26_1985_326,,http://opencontext.org/subjects/fd6f81c4-2b2f-4de9-3294-c4a39ff2520f
1623,326,1985,T,26,203.0388,-67.028,T26_1985_326,,http://opencontext.org/subjects/fd6f81c4-2b2f-4de9-3294-c4a39ff2520f
1624,326,1985,T,26,203.6692,-65.1299,T26_1985_326,,http://opencontext.org/subjects/fd6f81c4-2b2f-4de9-3294-c4a39ff2520f
1625,326,1985,T,26,206.5163,-66.0756,T26_1985_326,,http://opencontext.org/subjects/fd6f81c4-2b2f-4de9-3294-c4a39ff2520f
1626,326,1985,T,26,207.1467,-64.1775,T26_1985_326,,http://opencontext.org/subjects/fd6f81c4-2b2f-4de9-3294-c4a39ff2520f
1627,326,1985,T,26,205.2487,-63.5471,T26_1985_326,,http://opencontext.org/subjects/fd6f81c4-2b2f-4de9-3294-c4a39ff2520f
1628,326,1985,T,26,205.5639,-62.5981,T26_1985_326,,http://opencontext.org/subjects/fd6f81c4-2b2f-4de9-3294-c4a39ff2520f
1629,326,1985,T,26,207.4619,-63.2285,T26_1985_326,,http://opencontext.org/subjects/fd6f81c4-2b2f-4de9-3294-c4a39ff2520f
1630,326,1985,T,26,207.777,-62.2795,T26_1985_326,,http://opencontext.org/subjects/fd6f81c4-2b2f-4de9-3294-c4a39ff2520f
1631,326,1985,T,26,209.675,-62.909,T26_1985_326,,http://opencontext.org/subjects/fd6f81c4-2b2f-4de9-3294-c4a39ff2520f
1632,326,1985,T,26,209.0448,-64.8079,T26_1985_326,,http://opencontext.org/subjects/fd6f81c4-2b2f-4de9-3294-c4a39ff2520f
1633,326,1985,T,26,210.9428,-65.4383,T26_1985_326,,http://opencontext.org/subjects/fd6f81c4-2b2f-4de9-3294-c4a39ff2520f
1634,326,1985,T,26,209.0516,-71.1325,T26_1985_326,,http://opencontext.org/subjects/fd6f81c4-2b2f-4de9-3294-c4a39ff2520f
1635,326,1985,T,26,206.2045,-70.1869,T26_1985_326,,http://opencontext.org/subjects/fd6f81c4-2b2f-4de9-3294-c4a39ff2520f
1636,326,1985,T,26,206.5197,-69.2378,T26_1985_326,,http://opencontext.org/subjects/fd6f81c4-2b2f-4de9-3294-c4a39ff2520f
1637,326,1985,T,26,205.5705,-68.9226,T26_1985_326,,http://opencontext.org/subjects/fd6f81c4-2b2f-4de9-3294-c4a39ff2520f
1638,326,1985,T,26,205.255,-69.8717,T26_1985_326,,http://opencontext.org/subjects/fd6f81c4-2b2f-4de9-3294-c4a39ff2520f
1639,327,1986,T,26,206.8281,-61.9643,T26_1986_327,,http://opencontext.org/subjects/3b1b5bdc-9cea-4f21-46cf-a1698373cede
1640,327,1986,T,26,210.6242,-63.2251,T26_1986_327,,http://opencontext.org/subjects/3b1b5bdc-9cea-4f21-46cf-a1698373cede
1641,327,1986,T,26,210.9394,-62.2761,T26_1986_327,,http://opencontext.org/subjects/3b1b5bdc-9cea-4f21-46cf-a1698373cede
1642,327,1986,T,26,214.7355,-63.5369,T26_1986_327,,http://opencontext.org/subjects/3b1b5bdc-9cea-4f21-46cf-a1698373cede
1643,327,1986,T,26,213.7899,-66.384,T26_1986_327,,http://opencontext.org/subjects/3b1b5bdc-9cea-4f21-46cf-a1698373cede
1644,327,1986,T,26,212.8409,-66.0688,T26_1986_327,,http://opencontext.org/subjects/3b1b5bdc-9cea-4f21-46cf-a1698373cede
1645,327,1986,T,26,212.5256,-67.0178,T26_1986_327,,http://opencontext.org/subjects/3b1b5bdc-9cea-4f21-46cf-a1698373cede
1646,327,1986,T,26,214.4237,-67.6482,T26_1986_327,,http://opencontext.org/subjects/3b1b5bdc-9cea-4f21-46cf-a1698373cede
1647,327,1986,T,26,214.1085,-68.5972,T26_1986_327,,http://opencontext.org/subjects/3b1b5bdc-9cea-4f21-46cf-a1698373cede
1648,327,1986,T,26,212.2104,-67.9668,T26_1986_327,,http://opencontext.org/subjects/3b1b5bdc-9cea-4f21-46cf-a1698373cede
1649,327,1986,T,26,211.8952,-68.9158,T26_1986_327,,http://opencontext.org/subjects/3b1b5bdc-9cea-4f21-46cf-a1698373cede
1650,327,1986,T,26,209.9972,-68.2854,T26_1986_327,,http://opencontext.org/subjects/3b1b5bdc-9cea-4f21-46cf-a1698373cede
1651,327,1986,T,26,209.682,-69.2344,T26_1986_327,,http://opencontext.org/subjects/3b1b5bdc-9cea-4f21-46cf-a1698373cede
1652,327,1986,T,26,204.9369,-67.6584,T26_1986_327,,http://opencontext.org/subjects/3b1b5bdc-9cea-4f21-46cf-a1698373cede
1653,328,1988,T,26,191.6471,-60.0832,T26_1988_328,,http://opencontext.org/subjects/44d03eae-759a-4c90-0b20-cab6bc8e010f
1654,328,1988,T,26,191.0167,-61.9813,T26_1988_328,,http://opencontext.org/subjects/44d03eae-759a-4c90-0b20-cab6bc8e010f
1655,328,1988,T,26,194.8128,-63.2421,T26_1988_328,,http://opencontext.org/subjects/44d03eae-759a-4c90-0b20-cab6bc8e010f
1656,328,1988,T,26,195.4432,-61.344,T26_1988_328,,http://opencontext.org/subjects/44d03eae-759a-4c90-0b20-cab6bc8e010f
1657,329,1988,T,26,166.9828,-61.3746,T26_1988_329,,http://opencontext.org/subjects/e85194e8-b3f6-4c41-453a-c7ed3650dfb4
1658,329,1988,T,26,166.3532,-63.2727,T26_1988_329,,http://opencontext.org/subjects/e85194e8-b3f6-4c41-453a-c7ed3650dfb4
1659,329,1988,T,26,172.0465,-65.1639,T26_1988_329,,http://opencontext.org/subjects/e85194e8-b3f6-4c41-453a-c7ed3650dfb4
1660,329,1988,T,26,172.6769,-63.2659,T26_1988_329,,http://opencontext.org/subjects/e85194e8-b3f6-4c41-453a-c7ed3650dfb4
1661,330,1988,T,26,127.1,-26.0,T26_1988_330,,http://opencontext.org/subjects/c6841408-c4d0-4f1f-b163-0f093bd2ec6f
1662,330,1988,T,26,125.524,-30.7451,T26_1988_330,,http://opencontext.org/subjects/c6841408-c4d0-4f1f-b163-0f093bd2ec6f
1663,330,1988,T,26,131.2181,-32.6364,T26_1988_330,,http://opencontext.org/subjects/c6841408-c4d0-4f1f-b163-0f093bd2ec6f
1664,330,1988,T,26,132.7941,-27.8912,T26_1988_330,,http://opencontext.org/subjects/c6841408-c4d0-4f1f-b163-0f093bd2ec6f
1665,331,1989,T,26,170.4602,-60.4222,T26_1989_331,,http://opencontext.org/subjects/f8795e75-7c05-4883-3c6c-4f8ad3d7e9b8
1666,331,1989,T,26,176.1544,-62.3135,T26_1989_331,,http://opencontext.org/subjects/f8795e75-7c05-4883-3c6c-4f8ad3d7e9b8
1667,331,1989,T,26,174.8935,-66.31096,T26_1989_331,,http://opencontext.org/subjects/f8795e75-7c05-4883-3c6c-4f8ad3d7e9b8
1668,331,1989,T,26,169.1994,-64.2183,T26_1989_331,,http://opencontext.org/subjects/f8795e75-7c05-4883-3c6c-4f8ad3d7e9b8
1669,332,1989,T,26,218.8434,-60.6864,T26_1989_332,,http://opencontext.org/subjects/c2df07ac-7fbd-47f6-4d82-328bada0cc8d
1670,332,1989,T,26,218.213,-62.5845,T26_1989_332,,http://opencontext.org/subjects/c2df07ac-7fbd-47f6-4d82-328bada0cc8d
1671,332,1989,T,26,220.111,-63.2149,T26_1989_332,,http://opencontext.org/subjects/c2df07ac-7fbd-47f6-4d82-328bada0cc8d
1672,332,1989,T,26,220.7414,-61.3168,T26_1989_332,,http://opencontext.org/subjects/c2df07ac-7fbd-47f6-4d82-328bada0cc8d
1673,333,1990,T,26,197.6497,-54.7009,T26_1990_333,,http://opencontext.org/subjects/9f5548ef-c05a-471a-2531-99d056c0392e
1674,333,1990,T,26,201.4458,-55.9617,T26_1990_333,,http://opencontext.org/subjects/9f5548ef-c05a-471a-2531-99d056c0392e
1675,333,1990,T,26,200.5002,-58.8088,T26_1990_333,,http://opencontext.org/subjects/9f5548ef-c05a-471a-2531-99d056c0392e
1676,333,1990,T,26,198.6021,-58.1784,T26_1990_333,,http://opencontext.org/subjects/9f5548ef-c05a-471a-2531-99d056c0392e
1677,333,1990,T,26,197.9717,-60.0764,T26_1990_333,,http://opencontext.org/subjects/9f5548ef-c05a-471a-2531-99d056c0392e
1678,333,1990,T,26,196.0737,-59.446,T26_1990_333,,http://opencontext.org/subjects/9f5548ef-c05a-471a-2531-99d056c0392e
1679,334,1990,T,26,183.7364,-55.3483,T26_1990_334,,http://opencontext.org/subjects/e432aa8b-b56f-4b65-433e-0c93ca14dcea
1680,334,1990,T,26,182.7907,-58.1954,T26_1990_334,,http://opencontext.org/subjects/e432aa8b-b56f-4b65-433e-0c93ca14dcea
1681,334,1990,T,26,188.4849,-60.0866,T26_1990_334,,http://opencontext.org/subjects/e432aa8b-b56f-4b65-433e-0c93ca14dcea
1682,334,1990,T,26,189.4305,-57.2395,T26_1990_334,,http://opencontext.org/subjects/e432aa8b-b56f-4b65-433e-0c93ca14dcea
1683,335,1992,T,26,181.8383,-54.7179,T26_1992_335,,http://opencontext.org/subjects/8c6d0960-e44d-4c77-eb65-b1bf15b23c1c
1684,335,1992,T,26,189.4305,-57.2395,T26_1992_335,,http://opencontext.org/subjects/8c6d0960-e44d-4c77-eb65-b1bf15b23c1c
1685,335,1992,T,26,188.4849,-60.0866,T26_1992_335,,http://opencontext.org/subjects/8c6d0960-e44d-4c77-eb65-b1bf15b23c1c
1686,335,1992,T,26,183.1059,-57.2463,T26_1992_335,,http://opencontext.org/subjects/8c6d0960-e44d-4c77-eb65-b1bf15b23c1c
1687,335,1992,T,26,181.2079,-56.6159,T26_1992_335,,http://opencontext.org/subjects/8c6d0960-e44d-4c77-eb65-b1bf15b23c1c
1688,336,1994,T,26,189.4305,-57.2395,T26_1994_336,,http://opencontext.org/subjects/cf45634d-c744-4fbe-cb30-de94362392f5
1689,336,1994,T,26,188.4849,-60.0866,T26_1994_336,,http://opencontext.org/subjects/cf45634d-c744-4fbe-cb30-de94362392f5
1690,336,1994,T,26,194.179,-61.9779,T26_1994_336,,http://opencontext.org/subjects/cf45634d-c744-4fbe-cb30-de94362392f5
1691,336,1994,T,26,195.1246,-59.1308,T26_1994_336,,http://opencontext.org/subjects/cf45634d-c744-4fbe-cb30-de94362392f5
1692,337,1995,T,26,172.3447,-48.4035,T26_1995_337,,http://opencontext.org/subjects/bb5078e0-e3d7-4876-7115-ab3c1730e483
1693,337,1995,T,26,170.4534,-54.0977,T26_1995_337,,http://opencontext.org/subjects/bb5078e0-e3d7-4876-7115-ab3c1730e483
1694,337,1995,T,26,173.3005,-55.0433,T26_1995_337,,http://opencontext.org/subjects/bb5078e0-e3d7-4876-7115-ab3c1730e483
1695,337,1995,T,26,175.1918,-49.3492,T26_1995_337,,http://opencontext.org/subjects/bb5078e0-e3d7-4876-7115-ab3c1730e483
1696,338,1997,TSF,0,136.0,-27.0,TSF0_1997_338,,http://opencontext.org/subjects/b79defa4-eb3a-4e9d-db25-711792610c21
1697,338,1997,TSF,0,136.0,-29.0,TSF0_1997_338,,http://opencontext.org/subjects/b79defa4-eb3a-4e9d-db25-711792610c21
1698,338,1997,TSF,0,138.0,-29.0,TSF0_1997_338,,http://opencontext.org/subjects/b79defa4-eb3a-4e9d-db25-711792610c21
1699,338,1997,TSF,0,138.0,-27.0,TSF0_1997_338,,http://opencontext.org/subjects/b79defa4-eb3a-4e9d-db25-711792610c21
1700,339,1996,TSF,0,139.0,-18.0,TSF0_1996_339,,http://opencontext.org/subjects/1f515d40-4915-4b7c-a644-07addd89acd4
1701,339,1996,TSF,0,139.0,-22.0,TSF0_1996_339,,http://opencontext.org/subjects/1f515d40-4915-4b7c-a644-07addd89acd4
1702,339,1996,TSF,0,141.0,-22.0,TSF0_1996_339,,http://opencontext.org/subjects/1f515d40-4915-4b7c-a644-07addd89acd4
1703,339,1996,TSF,0,141.0,-18.0,TSF0_1996_339,,http://opencontext.org/subjects/1f515d40-4915-4b7c-a644-07addd89acd4
1704,340,1971,TR,13,131.0095,-16.028,TR13_1971_340,,http://opencontext.org/subjects/9f5d7919-2266-4617-40b9-45cafa9b178e
1705,340,1971,TR,13,128.4318,-24.6509,TR13_1971_340,,http://opencontext.org/subjects/9f5d7919-2266-4617-40b9-45cafa9b178e
1706,340,1971,TR,13,132.2642,-25.7966,TR13_1971_340,,http://opencontext.org/subjects/9f5d7919-2266-4617-40b9-45cafa9b178e
1707,340,1971,TR,13,133.1234,-22.9222,TR13_1971_340,,http://opencontext.org/subjects/9f5d7919-2266-4617-40b9-45cafa9b178e
1708,340,1971,TR,13,129.291,-21.7766,TR13_1971_340,,http://opencontext.org/subjects/9f5d7919-2266-4617-40b9-45cafa9b178e
1709,340,1971,TR,13,129.5774,-20.8185,TR13_1971_340,,http://opencontext.org/subjects/9f5d7919-2266-4617-40b9-45cafa9b178e
1710,340,1971,TR,13,134.368,-22.2505,TR13_1971_340,,http://opencontext.org/subjects/9f5d7919-2266-4617-40b9-45cafa9b178e
1711,340,1971,TR,13,135.8,-17.46,TR13_1971_340,,http://opencontext.org/subjects/9f5d7919-2266-4617-40b9-45cafa9b178e
1712,341,1970,TR,13,135.8,-17.46,TR13_1970_341,,http://opencontext.org/subjects/82001ecc-766e-4b9f-2fb0-af5f30722583
1713,341,1970,TR,13,133.2223,-26.083,TR13_1970_341,,http://opencontext.org/subjects/82001ecc-766e-4b9f-2fb0-af5f30722583
1714,341,1970,TR,13,128.4318,-24.6509,TR13_1970_341,,http://opencontext.org/subjects/82001ecc-766e-4b9f-2fb0-af5f30722583
1715,341,1970,TR,13,131.0095,-16.028,TR13_1970_341,,http://opencontext.org/subjects/82001ecc-766e-4b9f-2fb0-af5f30722583
1716,342,1977,TR,12,132.0668,-9.33102,TR12_1977_342,,http://opencontext.org/subjects/368588e0-9a4f-4e00-2cf8-c4da561557bf
1717,342,1977,TR,12,137.83,-11.0,TR12_1977_342,,http://opencontext.org/subjects/368588e0-9a4f-4e00-2cf8-c4da561557bf
1718,342,1977,TR,12,136.995,-13.8816,TR12_1977_342,,http://opencontext.org/subjects/368588e0-9a4f-4e00-2cf8-c4da561557bf
1719,342,1977,TR,12,132.1928,-12.4908,TR12_1977_342,,http://opencontext.org/subjects/368588e0-9a4f-4e00-2cf8-c4da561557bf
1720,342,1977,TR,12,131.6365,-14.4119,TR12_1977_342,,http://opencontext.org/subjects/368588e0-9a4f-4e00-2cf8-c4da561557bf
1721,342,1977,TR,12,130.676,-14.1337,TR12_1977_342,,http://opencontext.org/subjects/368588e0-9a4f-4e00-2cf8-c4da561557bf
1722,343,1977,TR,11,141.0,-4.48311,TR11_1977_343,,http://opencontext.org/subjects/7c536c68-d9b1-4b34-01e9-b8187e757580
1723,343,1977,TR,11,140.4402,-10.4,TR11_1977_343,,http://opencontext.org/subjects/7c536c68-d9b1-4b34-01e9-b8187e757580
1724,343,1977,TR,11,132.76,-8.16067,TR11_1977_343,,http://opencontext.org/subjects/7c536c68-d9b1-4b34-01e9-b8187e757580
1725,343,1977,TR,11,133.3198,-6.24062,TR11_1977_343,,http://opencontext.org/subjects/7c536c68-d9b1-4b34-01e9-b8187e757580
1726,344,1976,TR,12,137.83,-11.0,TR12_1976_344,,http://opencontext.org/subjects/b07d574d-336e-4fc5-b9be-59136145193d
1727,344,1976,TR,12,136.4392,-15.8027,TR12_1976_344,,http://opencontext.org/subjects/b07d574d-336e-4fc5-b9be-59136145193d
1728,344,1976,TR,12,130.676,-14.1337,TR12_1976_344,,http://opencontext.org/subjects/b07d574d-336e-4fc5-b9be-59136145193d
1729,344,1976,TR,12,132.0668,-9.33102,TR12_1976_344,,http://opencontext.org/subjects/b07d574d-336e-4fc5-b9be-59136145193d
1730,345,1981,T,25,136.936,-56.6635,T25_1981_345,,http://opencontext.org/subjects/7dd8061f-fcc1-4e69-c8d6-50fcb1cbf2a0
1731,345,1981,T,25,135.36,-61.4086,T25_1981_345,,http://opencontext.org/subjects/7dd8061f-fcc1-4e69-c8d6-50fcb1cbf2a0
1732,345,1981,T,25,137.258,-62.0391,T25_1981_345,,http://opencontext.org/subjects/7dd8061f-fcc1-4e69-c8d6-50fcb1cbf2a0
1733,345,1981,T,25,138.8341,-57.294,T25_1981_345,,http://opencontext.org/subjects/7dd8061f-fcc1-4e69-c8d6-50fcb1cbf2a0
1734,346,1982,T,25,150.8562,-62.3407,T25_1982_346,,http://opencontext.org/subjects/a9f9ad0a-3a54-49d5-21b1-2cb331f82966
1735,346,1982,T,25,149.5953,-66.1368,T25_1982_346,,http://opencontext.org/subjects/a9f9ad0a-3a54-49d5-21b1-2cb331f82966
1736,346,1982,T,25,151.4934,-66.7672,T25_1982_346,,http://opencontext.org/subjects/a9f9ad0a-3a54-49d5-21b1-2cb331f82966
1737,346,1982,T,25,152.7542,-62.9711,T25_1982_346,,http://opencontext.org/subjects/a9f9ad0a-3a54-49d5-21b1-2cb331f82966
1738,347,1984,T,25,158.4484,-64.8623,T25_1984_347,,http://opencontext.org/subjects/bf12f33f-c18c-4f84-0470-b64f86679044
1739,347,1984,T,25,157.5027,-67.7094,T25_1984_347,,http://opencontext.org/subjects/bf12f33f-c18c-4f84-0470-b64f86679044
1740,347,1984,T,25,159.4008,-68.3395,T25_1984_347,,http://opencontext.org/subjects/bf12f33f-c18c-4f84-0470-b64f86679044
1741,347,1984,T,25,159.0856,-69.2888,T25_1984_347,,http://opencontext.org/subjects/bf12f33f-c18c-4f84-0470-b64f86679044
1742,347,1984,T,25,162.8817,-70.5497,T25_1984_347,,http://opencontext.org/subjects/bf12f33f-c18c-4f84-0470-b64f86679044
1743,347,1984,T,25,164.1425,-66.7536,T25_1984_347,,http://opencontext.org/subjects/bf12f33f-c18c-4f84-0470-b64f86679044
1744,348,1984,T,25,164.4611,-68.9668,T25_1984_348,,http://opencontext.org/subjects/e84b0c18-5940-4983-61e5-19fbfa5c31d7
1745,348,1984,T,25,168.257,-70.227,T25_1984_348,,http://opencontext.org/subjects/e84b0c18-5940-4983-61e5-19fbfa5c31d7
1746,348,1984,T,25,167.942,-71.1767,T25_1984_348,,http://opencontext.org/subjects/e84b0c18-5940-4983-61e5-19fbfa5c31d7
1747,348,1984,T,25,168.891,-71.4919,T25_1984_348,,http://opencontext.org/subjects/e84b0c18-5940-4983-61e5-19fbfa5c31d7
1748,348,1984,T,25,168.2606,-73.3899,T25_1984_348,,http://opencontext.org/subjects/e84b0c18-5940-4983-61e5-19fbfa5c31d7
1749,348,1984,T,25,166.3625,-72.7595,T25_1984_348,,http://opencontext.org/subjects/e84b0c18-5940-4983-61e5-19fbfa5c31d7
1750,348,1984,T,25,166.677,-71.8105,T25_1984_348,,http://opencontext.org/subjects/e84b0c18-5940-4983-61e5-19fbfa5c31d7
1751,348,1984,T,25,163.8307,-70.8649,T25_1984_348,,http://opencontext.org/subjects/e84b0c18-5940-4983-61e5-19fbfa5c31d7
1752,349,1985,T,25,161.2954,-65.808,T25_1985_349,,http://opencontext.org/subjects/51ee0e7f-dc67-4911-2e53-57af8f5068b9
1753,349,1985,T,25,172.6837,-69.5904,T25_1985_349,,http://opencontext.org/subjects/51ee0e7f-dc67-4911-2e53-57af8f5068b9
1754,349,1985,T,25,171.1077,-74.3356,T25_1985_349,,http://opencontext.org/subjects/51ee0e7f-dc67-4911-2e53-57af8f5068b9
1755,349,1985,T,25,166.3625,-72.7595,T25_1985_349,,http://opencontext.org/subjects/51ee0e7f-dc67-4911-2e53-57af8f5068b9
1756,349,1985,T,25,166.677,-71.8105,T25_1985_349,,http://opencontext.org/subjects/51ee0e7f-dc67-4911-2e53-57af8f5068b9
1757,349,1985,T,25,163.8307,-70.8649,T25_1985_349,,http://opencontext.org/subjects/51ee0e7f-dc67-4911-2e53-57af8f5068b9
1758,349,1985,T,25,163.5155,-71.8139,T25_1985_349,,http://opencontext.org/subjects/51ee0e7f-dc67-4911-2e53-57af8f5068b9
1759,349,1985,T,25,160.6684,-70.8683,T25_1985_349,,http://opencontext.org/subjects/51ee0e7f-dc67-4911-2e53-57af8f5068b9
1760,349,1985,T,25,160.6684,-70.8683,T25_1985_349,,http://opencontext.org/subjects/51ee0e7f-dc67-4911-2e53-57af8f5068b9
1761,349,1985,T,25,160.6684,-70.8683,T25_1985_349,,http://opencontext.org/subjects/51ee0e7f-dc67-4911-2e53-57af8f5068b9
1762,349,1985,T,25,160.6684,-70.8683,T25_1985_349,,http://opencontext.org/subjects/51ee0e7f-dc67-4911-2e53-57af8f5068b9
1763,349,1985,T,25,160.3498,-68.655,T25_1985_349,,http://opencontext.org/subjects/51ee0e7f-dc67-4911-2e53-57af8f5068b9
1764,350,1994,T,25,130.2895,-51.2948,T25_1994_350,,http://opencontext.org/subjects/49f45331-eb08-4e19-fa31-4c9ac639c388
1765,350,1994,T,25,129.6591,-53.1929,T25_1994_350,,http://opencontext.org/subjects/49f45331-eb08-4e19-fa31-4c9ac639c388
1766,350,1994,T,25,137.2512,-55.7145,T25_1994_350,,http://opencontext.org/subjects/49f45331-eb08-4e19-fa31-4c9ac639c388
1767,350,1994,T,25,137.8817,-53.8165,T25_1994_350,,http://opencontext.org/subjects/49f45331-eb08-4e19-fa31-4c9ac639c388
1768,351,1994,TNE,25,143.2402,-37.6831,TNE25_1994_351,,
1769,351,1994,TNE,25,142.6098,-39.5811,TNE25_1994_351,,
1770,351,1994,TNE,25,150.202,-42.1028,TNE25_1994_351,,
1771,351,1994,TNE,25,150.8324,-40.2047,TNE25_1994_351,,
1772,352,1994,TNE,25,139.441,-36.4222,TNE25_1994_352,,
1773,352,1994,TNE,25,138.4985,-39.2693,TNE25_1994_352,,
1774,352,1994,TNE,25,142.2946,-40.5301,TNE25_1994_352,,
1775,352,1994,TNE,25,143.2402,-37.6831,TNE25_1994_352,,
1776,353,1995,T,25,130.2895,-51.2948,T25_1995_353,,http://opencontext.org/subjects/e9425f5e-9aec-43f0-e0a9-2d64f97f5d2a
1777,353,1995,T,25,129.6591,-53.1929,T25_1995_353,,http://opencontext.org/subjects/e9425f5e-9aec-43f0-e0a9-2d64f97f5d2a
1778,353,1995,T,25,135.3532,-55.0841,T25_1995_353,,http://opencontext.org/subjects/e9425f5e-9aec-43f0-e0a9-2d64f97f5d2a
1779,353,1995,T,25,135.9836,-53.1861,T25_1995_353,,http://opencontext.org/subjects/e9425f5e-9aec-43f0-e0a9-2d64f97f5d2a
1780,354,1997,T,25,151.7,-61.2,T25_1997_354,,http://opencontext.org/subjects/ca7d40fe-8c09-47f7-7a9a-db887b1c6f87
1781,354,1997,T,25,154.6,-62.2,T25_1997_354,,http://opencontext.org/subjects/ca7d40fe-8c09-47f7-7a9a-db887b1c6f87
1782,354,1997,T,25,153.6,-65.0,T25_1997_354,,http://opencontext.org/subjects/ca7d40fe-8c09-47f7-7a9a-db887b1c6f87
1783,354,1997,T,25,150.8,-64.0,T25_1997_354,,http://opencontext.org/subjects/ca7d40fe-8c09-47f7-7a9a-db887b1c6f87
1784,355,1981,T,23,208.8256,-46.1391,T23_1981_355,,http://opencontext.org/subjects/d8300842-4aae-434e-81e4-058904f0b757
1785,355,1981,T,23,205.4318,-52.2613,T23_1981_355,,http://opencontext.org/subjects/d8300842-4aae-434e-81e4-058904f0b757
1786,355,1981,T,23,208.0556,-53.7158,T23_1981_355,,http://opencontext.org/subjects/d8300842-4aae-434e-81e4-058904f0b757
1787,355,1981,T,23,211.4495,-47.5936,T23_1981_355,,http://opencontext.org/subjects/d8300842-4aae-434e-81e4-058904f0b757
1788,356,1969,T,8,159.9,10.9,T8_1969_356,,http://opencontext.org/subjects/83e9f7d3-4b39-4734-476b-f64e3ab4d584
1789,356,1969,T,8,154.3457,-6.22161,T8_1969_356,,http://opencontext.org/subjects/83e9f7d3-4b39-4734-476b-f64e3ab4d584
1790,356,1969,T,8,193.3449,-18.8731,T8_1969_356,,http://opencontext.org/subjects/83e9f7d3-4b39-4734-476b-f64e3ab4d584
1791,356,1969,T,8,198.8992,-1.75153,T8_1969_356,,http://opencontext.org/subjects/83e9f7d3-4b39-4734-476b-f64e3ab4d584
1792,357,1970,T,8,179.0259,-7.92018,T8_1970_357,,http://opencontext.org/subjects/ed527e93-e63f-4fa6-a9a1-407f9ec2f3c1
1793,357,1970,T,8,177.1745,-13.6274,T8_1970_357,,http://opencontext.org/subjects/ed527e93-e63f-4fa6-a9a1-407f9ec2f3c1
1794,357,1970,T,8,184.7841,-16.096,T8_1970_357,,http://opencontext.org/subjects/ed527e93-e63f-4fa6-a9a1-407f9ec2f3c1
1795,357,1970,T,8,186.6355,-10.3888,T8_1970_357,,http://opencontext.org/subjects/ed527e93-e63f-4fa6-a9a1-407f9ec2f3c1
1796,358,1969,T,9,206.6,19.7,T9_1969_358,,http://opencontext.org/subjects/68f088f1-a2c1-4072-a9ab-ee6001f30cf8
1797,358,1969,T,9,211.3724,18.20863,T9_1969_358,,http://opencontext.org/subjects/68f088f1-a2c1-4072-a9ab-ee6001f30cf8
1798,358,1969,T,9,210.7758,16.29967,T9_1969_358,,http://opencontext.org/subjects/68f088f1-a2c1-4072-a9ab-ee6001f30cf8
1799,358,1969,T,9,218.4117,13.91347,T9_1969_358,,http://opencontext.org/subjects/68f088f1-a2c1-4072-a9ab-ee6001f30cf8
1800,358,1969,T,9,214.5341,1.5052,T9_1969_358,,http://opencontext.org/subjects/68f088f1-a2c1-4072-a9ab-ee6001f30cf8
1801,358,1969,T,9,209.7617,2.9966,T9_1969_358,,http://opencontext.org/subjects/68f088f1-a2c1-4072-a9ab-ee6001f30cf8
1802,358,1969,T,9,207.673,-3.68476,T9_1969_358,,http://opencontext.org/subjects/68f088f1-a2c1-4072-a9ab-ee6001f30cf8
1803,358,1969,T,9,208.6283,-3.983,T9_1969_358,,http://opencontext.org/subjects/68f088f1-a2c1-4072-a9ab-ee6001f30cf8
1804,358,1969,T,9,208.0317,-5.891,T9_1969_358,,http://opencontext.org/subjects/68f088f1-a2c1-4072-a9ab-ee6001f30cf8
1805,358,1969,T,9,204.2138,-4.6988,T9_1969_358,,http://opencontext.org/subjects/68f088f1-a2c1-4072-a9ab-ee6001f30cf8
1806,358,1969,T,9,206.8983,3.891425,T9_1969_358,,http://opencontext.org/subjects/68f088f1-a2c1-4072-a9ab-ee6001f30cf8
1807,358,1969,T,9,202.1259,5.3828,T9_1969_358,,http://opencontext.org/subjects/68f088f1-a2c1-4072-a9ab-ee6001f30cf8
1808,359,1970,T,9,206.6,19.7,T9_1970_359,,http://opencontext.org/subjects/388bb97a-c9b0-4ebb-fa5d-2a7b57460547
1809,359,1970,T,9,211.372,18.208,T9_1970_359,,http://opencontext.org/subjects/388bb97a-c9b0-4ebb-fa5d-2a7b57460547
1810,359,1970,T,9,210.775,16.299,T9_1970_359,,http://opencontext.org/subjects/388bb97a-c9b0-4ebb-fa5d-2a7b57460547
1811,359,1970,T,9,218.4117,13.91347,T9_1970_359,,http://opencontext.org/subjects/388bb97a-c9b0-4ebb-fa5d-2a7b57460547
1812,359,1970,T,9,211.8496,-7.08509,T9_1970_359,,http://opencontext.org/subjects/388bb97a-c9b0-4ebb-fa5d-2a7b57460547
1813,359,1970,T,9,204.2138,-4.698,T9_1970_359,,http://opencontext.org/subjects/388bb97a-c9b0-4ebb-fa5d-2a7b57460547
1814,359,1970,T,9,206.8983,-3.891,T9_1970_359,,http://opencontext.org/subjects/388bb97a-c9b0-4ebb-fa5d-2a7b57460547
1815,359,1970,T,9,202.1259,5.3828,T9_1970_359,,http://opencontext.org/subjects/388bb97a-c9b0-4ebb-fa5d-2a7b57460547
1816,360,1969,T,6F,172.6,-30.2,T6F_1969_360,,http://opencontext.org/subjects/905b4ea0-91a8-4b10-0020-7841c86953b0
1817,360,1969,T,6F,177.1981,-32.164,T6F_1969_360,,http://opencontext.org/subjects/905b4ea0-91a8-4b10-0020-7841c86953b0
1818,360,1969,T,6F,172.8773,-42.2799,T6F_1969_360,,http://opencontext.org/subjects/905b4ea0-91a8-4b10-0020-7841c86953b0
1819,360,1969,T,6F,168.2792,-40.3158,T6F_1969_360,,http://opencontext.org/subjects/905b4ea0-91a8-4b10-0020-7841c86953b0
1820,361,1969,T,6E_1,170.9856,-25.5109,T6E_1_1969_361,,
1821,361,1969,T,6E_1,169.2899,-30.2146,T6E_1_1969_361,,
1822,361,1969,T,6E_1,172.1121,-31.232,T6E_1_1969_361,,
1823,361,1969,T,6E_1,173.8078,-26.5284,T6E_1_1969_361,,
1824,362,1969,T,6D,168.3131,-30.3122,T6D_1969_362,,http://opencontext.org/subjects/ca2126b2-51b5-43a6-fbe2-ceaf068934a7
1825,362,1969,T,6D,165.3059,-39.8494,T6D_1969_362,,http://opencontext.org/subjects/ca2126b2-51b5-43a6-fbe2-ceaf068934a7
1826,362,1969,T,6D,168.167,-40.7515,T6D_1969_362,,http://opencontext.org/subjects/ca2126b2-51b5-43a6-fbe2-ceaf068934a7
1827,362,1969,T,6D,171.1742,-31.2142,T6D_1969_362,,http://opencontext.org/subjects/ca2126b2-51b5-43a6-fbe2-ceaf068934a7
1828,363,1970,T,6E_2,163.6879,-13.3137,T6E_2_1970_363,,
1829,363,1970,T,6E_2,162.333,-17.076,T6E_2_1970_363,,
1830,363,1970,T,6E_2,165.1555,-18.0941,T6E_2_1970_363,,
1831,363,1970,T,6E_2,166.5121,-14.3311,T6E_2_1970_363,,
1832,364,2009,T,26,186.0,-66.0,T26_2009_364,,http://opencontext.org/subjects/e89a8b35-2975-4e7a-4b07-5dc7e17f29e9
1833,364,2009,T,26,190.0,-66.0,T26_2009_364,,http://opencontext.org/subjects/e89a8b35-2975-4e7a-4b07-5dc7e17f29e9
1834,364,2009,T,26,190.0,-69.0,T26_2009_364,,http://opencontext.org/subjects/e89a8b35-2975-4e7a-4b07-5dc7e17f29e9
1835,364,2009,T,26,186.0,-69.0,T26_2009_364,,http://opencontext.org/subjects/e89a8b35-2975-4e7a-4b07-5dc7e17f29e9
1836,365,1969,T,7,140.054026,-11.65794069,T7_1969_365,,http://opencontext.org/subjects/db8a88c9-ca9e-44dd-9e67-aca26d5ae831
1837,365,1969,T,7,146.0688724,-12.5643744,T7_1969_365,,http://opencontext.org/subjects/db8a88c9-ca9e-44dd-9e67-aca26d5ae831
1838,365,1969,T,7,145.4497671,-14.46613899,T7_1969_365,,http://opencontext.org/subjects/db8a88c9-ca9e-44dd-9e67-aca26d5ae831
1839,365,1969,T,7,151.1550609,-16.323455,T7_1969_365,,http://opencontext.org/subjects/db8a88c9-ca9e-44dd-9e67-aca26d5ae831
1840,365,1969,T,7,154.2505876,-6.81463202,T7_1969_365,,http://opencontext.org/subjects/db8a88c9-ca9e-44dd-9e67-aca26d5ae831
1841,365,1969,T,7,142.84,-3.1,T7_1969_365,,http://opencontext.org/subjects/db8a88c9-ca9e-44dd-9e67-aca26d5ae831
1842,366,1985,T,27,181.5435,-74.6406,T27_1985_366,,http://opencontext.org/subjects/f84a0195-3739-4e20-dbc5-e6ab4c7828b4
1843,366,1985,T,27,176.1849715,-90.77398688,T27_1985_366,,http://opencontext.org/subjects/f84a0195-3739-4e20-dbc5-e6ab4c7828b4
1844,366,1985,T,27,179.9810625,-92.03481712,T27_1985_366,,http://opencontext.org/subjects/f84a0195-3739-4e20-dbc5-e6ab4c7828b4
1845,366,1985,T,27,182.502723,-84.44263506,T27_1985_366,,http://opencontext.org/subjects/f84a0195-3739-4e20-dbc5-e6ab4c7828b4
1846,366,1985,T,27,181.5537002,-84.1274275,T27_1985_366,,http://opencontext.org/subjects/f84a0195-3739-4e20-dbc5-e6ab4c7828b4
1847,366,1985,T,27,182.1841154,-82.22938198,T27_1985_366,,http://opencontext.org/subjects/f84a0195-3739-4e20-dbc5-e6ab4c7828b4
1848,366,1985,T,27,185.9802064,-83.49021222,T27_1985_366,,http://opencontext.org/subjects/f84a0195-3739-4e20-dbc5-e6ab4c7828b4
1849,366,1985,T,27,186.6106215,-81.5921667,T27_1985_366,,http://opencontext.org/subjects/f84a0195-3739-4e20-dbc5-e6ab4c7828b4
1850,366,1985,T,27,182.8145305,-80.33133647,T27_1985_366,,http://opencontext.org/subjects/f84a0195-3739-4e20-dbc5-e6ab4c7828b4
1851,366,1985,T,27,184.3905683,-75.58622268,T27_1985_366,,http://opencontext.org/subjects/f84a0195-3739-4e20-dbc5-e6ab4c7828b4
1852,367,1990,T,27,189.4576898,-82.53778938,T27_1990_367,,http://opencontext.org/subjects/b1aae78e-acd4-4b1f-ca46-ef64f7310195
1853,367,1990,T,27,191.3557353,-83.16820449,T27_1990_367,,http://opencontext.org/subjects/b1aae78e-acd4-4b1f-ca46-ef64f7310195
1854,367,1990,T,27,190.4101126,-86.01527277,T27_1990_367,,http://opencontext.org/subjects/b1aae78e-acd4-4b1f-ca46-ef64f7310195
1855,367,1990,T,27,188.5120671,-85.38485765,T27_1990_367,,http://opencontext.org/subjects/b1aae78e-acd4-4b1f-ca46-ef64f7310195
1856,368,1988,T,27,184.3905683,-75.58622268,T27_1988_368,,http://opencontext.org/subjects/ba2d283e-9ec4-47ae-4b5e-3c933662b0ff
1857,368,1988,T,27,182.8145305,-80.33133647,T27_1988_368,,http://opencontext.org/subjects/ba2d283e-9ec4-47ae-4b5e-3c933662b0ff
1858,368,1988,T,27,186.6106215,-81.5921667,T27_1988_368,,http://opencontext.org/subjects/ba2d283e-9ec4-47ae-4b5e-3c933662b0ff
1859,368,1988,T,27,188.1866593,-76.84705291,T27_1988_368,,http://opencontext.org/subjects/ba2d283e-9ec4-47ae-4b5e-3c933662b0ff
1860,369,1989,T,27,182.1841154,-82.22938198,T27_1989_369,,http://opencontext.org/subjects/692cf461-0052-4019-bb8a-bb26d84e5f24
1861,369,1989,T,27,185.9802064,-83.49021222,T27_1989_369,,http://opencontext.org/subjects/692cf461-0052-4019-bb8a-bb26d84e5f24
1862,369,1989,T,27,182.8281308,-92.98043979,T27_1989_369,,http://opencontext.org/subjects/692cf461-0052-4019-bb8a-bb26d84e5f24
1863,369,1989,T,27,179.9810625,-92.03481712,T27_1989_369,,http://opencontext.org/subjects/692cf461-0052-4019-bb8a-bb26d84e5f24
1864,369,1989,T,27,182.502723,-84.44263506,T27_1989_369,,http://opencontext.org/subjects/692cf461-0052-4019-bb8a-bb26d84e5f24
1865,369,1989,T,27,181.5537002,-84.1274275,T27_1989_369,,http://opencontext.org/subjects/692cf461-0052-4019-bb8a-bb26d84e5f24
1866,370,2012,CA,70,56.0,-36.0,CA70_2012_370,,http://opencontext.org/subjects/6e9a747f-a5ca-40b6-2e21-61eb5cf4e6ca
1867,370,2012,CA,70,62.0,-36.0,CA70_2012_370,,http://opencontext.org/subjects/6e9a747f-a5ca-40b6-2e21-61eb5cf4e6ca
1868,370,2012,CA,70,62.0,-39.0,CA70_2012_370,,http://opencontext.org/subjects/6e9a747f-a5ca-40b6-2e21-61eb5cf4e6ca
1869,370,2012,CA,70,56.0,-39.0,CA70_2012_370,,http://opencontext.org/subjects/6e9a747f-a5ca-40b6-2e21-61eb5cf4e6ca
1870,371,2012,CA,72,62.0,-36.0,CA72_2012_371,,http://opencontext.org/subjects/f9d2cc31-9892-49d5-a0f8-4e6fb084833e
1871,371,2012,CA,72,66.0,-36.0,CA72_2012_371,,http://opencontext.org/subjects/f9d2cc31-9892-49d5-a0f8-4e6fb084833e
1872,371,2012,CA,72,66.0,-39.0,CA72_2012_371,,http://opencontext.org/subjects/f9d2cc31-9892-49d5-a0f8-4e6fb084833e
1873,371,2012,CA,72,62.0,-39.0,CA72_2012_371,,http://opencontext.org/subjects/f9d2cc31-9892-49d5-a0f8-4e6fb084833e
1874,372,2012,CB,52,58.0,-49.0,CB52_2012_372,,http://opencontext.org/subjects/00e9665a-780d-4390-cfbf-b48a970759cb
1875,372,2012,CB,52,62.0,-49.0,CB52_2012_372,,http://opencontext.org/subjects/00e9665a-780d-4390-cfbf-b48a970759cb
1876,372,2012,CB,52,62.0,-53.0,CB52_2012_372,,http://opencontext.org/subjects/00e9665a-780d-4390-cfbf-b48a970759cb
1877,372,2012,CB,52,58.0,-53.0,CB52_2012_372,,http://opencontext.org/subjects/00e9665a-780d-4390-cfbf-b48a970759cb
1878,373,2012,CB,57,50.0,-53.0,CB57_2012_373,,http://opencontext.org/subjects/2196c174-d15b-428d-bb25-b375b2ce1aa6
1879,373,2012,CB,57,54.0,-53.0,CB57_2012_373,,http://opencontext.org/subjects/2196c174-d15b-428d-bb25-b375b2ce1aa6
1880,373,2012,CB,57,54.0,-57.0,CB57_2012_373,,http://opencontext.org/subjects/2196c174-d15b-428d-bb25-b375b2ce1aa6
1881,373,2012,CB,57,50.0,-57.0,CB57_2012_373,,http://opencontext.org/subjects/2196c174-d15b-428d-bb25-b375b2ce1aa6
1882,374,2012,CB,56,54.0,-53.0,CB56_2012_374,,http://opencontext.org/subjects/0c5f1a52-d6f4-456b-6041-4604f7c54855
1883,374,2012,CB,56,58.0,-53.0,CB56_2012_374,,http://opencontext.org/subjects/0c5f1a52-d6f4-456b-6041-4604f7c54855
1884,374,2012,CB,56,58.0,-57.0,CB56_2012_374,,http://opencontext.org/subjects/0c5f1a52-d6f4-456b-6041-4604f7c54855
1885,374,2012,CB,56,54.0,-57.0,CB56_2012_374,,http://opencontext.org/subjects/0c5f1a52-d6f4-456b-6041-4604f7c54855
1886,375,2012,CB,58,42.0,-53.0,CB58_2012_375,,http://opencontext.org/subjects/cd3e05e0-cd2d-42f4-936b-4399af5c66d2
1887,375,2012,CB,58,46.0,-53.0,CB58_2012_375,,http://opencontext.org/subjects/cd3e05e0-cd2d-42f4-936b-4399af5c66d2
1888,375,2012,CB,58,46.0,-57.0,CB58_2012_375,,http://opencontext.org/subjects/cd3e05e0-cd2d-42f4-936b-4399af5c66d2
1889,375,2012,CB,58,42.0,-57.0,CB58_2012_375,,http://opencontext.org/subjects/cd3e05e0-cd2d-42f4-936b-4399af5c66d2
1890,376,2012,CB,54,50.0,-49.0,CB54_2012_376,,http://opencontext.org/subjects/525e6271-b403-495d-0956-a316f186dc65
1891,376,2012,CB,54,54.0,-49.0,CB54_2012_376,,http://opencontext.org/subjects/525e6271-b403-495d-0956-a316f186dc65
1892,376,2012,CB,54,54.0,-53.0,CB54_2012_376,,http://opencontext.org/subjects/525e6271-b403-495d-0956-a316f186dc65
1893,376,2012,CB,54,50.0,-53.0,CB54_2012_376,,http://opencontext.org/subjects/525e6271-b403-495d-0956-a316f186dc65
1894,377,2012,CB,60,50.0,-57.0,CB60_2012_377,,http://opencontext.org/subjects/ecba8803-74d2-40ac-a63a-54ee3dce5d2c
1895,377,2012,CB,60,54.0,-57.0,CB60_2012_377,,http://opencontext.org/subjects/ecba8803-74d2-40ac-a63a-54ee3dce5d2c
1896,377,2012,CB,60,54.0,-59.0,CB60_2012_377,,http://opencontext.org/subjects/ecba8803-74d2-40ac-a63a-54ee3dce5d2c
1897,377,2012,CB,60,50.0,-59.0,CB60_2012_377,,http://opencontext.org/subjects/ecba8803-74d2-40ac-a63a-54ee3dce5d2c
1898,378,2012,CB,59,54.0,-57.0,CB59_2012_378,,http://opencontext.org/subjects/cf217633-6fba-4002-8dec-472a8416f1dd
1899,378,2012,CB,59,58.0,-57.0,CB59_2012_378,,http://opencontext.org/subjects/cf217633-6fba-4002-8dec-472a8416f1dd
1900,378,2012,CB,59,58.0,-60.0,CB59_2012_378,,http://opencontext.org/subjects/cf217633-6fba-4002-8dec-472a8416f1dd
1901,378,2012,CB,59,54.0,-60.0,CB59_2012_378,,http://opencontext.org/subjects/cf217633-6fba-4002-8dec-472a8416f1dd
1902,379,2012,CB,55,46.0,-49.0,CB55_2012_379,,http://opencontext.org/subjects/45c6d049-10dd-4fff-78f4-08d6d32642fc
1903,379,2012,CB,55,50.0,-49.0,CB55_2012_379,,http://opencontext.org/subjects/45c6d049-10dd-4fff-78f4-08d6d32642fc
1904,379,2012,CB,55,50.0,-58.0,CB55_2012_379,,http://opencontext.org/subjects/45c6d049-10dd-4fff-78f4-08d6d32642fc
1905,379,2012,CB,55,48.4,-58.0,CB55_2012_379,,http://opencontext.org/subjects/45c6d049-10dd-4fff-78f4-08d6d32642fc
1906,379,2012,CB,55,48.4,-57.0,CB55_2012_379,,http://opencontext.org/subjects/45c6d049-10dd-4fff-78f4-08d6d32642fc
1907,379,2012,CB,55,46.0,-57.0,CB55_2012_379,,http://opencontext.org/subjects/45c6d049-10dd-4fff-78f4-08d6d32642fc
1908,380,2012,CB,56,54.0,-53.0,CB56_2012_380,,
1909,380,2012,CB,56,58.0,-53.0,CB56_2012_380,,
1910,380,2012,CB,56,58.0,-57.0,CB56_2012_380,,
1911,380,2012,CB,56,54.0,-57.0,CB56_2012_380,,
1912,381,2012,CA,71,59.0,-33.5,CA71_2012_381,,http://opencontext.org/subjects/254dc26d-0431-4e75-8c50-ab6016c0df7e
1913,381,2012,CA,71,62.0,-33.5,CA71_2012_381,,http://opencontext.org/subjects/254dc26d-0431-4e75-8c50-ab6016c0df7e
1914,381,2012,CA,71,62.0,-34.0,CA71_2012_381,,http://opencontext.org/subjects/254dc26d-0431-4e75-8c50-ab6016c0df7e
1915,381,2012,CA,71,63.0,-34.0,CA71_2012_381,,http://opencontext.org/subjects/254dc26d-0431-4e75-8c50-ab6016c0df7e
1916,381,2012,CA,71,63.0,-36.0,CA71_2012_381,,http://opencontext.org/subjects/254dc26d-0431-4e75-8c50-ab6016c0df7e
1917,381,2012,CA,71,59.0,-36.0,CA71_2012_381,,http://opencontext.org/subjects/254dc26d-0431-4e75-8c50-ab6016c0df7e
1918,382,2012,CA,73,63.0,-34.0,CA73_2012_382,,http://opencontext.org/subjects/78ca532e-d943-482a-bb88-3fc43862bdda
1919,382,2012,CA,73,66.0,-34.0,CA73_2012_382,,http://opencontext.org/subjects/78ca532e-d943-482a-bb88-3fc43862bdda
1920,382,2012,CA,73,66.0,-36.0,CA73_2012_382,,http://opencontext.org/subjects/78ca532e-d943-482a-bb88-3fc43862bdda
1921,382,2012,CA,73,63.0,-36.0,CA73_2012_382,,http://opencontext.org/subjects/78ca532e-d943-482a-bb88-3fc43862bdda
1922,383,2012,CA,74,56.0,-33.5,CA74_2012_383,,http://opencontext.org/subjects/5071035d-3771-48d5-89fd-f59c01f96e74
1923,383,2012,CA,74,59.0,-33.5,CA74_2012_383,,http://opencontext.org/subjects/5071035d-3771-48d5-89fd-f59c01f96e74
1924,383,2012,CA,74,59.0,-36.0,CA74_2012_383,,http://opencontext.org/subjects/5071035d-3771-48d5-89fd-f59c01f96e74
1925,383,2012,CA,74,56.0,-36.0,CA74_2012_383,,http://opencontext.org/subjects/5071035d-3771-48d5-89fd-f59c01f96e74
1926,384,2012,CB,53,58.0,-53.0,CB53_2012_384,,http://opencontext.org/subjects/5ad193ff-803a-4d25-273b-f874b29af6ec
1927,384,2012,CB,53,58.0,-49.0,CB53_2012_384,,http://opencontext.org/subjects/5ad193ff-803a-4d25-273b-f874b29af6ec
1928,384,2012,CB,53,54.0,-49.0,CB53_2012_384,,http://opencontext.org/subjects/5ad193ff-803a-4d25-273b-f874b29af6ec
1929,384,2012,CB,53,54.0,-53.0,CB53_2012_384,,http://opencontext.org/subjects/5ad193ff-803a-4d25-273b-f874b29af6ec
1930,385,2012,CA,75,60.0,-28.0,CA75_2012_385,,http://opencontext.org/subjects/1a6306d7-a0f3-4b45-9667-6854f9e21100
1931,385,2012,CA,75,60.0,-26.0,CA75_2012_385,,http://opencontext.org/subjects/1a6306d7-a0f3-4b45-9667-6854f9e21100
1932,385,2012,CA,75,58.0,-26.0,CA75_2012_385,,http://opencontext.org/subjects/1a6306d7-a0f3-4b45-9667-6854f9e21100
1933,385,2012,CA,75,58.0,-28.0,CA75_2012_385,,http://opencontext.org/subjects/1a6306d7-a0f3-4b45-9667-6854f9e21100
1934,386,2013,CA,80,51.0,-31.0,CA80_2013_386,,http://opencontext.org/subjects/23e7aafa-37d8-4e72-b92e-5e94fedfd207
1935,386,2013,CA,80,55.0,-31.0,CA80_2013_386,,http://opencontext.org/subjects/23e7aafa-37d8-4e72-b92e-5e94fedfd207
1936,386,2013,CA,80,55.0,-32.0,CA80_2013_386,,http://opencontext.org/subjects/23e7aafa-37d8-4e72-b92e-5e94fedfd207
1937,386,2013,CA,80,56.0,-32.0,CA80_2013_386,,http://opencontext.org/subjects/23e7aafa-37d8-4e72-b92e-5e94fedfd207
1938,386,2013,CA,80,56.0,-36.0,CA80_2013_386,,http://opencontext.org/subjects/23e7aafa-37d8-4e72-b92e-5e94fedfd207
1939,386,2013,CA,80,52.0,-36.0,CA80_2013_386,,http://opencontext.org/subjects/23e7aafa-37d8-4e72-b92e-5e94fedfd207
1940,386,2013,CA,80,52.0,-33.5,CA80_2013_386,,http://opencontext.org/subjects/23e7aafa-37d8-4e72-b92e-5e94fedfd207
1941,386,2013,CA,80,51.0,-33.5,CA80_2013_386,,http://opencontext.org/subjects/23e7aafa-37d8-4e72-b92e-5e94fedfd207
1942,386,2013,CA,80,51.0,-31.0,CA80_2013_386,,http://opencontext.org/subjects/23e7aafa-37d8-4e72-b92e-5e94fedfd207
1943,387,2013,CA,81,59.0,-41.0,CA81_2013_387,,http://opencontext.org/subjects/2f2d6d6e-a85e-4876-af9d-01e83668f5e9
1944,387,2013,CA,81,59.0,-39.0,CA81_2013_387,,http://opencontext.org/subjects/2f2d6d6e-a85e-4876-af9d-01e83668f5e9
1945,387,2013,CA,81,63.0,-39.0,CA81_2013_387,,http://opencontext.org/subjects/2f2d6d6e-a85e-4876-af9d-01e83668f5e9
1946,387,2013,CA,81,63.0,-43.0,CA81_2013_387,,http://opencontext.org/subjects/2f2d6d6e-a85e-4876-af9d-01e83668f5e9
1947,387,2013,CA,81,61.0,-43.0,CA81_2013_387,,http://opencontext.org/subjects/2f2d6d6e-a85e-4876-af9d-01e83668f5e9
1948,387,2013,CA,81,61.0,-41.0,CA81_2013_387,,http://opencontext.org/subjects/2f2d6d6e-a85e-4876-af9d-01e83668f5e9
1949,387,2013,CA,81,59.0,-41.0,CA81_2013_387,,http://opencontext.org/subjects/2f2d6d6e-a85e-4876-af9d-01e83668f5e9
1950,388,2013,CA,82,64.0,-30.0,CA82_2013_388,,http://opencontext.org/subjects/80c59cb5-d6ca-4b88-8e93-cab9c1e3798f
1951,388,2013,CA,82,64.0,-26.0,CA82_2013_388,,http://opencontext.org/subjects/80c59cb5-d6ca-4b88-8e93-cab9c1e3798f
1952,388,2013,CA,82,68.0,-26.0,CA82_2013_388,,http://opencontext.org/subjects/80c59cb5-d6ca-4b88-8e93-cab9c1e3798f
1953,388,2013,CA,82,68.0,-30.0,CA82_2013_388,,http://opencontext.org/subjects/80c59cb5-d6ca-4b88-8e93-cab9c1e3798f
1954,388,2013,CA,82,64.0,-30.0,CA82_2013_388,,http://opencontext.org/subjects/80c59cb5-d6ca-4b88-8e93-cab9c1e3798f
1955,389,2013,CA,83,54.0,-41.0,CA83_2013_389,,http://opencontext.org/subjects/4ba347eb-5401-407a-a65b-7206754259ad
1956,389,2013,CA,83,54.0,-36.0,CA83_2013_389,,http://opencontext.org/subjects/4ba347eb-5401-407a-a65b-7206754259ad
1957,389,2013,CA,83,56.0,-36.0,CA83_2013_389,,http://opencontext.org/subjects/4ba347eb-5401-407a-a65b-7206754259ad
1958,389,2013,CA,83,56.0,-39.0,CA83_2013_389,,http://opencontext.org/subjects/4ba347eb-5401-407a-a65b-7206754259ad
1959,389,2013,CA,83,59.0,-39.0,CA83_2013_389,,http://opencontext.org/subjects/4ba347eb-5401-407a-a65b-7206754259ad
1960,389,2013,CA,83,59.0,-41.0,CA83_2013_389,,http://opencontext.org/subjects/4ba347eb-5401-407a-a65b-7206754259ad
1961,389,2013,CA,83,54.0,-41.0,CA83_2013_389,,http://opencontext.org/subjects/4ba347eb-5401-407a-a65b-7206754259ad
1962,390,2013,CA,76,66.0,-41.0,CA76_2013_390,,http://opencontext.org/subjects/4acaaff3-cab7-4391-940b-6f6cb9946186
1963,390,2013,CA,76,66.0,-39.0,CA76_2013_390,,http://opencontext.org/subjects/4acaaff3-cab7-4391-940b-6f6cb9946186
1964,390,2013,CA,76,71.0,-39.0,CA76_2013_390,,http://opencontext.org/subjects/4acaaff3-cab7-4391-940b-6f6cb9946186
1965,390,2013,CA,76,71.0,-41.0,CA76_2013_390,,http://opencontext.org/subjects/4acaaff3-cab7-4391-940b-6f6cb9946186
1966,390,2013,CA,76,66.0,-41.0,CA76_2013_390,,http://opencontext.org/subjects/4acaaff3-cab7-4391-940b-6f6cb9946186
1967,391,2013,CA,77,65.0,-44.0,CA77_2013_391,,http://opencontext.org/subjects/e7100971-7904-4848-9215-47d12309f089
1968,391,2013,CA,77,65.0,-41.0,CA77_2013_391,,http://opencontext.org/subjects/e7100971-7904-4848-9215-47d12309f089
1969,391,2013,CA,77,71.0,-41.0,CA77_2013_391,,http://opencontext.org/subjects/e7100971-7904-4848-9215-47d12309f089
1970,391,2013,CA,77,71.0,-44.0,CA77_2013_391,,http://opencontext.org/subjects/e7100971-7904-4848-9215-47d12309f089
1971,391,2013,CA,77,65.0,-44.0,CA77_2013_391,,http://opencontext.org/subjects/e7100971-7904-4848-9215-47d12309f089
1972,392,2013,CA,78,66.0,-34.0,CA78_2013_392,,http://opencontext.org/subjects/eccf1e45-88e2-4072-98a5-d04eaa7c3b70
1973,392,2013,CA,78,66.0,-30.0,CA78_2013_392,,http://opencontext.org/subjects/eccf1e45-88e2-4072-98a5-d04eaa7c3b70
1974,392,2013,CA,78,70.0,-30.0,CA78_2013_392,,http://opencontext.org/subjects/eccf1e45-88e2-4072-98a5-d04eaa7c3b70
1975,392,2013,CA,78,70.0,-34.0,CA78_2013_392,,http://opencontext.org/subjects/eccf1e45-88e2-4072-98a5-d04eaa7c3b70
1976,392,2013,CA,78,66.0,-34.0,CA78_2013_392,,http://opencontext.org/subjects/eccf1e45-88e2-4072-98a5-d04eaa7c3b70
1977,393,2013,CA,79,63.0,-43.0,CA79_2013_393,,http://opencontext.org/subjects/2189b8ab-a4a5-490a-83dd-3b9c2e2385d2
1978,393,2013,CA,79,63.0,-39.0,CA79_2013_393,,http://opencontext.org/subjects/2189b8ab-a4a5-490a-83dd-3b9c2e2385d2
1979,393,2013,CA,79,66.0,-39.0,CA79_2013_393,,http://opencontext.org/subjects/2189b8ab-a4a5-490a-83dd-3b9c2e2385d2
1980,393,2013,CA,79,66.0,-41.0,CA79_2013_393,,http://opencontext.org/subjects/2189b8ab-a4a5-490a-83dd-3b9c2e2385d2
1981,393,2013,CA,79,65.0,-41.0,CA79_2013_393,,http://opencontext.org/subjects/2189b8ab-a4a5-490a-83dd-3b9c2e2385d2
1982,393,2013,CA,79,65.0,-43.0,CA79_2013_393,,http://opencontext.org/subjects/2189b8ab-a4a5-490a-83dd-3b9c2e2385d2
1983,393,2013,CA,79,63.0,-43.0,CA79_2013_393,,http://opencontext.org/subjects/2189b8ab-a4a5-490a-83dd-3b9c2e2385d2
1984,394,2013,CA,71,59.0,-34.0,CA71_2013_394,,
1985,394,2013,CA,71,59.0,-33.5,CA71_2013_394,,
1986,394,2013,CA,71,63.0,-33.5,CA71_2013_394,,
1987,394,2013,CA,71,63.0,-34.0,CA71_2013_394,,
1988,394,2013,CA,71,59.0,-34.0,CA71_2013_394,,
1989,395,2013,CA,72,66.0,-39.0,CA72_2013_395,,http://opencontext.org/subjects/2ab489e7-014b-4437-aeca-c243e019695a
1990,395,2013,CA,72,66.0,-36.0,CA72_2013_395,,http://opencontext.org/subjects/2ab489e7-014b-4437-aeca-c243e019695a
1991,395,2013,CA,72,71.0,-36.0,CA72_2013_395,,http://opencontext.org/subjects/2ab489e7-014b-4437-aeca-c243e019695a
1992,395,2013,CA,72,71.0,-39.0,CA72_2013_395,,http://opencontext.org/subjects/2ab489e7-014b-4437-aeca-c243e019695a
1993,395,2013,CA,72,66.0,-39.0,CA72_2013_395,,http://opencontext.org/subjects/2ab489e7-014b-4437-aeca-c243e019695a
1994,396,2013,CA,73,66.0,-36.0,CA73_2013_396,,http://opencontext.org/subjects/cc79062b-1b2c-417b-9295-299e89d26c97
1995,396,2013,CA,73,66.0,-34.0,CA73_2013_396,,http://opencontext.org/subjects/cc79062b-1b2c-417b-9295-299e89d26c97
1996,396,2013,CA,73,71.0,-34.0,CA73_2013_396,,http://opencontext.org/subjects/cc79062b-1b2c-417b-9295-299e89d26c97
1997,396,2013,CA,73,71.0,-36.0,CA73_2013_396,,http://opencontext.org/subjects/cc79062b-1b2c-417b-9295-299e89d26c97
1998,396,2013,CA,73,66.0,-36.0,CA73_2013_396,,http://opencontext.org/subjects/cc79062b-1b2c-417b-9295-299e89d26c97
1999,397,2013,CA,74,56.0,-34.0,CA74_2013_397,,
2000,397,2013,CA,74,56.0,-33.5,CA74_2013_397,,
2001,397,2013,CA,74,59.0,-33.5,CA74_2013_397,,
2002,397,2013,CA,74,59.0,-34.0,CA74_2013_397,,
2003,397,2013,CA,74,56.0,-34.0,CA74_2013_397,,
2004,398,1993,CB,27,-62.0,-11.0,CB27_1993_398,,http://opencontext.org/subjects/17924be4-6a53-47c1-0e6a-d9c8f840f2d9
2005,398,1993,CB,27,-55.0,-11.0,CB27_1993_398,,http://opencontext.org/subjects/17924be4-6a53-47c1-0e6a-d9c8f840f2d9
2006,398,1993,CB,27,-55.0,-17.0,CB27_1993_398,,http://opencontext.org/subjects/17924be4-6a53-47c1-0e6a-d9c8f840f2d9
2007,398,1993,CB,27,-62.0,-17.0,CB27_1993_398,,http://opencontext.org/subjects/17924be4-6a53-47c1-0e6a-d9c8f840f2d9
2008,399,2014,T,66,106.8956522,-46.75043478,T66_2014_399,,http://opencontext.org/subjects/61bd5ada-45dd-4cf3-b620-8ba839f85753
2009,399,2014,T,66,109.8682609,-46.79217391,T66_2014_399,,http://opencontext.org/subjects/61bd5ada-45dd-4cf3-b620-8ba839f85753
2010,399,2014,T,66,109.91,-49.77,T66_2014_399,,http://opencontext.org/subjects/61bd5ada-45dd-4cf3-b620-8ba839f85753
2011,399,2014,T,66,106.9373913,-49.72826087,T66_2014_399,,http://opencontext.org/subjects/61bd5ada-45dd-4cf3-b620-8ba839f85753
2012,400,2014,T,66,105.9047826,-46.73652174,T66_2014_400,,
2013,400,2014,T,66,106.8956522,-46.75043478,T66_2014_400,,
2014,400,2014,T,66,106.9373913,-49.72826087,T66_2014_400,,
2015,400,2014,T,66,105.9465217,-49.71434783,T66_2014_400,,
2016,401,2014,T,66,105.8908696,-45.74391304,T66_2014_401,,
2017,401,2014,T,66,109.8543478,-45.79956522,T66_2014_401,,
2018,401,2014,T,66,109.8682609,-46.79217391,T66_2014_401,,
2019,401,2014,T,66,105.9047826,-46.73652174,T66_2014_401,,
2020,402,2015,T,66,105.8908696,-45.74391304,T66_2015_402,,http://opencontext.org/subjects/9420190e-3d76-44cf-ae0f-279900c4a56c
2021,402,2015,T,66,109.8543478,-45.79956522,T66_2015_402,,http://opencontext.org/subjects/9420190e-3d76-44cf-ae0f-279900c4a56c
2022,402,2015,T,66,109.8682609,-46.79217391,T66_2015_402,,http://opencontext.org/subjects/9420190e-3d76-44cf-ae0f-279900c4a56c
2023,402,2015,T,66,105.9047826,-46.73652174,T66_2015_402,,http://opencontext.org/subjects/9420190e-3d76-44cf-ae0f-279900c4a56c
2024,403,2015,T,66,105.8630435,-43.75869565,T66_2015_403,,
2025,403,2015,T,66,108.8356522,-43.80043478,T66_2015_403,,
2026,403,2015,T,66,108.8773913,-46.77826087,T66_2015_403,,
2027,403,2015,T,66,105.9047826,-46.73652174,T66_2015_403,,
2028,404,2015,T,66,108.8356522,-43.80043478,T66_2015_404,,
2029,404,2015,T,66,109.8265217,-43.81434783,T66_2015_404,,
2030,404,2015,T,66,109.8682609,-46.79217391,T66_2015_404,,
2031,404,2015,T,66,108.8773913,-46.77826087,T66_2015_404,,
2032,405,2014,T,61,92.04652174,-47.53434783,T61_2014_405,,http://opencontext.org/subjects/f675c9ad-e4b3-4125-937e-21d64ed8fd30
2033,405,2014,T,61,96.01,-47.59,T61_2014_405,,http://opencontext.org/subjects/f675c9ad-e4b3-4125-937e-21d64ed8fd30
2034,405,2014,T,61,96.03782609,-49.57521739,T61_2014_405,,http://opencontext.org/subjects/f675c9ad-e4b3-4125-937e-21d64ed8fd30
2035,405,2014,T,61,92.07434783,-49.51956522,T61_2014_405,,http://opencontext.org/subjects/f675c9ad-e4b3-4125-937e-21d64ed8fd30
2036,406,2014,T,61,92.07434783,-49.51956522,T61_2014_406,,
2037,406,2014,T,61,96.03782609,-49.57521739,T61_2014_406,,
2038,406,2014,T,61,96.06565217,-51.56043478,T61_2014_406,,
2039,406,2014,T,61,92.10217391,-51.50478261,T61_2014_406,,
2040,407,2014,T,62,92.10217391,-51.50478261,T62_2014_407,,http://opencontext.org/subjects/bfc2ff8b-1d8a-49ba-bb5e-e64ae799a642
2041,407,2014,T,62,96.06565217,-51.56043478,T62_2014_407,,http://opencontext.org/subjects/bfc2ff8b-1d8a-49ba-bb5e-e64ae799a642
2042,407,2014,T,62,96.09347826,-53.54565217,T62_2014_407,,http://opencontext.org/subjects/bfc2ff8b-1d8a-49ba-bb5e-e64ae799a642
2043,407,2014,T,62,92.13,-53.49,T62_2014_407,,http://opencontext.org/subjects/bfc2ff8b-1d8a-49ba-bb5e-e64ae799a642
2044,408,2014,T,62,92.13,-53.49,T62_2014_408,,
2045,408,2014,T,62,95.1026087,-53.53173913,T62_2014_408,,
2046,408,2014,T,62,95.13043478,-55.51695652,T62_2014_408,,
2047,408,2014,T,62,92.15782609,-55.47521739,T62_2014_408,,
2048,409,2014,T,62,95.1026087,-53.53173913,T62_2014_409,,
2049,409,2014,T,62,96.09347826,-53.54565217,T62_2014_409,,
2050,409,2014,T,62,96.07956522,-52.55304348,T62_2014_409,,
2051,409,2014,T,62,98.06130435,-52.58086957,T62_2014_409,,
2052,409,2014,T,62,98.10304348,-55.55869565,T62_2014_409,,
2053,409,2014,T,62,95.13043478,-55.51695652,T62_2014_409,,
2054,410,2014,T,69,87.98565217,-40.53043478,T69_2014_410,,http://opencontext.org/subjects/1f5549bf-2d1e-4eab-aa1c-a23e76cff1d4
2055,410,2014,T,69,90.95826087,-40.57217391,T69_2014_410,,http://opencontext.org/subjects/1f5549bf-2d1e-4eab-aa1c-a23e76cff1d4
2056,410,2014,T,69,90.98608696,-42.5573913,T69_2014_410,,http://opencontext.org/subjects/1f5549bf-2d1e-4eab-aa1c-a23e76cff1d4
2057,410,2014,T,69,88.01347826,-42.51565217,T69_2014_410,,http://opencontext.org/subjects/1f5549bf-2d1e-4eab-aa1c-a23e76cff1d4
2058,411,2014,T,69,87.97173913,-39.53782609,T69_2014_411,,
2059,411,2014,T,69,90.94434783,-39.57956522,T69_2014_411,,
2060,411,2014,T,69,90.95826087,-40.57217391,T69_2014_411,,
2061,411,2014,T,69,87.98565217,-40.53043478,T69_2014_411,,
2062,412,2014,T,67,189.0,-45.0,T67_2014_412,,http://opencontext.org/subjects/753ff890-7e5c-4854-93e8-0c1d40e1683a
2063,412,2014,T,67,190.0,-45.0,T67_2014_412,,http://opencontext.org/subjects/753ff890-7e5c-4854-93e8-0c1d40e1683a
2064,412,2014,T,67,190.0,-48.0,T67_2014_412,,http://opencontext.org/subjects/753ff890-7e5c-4854-93e8-0c1d40e1683a
2065,412,2014,T,67,189.0,-48.0,T67_2014_412,,http://opencontext.org/subjects/753ff890-7e5c-4854-93e8-0c1d40e1683a
2066,413,2014,T,63,98.07521739,-53.57347826,T63_2014_413,,http://opencontext.org/subjects/311c66b1-75d5-49c1-9593-481228048c07
2067,413,2014,T,63,101.0478261,-53.61521739,T63_2014_413,,http://opencontext.org/subjects/311c66b1-75d5-49c1-9593-481228048c07
2068,413,2014,T,63,101.006087,-50.6373913,T63_2014_413,,http://opencontext.org/subjects/311c66b1-75d5-49c1-9593-481228048c07
2069,413,2014,T,63,98.03347826,-50.59565217,T63_2014_413,,http://opencontext.org/subjects/311c66b1-75d5-49c1-9593-481228048c07
2070,414,2014,T,63,98.10304348,-55.55869565,T63_2014_414,,
2071,414,2014,T,63,101.0756522,-55.60043478,T63_2014_414,,
2072,414,2014,T,63,101.0478261,-53.61521739,T63_2014_414,,
2073,414,2014,T,63,98.07521739,-53.57347826,T63_2014_414,,
2074,415,2014,T,68,190.0,-54.0,T68_2014_415,,http://opencontext.org/subjects/6ffcb588-d41e-4749-86db-351bcfba50c4
2075,415,2014,T,68,188.0,-54.0,T68_2014_415,,http://opencontext.org/subjects/6ffcb588-d41e-4749-86db-351bcfba50c4
2076,415,2014,T,68,188.0,-56.0,T68_2014_415,,http://opencontext.org/subjects/6ffcb588-d41e-4749-86db-351bcfba50c4
2077,415,2014,T,68,190.0,-56.0,T68_2014_415,,http://opencontext.org/subjects/6ffcb588-d41e-4749-86db-351bcfba50c4
2078,416,2014,T,65,97.92217391,-42.65478261,T65_2014_416,,http://opencontext.org/subjects/7b01d4eb-7821-419e-9df4-d72d06513a6d
2079,416,2014,T,65,100.8947826,-42.69652174,T65_2014_416,,http://opencontext.org/subjects/7b01d4eb-7821-419e-9df4-d72d06513a6d
2080,416,2014,T,65,100.9365217,-45.67434783,T65_2014_416,,http://opencontext.org/subjects/7b01d4eb-7821-419e-9df4-d72d06513a6d
2081,416,2014,T,65,97.96391304,-45.6326087,T65_2014_416,,http://opencontext.org/subjects/7b01d4eb-7821-419e-9df4-d72d06513a6d
2082,417,2014,T,65,100.8947826,-42.69652174,T65_2014_417,,
2083,417,2014,T,65,101.8856522,-42.71043478,T65_2014_417,,
2084,417,2014,T,65,101.9413043,-46.68086957,T65_2014_417,,
2085,417,2014,T,65,97.97782609,-46.62521739,T65_2014_417,,
2086,417,2014,T,65,97.96391304,-45.6326087,T65_2014_417,,
2087,417,2014,T,65,100.9365217,-45.67434783,T65_2014_417,,
2088,418,2014,T,64,97.97782609,-46.62521739,T64_2014_418,,http://opencontext.org/subjects/503bb312-f0cc-4ecf-9443-66a81f9dc683
2089,418,2014,T,64,100.9504348,-46.66695652,T64_2014_418,,http://opencontext.org/subjects/503bb312-f0cc-4ecf-9443-66a81f9dc683
2090,418,2014,T,64,100.9921739,-49.64478261,T64_2014_418,,http://opencontext.org/subjects/503bb312-f0cc-4ecf-9443-66a81f9dc683
2091,418,2014,T,64,98.01956522,-49.60304348,T64_2014_418,,http://opencontext.org/subjects/503bb312-f0cc-4ecf-9443-66a81f9dc683
2092,419,2014,T,59,92.92608696,-39.6073913,T59_2014_419,,http://opencontext.org/subjects/dc245337-3117-4551-837e-42c02d297a2e
2093,419,2014,T,59,94.90782609,-39.63521739,T59_2014_419,,http://opencontext.org/subjects/dc245337-3117-4551-837e-42c02d297a2e
2094,419,2014,T,59,94.96347826,-43.60565217,T59_2014_419,,http://opencontext.org/subjects/dc245337-3117-4551-837e-42c02d297a2e
2095,419,2014,T,59,92.98173913,-43.57782609,T59_2014_419,,http://opencontext.org/subjects/dc245337-3117-4551-837e-42c02d297a2e
2096,420,2014,T,59,90.94434783,-39.57956522,T59_2014_420,,
2097,420,2014,T,59,92.92608696,-39.6073913,T59_2014_420,,
2098,420,2014,T,59,92.98173913,-43.57782609,T59_2014_420,,
2099,420,2014,T,59,91.0,-43.55,T59_2014_420,,
2100,421,2014,T,59,94.90782609,-39.63521739,T59_2014_421,,
2101,421,2014,T,59,96.42385652,-39.65650435,T59_2014_421,,
2102,421,2014,T,59,96.43220435,-40.25206957,T59_2014_421,,
2103,421,2014,T,59,96.89791304,-40.2586087,T59_2014_421,,
2104,421,2014,T,59,96.94521739,-43.63347826,T59_2014_421,,
2105,421,2014,T,59,94.96347826,-43.60565217,T59_2014_421,,
2106,422,2014,T,60,92.98173913,-43.57782609,T60_2014_422,,http://opencontext.org/subjects/28a6cc00-fbab-40f1-90e6-01c66376926b
2107,422,2014,T,60,96.94521739,-43.63347826,T60_2014_422,,http://opencontext.org/subjects/28a6cc00-fbab-40f1-90e6-01c66376926b
2108,422,2014,T,60,96.97304348,-45.61869565,T60_2014_422,,http://opencontext.org/subjects/28a6cc00-fbab-40f1-90e6-01c66376926b
2109,422,2014,T,60,93.00956522,-45.56304348,T60_2014_422,,http://opencontext.org/subjects/28a6cc00-fbab-40f1-90e6-01c66376926b
2110,423,2014,T,60,96.94521739,-43.63347826,T60_2014_423,,
2111,423,2014,T,60,97.93608696,-43.6473913,T60_2014_423,,
2112,423,2014,T,60,97.96391304,-45.6326087,T60_2014_423,,
2113,423,2014,T,60,96.97304348,-45.61869565,T60_2014_423,,
2114,424,2014,T,57,90.86086957,-33.62391304,T57_2014_424,,http://opencontext.org/subjects/284a39ef-3e9f-4dac-8dc9-87b94095f382
2115,424,2014,T,57,94.82434783,-33.67956522,T57_2014_424,,http://opencontext.org/subjects/284a39ef-3e9f-4dac-8dc9-87b94095f382
2116,424,2014,T,57,94.85217391,-35.66478261,T57_2014_424,,http://opencontext.org/subjects/284a39ef-3e9f-4dac-8dc9-87b94095f382
2117,424,2014,T,57,90.88869565,-35.60913043,T57_2014_424,,http://opencontext.org/subjects/284a39ef-3e9f-4dac-8dc9-87b94095f382
2118,425,2014,T,57,94.82434783,-33.67956522,T57_2014_425,,
2119,425,2014,T,57,96.80608696,-33.7073913,T57_2014_425,,
2120,425,2014,T,57,96.86173913,-37.67782609,T57_2014_425,,
2121,425,2014,T,57,93.88913043,-37.63608696,T57_2014_425,,
2122,425,2014,T,57,93.86130435,-35.65086957,T57_2014_425,,
2123,425,2014,T,57,94.85217391,-35.66478261,T57_2014_425,,
2124,426,2014,T,57,88.87913043,-33.59608696,T57_2014_426,,
2125,426,2014,T,57,90.86086957,-33.62391304,T57_2014_426,,
2126,426,2014,T,57,90.88869565,-35.60913043,T57_2014_426,,
2127,426,2014,T,57,88.90695652,-35.58130435,T57_2014_426,,
2128,427,2014,T,58,90.91652174,-37.59434783,T58_2014_427,,http://opencontext.org/subjects/d0ec09bd-399d-46f0-8ec9-8f5936044f1c
2129,427,2014,T,58,94.88,-37.65,T58_2014_427,,http://opencontext.org/subjects/d0ec09bd-399d-46f0-8ec9-8f5936044f1c
2130,427,2014,T,58,94.90782609,-39.63521739,T58_2014_427,,http://opencontext.org/subjects/d0ec09bd-399d-46f0-8ec9-8f5936044f1c
2131,427,2014,T,58,90.94434783,-39.57956522,T58_2014_427,,http://opencontext.org/subjects/d0ec09bd-399d-46f0-8ec9-8f5936044f1c
2132,428,2015,T,62,92.13,-53.49,T62_2015_428,,http://opencontext.org/subjects/db6cca7f-78cb-4043-adb4-c3de5d791910
2133,428,2015,T,62,96.09347826,-53.54565217,T62_2015_428,,http://opencontext.org/subjects/db6cca7f-78cb-4043-adb4-c3de5d791910
2134,428,2015,T,62,96.13521739,-56.52347826,T62_2015_428,,http://opencontext.org/subjects/db6cca7f-78cb-4043-adb4-c3de5d791910
2135,428,2015,T,62,92.17173913,-56.46782609,T62_2015_428,,http://opencontext.org/subjects/db6cca7f-78cb-4043-adb4-c3de5d791910
2136,429,2015,T,73,88.86521739,-32.60347826,T73_2015_429,,http://opencontext.org/subjects/a236e90a-f7b6-44b9-af1b-dc259071ab4f
2137,429,2015,T,73,92.82869565,-32.65913043,T73_2015_429,,http://opencontext.org/subjects/a236e90a-f7b6-44b9-af1b-dc259071ab4f
2138,429,2015,T,73,92.85652174,-34.64434783,T73_2015_429,,http://opencontext.org/subjects/a236e90a-f7b6-44b9-af1b-dc259071ab4f
2139,429,2015,T,73,88.89304348,-34.58869565,T73_2015_429,,http://opencontext.org/subjects/a236e90a-f7b6-44b9-af1b-dc259071ab4f
2140,430,2015,T,80,94.88,-37.65,T80_2015_430,,http://opencontext.org/subjects/0a00d502-984f-4449-8bdc-8245093690f8
2141,430,2015,T,80,96.86173913,-37.67782609,T80_2015_430,,http://opencontext.org/subjects/0a00d502-984f-4449-8bdc-8245093690f8
2142,430,2015,T,80,96.90347826,-40.65565217,T80_2015_430,,http://opencontext.org/subjects/0a00d502-984f-4449-8bdc-8245093690f8
2143,430,2015,T,80,94.92173913,-40.62782609,T80_2015_430,,http://opencontext.org/subjects/0a00d502-984f-4449-8bdc-8245093690f8
2144,431,2015,T,74,96.84782609,-36.68521739,T74_2015_431,,http://opencontext.org/subjects/5ccfc2a2-4139-41fd-9961-fdc03420e0bf
2145,431,2015,T,74,99.82043478,-36.72695652,T74_2015_431,,http://opencontext.org/subjects/5ccfc2a2-4139-41fd-9961-fdc03420e0bf
2146,431,2015,T,74,99.86217391,-39.70478261,T74_2015_431,,http://opencontext.org/subjects/5ccfc2a2-4139-41fd-9961-fdc03420e0bf
2147,431,2015,T,74,96.88956522,-39.66304348,T74_2015_431,,http://opencontext.org/subjects/5ccfc2a2-4139-41fd-9961-fdc03420e0bf
2148,432,2015,T,75,101.9134783,-44.69565217,T75_2015_432,,http://opencontext.org/subjects/3bd49b02-b954-46ad-8cc6-a0fa4ca48906
2149,432,2015,T,75,103.8952174,-44.72347826,T75_2015_432,,http://opencontext.org/subjects/3bd49b02-b954-46ad-8cc6-a0fa4ca48906
2150,432,2015,T,75,103.9508696,-48.69391304,T75_2015_432,,http://opencontext.org/subjects/3bd49b02-b954-46ad-8cc6-a0fa4ca48906
2151,432,2015,T,75,101.9691304,-48.66608696,T75_2015_432,,http://opencontext.org/subjects/3bd49b02-b954-46ad-8cc6-a0fa4ca48906
2152,433,2015,T,75,101.8856522,-42.71043478,T75_2015_433,,
2153,433,2015,T,75,105.8491304,-42.76608696,T75_2015_433,,
2154,433,2015,T,75,105.8769565,-44.75130435,T75_2015_433,,
2155,433,2015,T,75,101.9134783,-44.69565217,T75_2015_433,,
2156,434,2015,T,78,105.8213043,-40.78086957,T78_2015_434,,http://opencontext.org/subjects/991fd662-e8c0-4dfd-9b1f-d7233429ca3a
2157,434,2015,T,78,108.793913,-40.8226087,T78_2015_434,,http://opencontext.org/subjects/991fd662-e8c0-4dfd-9b1f-d7233429ca3a
2158,434,2015,T,78,108.8356522,-43.80043478,T78_2015_434,,http://opencontext.org/subjects/991fd662-e8c0-4dfd-9b1f-d7233429ca3a
2159,434,2015,T,78,105.8630435,-43.75869565,T78_2015_434,,http://opencontext.org/subjects/991fd662-e8c0-4dfd-9b1f-d7233429ca3a
2160,435,2015,T,71,85.92043478,-34.54695652,T71_2015_435,,http://opencontext.org/subjects/ea552ea2-e2aa-4db3-9372-2377958369c4
2161,435,2015,T,71,88.89304348,-34.58869565,T71_2015_435,,http://opencontext.org/subjects/ea552ea2-e2aa-4db3-9372-2377958369c4
2162,435,2015,T,71,88.93478261,-37.56652174,T71_2015_435,,http://opencontext.org/subjects/ea552ea2-e2aa-4db3-9372-2377958369c4
2163,435,2015,T,71,85.96217391,-37.52478261,T71_2015_435,,http://opencontext.org/subjects/ea552ea2-e2aa-4db3-9372-2377958369c4
2164,436,2015,T,79,102.8208696,-38.75391304,T79_2015_436,,http://opencontext.org/subjects/c8f7fff7-4681-4a40-a049-0f15e1a3602e
2165,436,2015,T,79,105.7934783,-38.79565217,T79_2015_436,,http://opencontext.org/subjects/c8f7fff7-4681-4a40-a049-0f15e1a3602e
2166,436,2015,T,79,105.8352174,-41.77347826,T79_2015_436,,http://opencontext.org/subjects/c8f7fff7-4681-4a40-a049-0f15e1a3602e
2167,436,2015,T,79,102.8626087,-41.73173913,T79_2015_436,,http://opencontext.org/subjects/c8f7fff7-4681-4a40-a049-0f15e1a3602e
2168,437,2015,T,70,87.94391304,-37.5526087,T70_2015_437,,http://opencontext.org/subjects/7d0c9b3e-1d2a-4c6a-978a-edfa6e40fd2b
2169,437,2015,T,70,90.91652174,-37.59434783,T70_2015_437,,http://opencontext.org/subjects/7d0c9b3e-1d2a-4c6a-978a-edfa6e40fd2b
2170,437,2015,T,70,90.95826087,-40.57217391,T70_2015_437,,http://opencontext.org/subjects/7d0c9b3e-1d2a-4c6a-978a-edfa6e40fd2b
2171,437,2015,T,70,87.98565217,-40.53043478,T70_2015_437,,http://opencontext.org/subjects/7d0c9b3e-1d2a-4c6a-978a-edfa6e40fd2b
2172,438,2015,T,70,90.91652174,-37.59434783,T70_2015_438,,
2173,438,2015,T,70,92.89826087,-37.62217391,T70_2015_438,,
2174,438,2015,T,70,92.9066087,-38.21773913,T70_2015_438,,
2175,438,2015,T,70,90.92486957,-38.18991304,T70_2015_438,,
2176,439,2015,T,58,90.92486957,-38.18991304,T58_2015_439,,http://opencontext.org/subjects/b8233443-f716-4cfe-9b52-fe46a81eb610
2177,439,2015,T,58,92.9066087,-38.21773913,T58_2015_439,,http://opencontext.org/subjects/b8233443-f716-4cfe-9b52-fe46a81eb610
2178,439,2015,T,58,92.89826087,-37.62217391,T58_2015_439,,http://opencontext.org/subjects/b8233443-f716-4cfe-9b52-fe46a81eb610
2179,439,2015,T,58,94.88,-37.65,T58_2015_439,,http://opencontext.org/subjects/b8233443-f716-4cfe-9b52-fe46a81eb610
2180,439,2015,T,58,94.91533913,-40.17122609,T58_2015_439,,http://opencontext.org/subjects/b8233443-f716-4cfe-9b52-fe46a81eb610
2181,439,2015,T,58,90.95186087,-40.11557391,T58_2015_439,,http://opencontext.org/subjects/b8233443-f716-4cfe-9b52-fe46a81eb610
2182,440,2015,T,58,90.95186087,-40.11557391,T58_2015_440,,
2183,440,2015,T,58,92.93262609,-40.07391739,T58_2015_440,,
2184,440,2015,T,58,92.94,-40.6,T58_2015_440,,
2185,440,2015,T,58,90.95826087,-40.57217391,T58_2015_440,,
2186,441,2015,T,71,85.92043478,-34.54695652,T71_2015_441,,
2187,441,2015,T,71,88.89304348,-34.58869565,T71_2015_441,,
2188,441,2015,T,71,88.93478261,-37.56652174,T71_2015_441,,
2189,441,2015,T,71,85.96217391,-37.52478261,T71_2015_441,,
2190,442,2015,T,78,105.7934783,-38.79565217,T78_2015_442,,
2191,442,2015,T,78,108.766087,-38.8373913,T78_2015_442,,
2192,442,2015,T,78,108.793913,-40.8226087,T78_2015_442,,
2193,442,2015,T,78,105.8213043,-40.78086957,T78_2015_442,,
2194,443,2015,T,74,96.88956522,-39.66304348,T74_2015_443,,
2195,443,2015,T,74,99.86217391,-39.70478261,T74_2015_443,,
2196,443,2015,T,74,99.87608696,-40.6973913,T74_2015_443,,
2197,443,2015,T,74,96.90347826,-40.65565217,T74_2015_443,,
2198,444,2015,T,74,96.90347826,-40.65565217,T74_2015_444,,
2199,444,2015,T,74,98.88521739,-40.68347826,T74_2015_444,,
2200,444,2015,T,74,98.92695652,-43.66130435,T74_2015_444,,
2201,444,2015,T,74,96.94521739,-43.63347826,T74_2015_444,,
2202,445,2015,T,66,109.8265217,-43.81434783,T66_2015_445,,
2203,445,2015,T,66,110.8173913,-43.82826087,T66_2015_445,,
2204,445,2015,T,66,110.8730435,-47.79869565,T66_2015_445,,
2205,445,2015,T,66,109.8821739,-47.78478261,T66_2015_445,,
2206,446,2015,T,76,103.8952174,-44.72347826,T76_2015_446,,http://opencontext.org/subjects/7a32b56f-a7e0-4f0b-87cb-2126ccdee127
2207,446,2015,T,76,105.8769565,-44.75130435,T76_2015_446,,http://opencontext.org/subjects/7a32b56f-a7e0-4f0b-87cb-2126ccdee127
2208,446,2015,T,76,105.9326087,-48.72173913,T76_2015_446,,http://opencontext.org/subjects/7a32b56f-a7e0-4f0b-87cb-2126ccdee127
2209,446,2015,T,76,103.9508696,-48.69391304,T76_2015_446,,http://opencontext.org/subjects/7a32b56f-a7e0-4f0b-87cb-2126ccdee127
2210,447,2015,T,72,85.8926087,-32.56173913,T72_2015_447,,http://opencontext.org/subjects/910004b2-e13c-4084-9f66-04960123d1fe
2211,447,2015,T,72,88.86521739,-32.60347826,T72_2015_447,,http://opencontext.org/subjects/910004b2-e13c-4084-9f66-04960123d1fe
2212,447,2015,T,72,88.89304348,-34.58869565,T72_2015_447,,http://opencontext.org/subjects/910004b2-e13c-4084-9f66-04960123d1fe
2213,447,2015,T,72,85.92043478,-34.54695652,T72_2015_447,,http://opencontext.org/subjects/910004b2-e13c-4084-9f66-04960123d1fe
2214,448,2015,T,77,99.83434783,-37.71956522,T77_2015_448,,http://opencontext.org/subjects/45760b29-e1ac-4a1e-9c11-71d071edea48
2215,448,2015,T,77,102.8069565,-37.76130435,T77_2015_448,,http://opencontext.org/subjects/45760b29-e1ac-4a1e-9c11-71d071edea48
2216,448,2015,T,77,102.8486957,-40.73913043,T77_2015_448,,http://opencontext.org/subjects/45760b29-e1ac-4a1e-9c11-71d071edea48
2217,448,2015,T,77,99.87608696,-40.6973913,T77_2015_448,,http://opencontext.org/subjects/45760b29-e1ac-4a1e-9c11-71d071edea48
2218,449,2015,T,77,99.87608696,-40.6973913,T77_2015_449,,
2219,449,2015,T,77,102.8486957,-40.73913043,T77_2015_449,,
2220,449,2015,T,77,102.8765217,-42.72434783,T77_2015_449,,
2221,449,2015,T,77,99.90391304,-42.6826087,T77_2015_449,,
2222,450,2015,T,81,108.793913,-40.8226087,T81_2015_450,,http://opencontext.org/subjects/672bd5a3-ea71-4555-aa78-a7ce17bf51f8
2223,450,2015,T,81,111.7665217,-40.86434783,T81_2015_450,,http://opencontext.org/subjects/672bd5a3-ea71-4555-aa78-a7ce17bf51f8
2224,450,2015,T,81,111.8082609,-43.84217391,T81_2015_450,,http://opencontext.org/subjects/672bd5a3-ea71-4555-aa78-a7ce17bf51f8
2225,450,2015,T,81,108.8356522,-43.80043478,T81_2015_450,,http://opencontext.org/subjects/672bd5a3-ea71-4555-aa78-a7ce17bf51f8
2226,451,2015,T,81,108.8356522,-43.80043478,T81_2015_451,,
2227,451,2015,T,81,109.7076174,-43.81267826,T81_2015_451,,
2228,451,2015,T,81,109.5422304,-44.02868696,T81_2015_451,,
2229,451,2015,T,81,108.8381565,-43.97910435,T81_2015_451,,
2230,452,2015,T,57,88.93478261,-37.56652174,T57_2015_452,,http://opencontext.org/subjects/c766cfd8-e1b4-4a66-b6b2-08b2030bdcb8
2231,452,2015,T,57,88.89304348,-34.58869565,T57_2015_452,,http://opencontext.org/subjects/c766cfd8-e1b4-4a66-b6b2-08b2030bdcb8
2232,452,2015,T,57,92.85652174,-34.64434783,T57_2015_452,,http://opencontext.org/subjects/c766cfd8-e1b4-4a66-b6b2-08b2030bdcb8
2233,452,2015,T,57,92.85234783,-34.34656522,T57_2015_452,,http://opencontext.org/subjects/c766cfd8-e1b4-4a66-b6b2-08b2030bdcb8
2234,452,2015,T,57,96.81304348,-34.20369565,T57_2015_452,,http://opencontext.org/subjects/c766cfd8-e1b4-4a66-b6b2-08b2030bdcb8
2235,452,2015,T,57,96.86173913,-37.67782609,T57_2015_452,,http://opencontext.org/subjects/c766cfd8-e1b4-4a66-b6b2-08b2030bdcb8
2236,452,2015,T,57,94.88,-37.65,T57_2015_452,,http://opencontext.org/subjects/c766cfd8-e1b4-4a66-b6b2-08b2030bdcb8
2237,452,2015,T,57,94.88695652,-38.14630435,T57_2015_452,,http://opencontext.org/subjects/c766cfd8-e1b4-4a66-b6b2-08b2030bdcb8
2238,452,2015,T,57,93.89608696,-38.1323913,T57_2015_452,,http://opencontext.org/subjects/c766cfd8-e1b4-4a66-b6b2-08b2030bdcb8
2239,452,2015,T,57,93.86826087,-36.14717391,T57_2015_452,,http://opencontext.org/subjects/c766cfd8-e1b4-4a66-b6b2-08b2030bdcb8
2240,452,2015,T,57,92.8773913,-36.13326087,T57_2015_452,,http://opencontext.org/subjects/c766cfd8-e1b4-4a66-b6b2-08b2030bdcb8
2241,452,2015,T,57,92.89826087,-37.62217391,T57_2015_452,,http://opencontext.org/subjects/c766cfd8-e1b4-4a66-b6b2-08b2030bdcb8
2242,453,2015,T,57,92.8773913,-36.13326087,T57_2015_453,,
2243,453,2015,T,57,93.86826087,-36.14717391,T57_2015_453,,
2244,453,2015,T,57,93.89608696,-38.1323913,T57_2015_453,,
2245,453,2015,T,57,92.90521739,-38.11847826,T57_2015_453,,
2246,454,2016,T,66,105.0,-43.0,T66_2016_454,,http://opencontext.org/subjects/70a10d8f-5bec-46ab-aa02-6453e66e167e
2247,454,2016,T,66,107.0,-43.0,T66_2016_454,,http://opencontext.org/subjects/70a10d8f-5bec-46ab-aa02-6453e66e167e
2248,454,2016,T,66,107.0,-43.5,T66_2016_454,,http://opencontext.org/subjects/70a10d8f-5bec-46ab-aa02-6453e66e167e
2249,454,2016,T,66,109.0,-43.5,T66_2016_454,,http://opencontext.org/subjects/70a10d8f-5bec-46ab-aa02-6453e66e167e
2250,454,2016,T,66,109.0,-46.0,T66_2016_454,,http://opencontext.org/subjects/70a10d8f-5bec-46ab-aa02-6453e66e167e
2251,454,2016,T,66,107.0,-46.0,T66_2016_454,,http://opencontext.org/subjects/70a10d8f-5bec-46ab-aa02-6453e66e167e
2252,454,2016,T,66,107.0,-45.0,T66_2016_454,,http://opencontext.org/subjects/70a10d8f-5bec-46ab-aa02-6453e66e167e
2253,454,2016,T,66,105.0,-45.0,T66_2016_454,,http://opencontext.org/subjects/70a10d8f-5bec-46ab-aa02-6453e66e167e
2254,455,2016,T,82,74.0,-38.0,T82_2016_455,,http://opencontext.org/subjects/2d29ce46-1637-4f2e-9841-264d6eb14f9e
2255,455,2016,T,82,79.0,-38.0,T82_2016_455,,http://opencontext.org/subjects/2d29ce46-1637-4f2e-9841-264d6eb14f9e
2256,455,2016,T,82,79.0,-42.0,T82_2016_455,,http://opencontext.org/subjects/2d29ce46-1637-4f2e-9841-264d6eb14f9e
2257,455,2016,T,82,74.0,-42.0,T82_2016_455,,http://opencontext.org/subjects/2d29ce46-1637-4f2e-9841-264d6eb14f9e
2258,456,2016,T,83,80.0,-43.0,T83_2016_456,,http://opencontext.org/subjects/511415d9-622c-4958-9445-44d509dacd04
2259,456,2016,T,83,84.0,-43.0,T83_2016_456,,http://opencontext.org/subjects/511415d9-622c-4958-9445-44d509dacd04
2260,456,2016,T,83,84.0,-47.0,T83_2016_456,,http://opencontext.org/subjects/511415d9-622c-4958-9445-44d509dacd04
2261,456,2016,T,83,85.0,-47.0,T83_2016_456,,http://opencontext.org/subjects/511415d9-622c-4958-9445-44d509dacd04
2262,456,2016,T,83,85.0,-50.0,T83_2016_456,,http://opencontext.org/subjects/511415d9-622c-4958-9445-44d509dacd04
2263,456,2016,T,83,83.0,-50.0,T83_2016_456,,http://opencontext.org/subjects/511415d9-622c-4958-9445-44d509dacd04
2264,456,2016,T,83,83.0,-49.0,T83_2016_456,,http://opencontext.org/subjects/511415d9-622c-4958-9445-44d509dacd04
2265,456,2016,T,83,80.0,-49.0,T83_2016_456,,http://opencontext.org/subjects/511415d9-622c-4958-9445-44d509dacd04
2266,457,2016,T,84,33.0,-35.0,T84_2016_457,,http://opencontext.org/subjects/6ec338a9-36a4-4643-9d16-e01fc33c585f
2267,457,2016,T,84,35.0,-35.0,T84_2016_457,,http://opencontext.org/subjects/6ec338a9-36a4-4643-9d16-e01fc33c585f
2268,457,2016,T,84,35.0,-37.0,T84_2016_457,,http://opencontext.org/subjects/6ec338a9-36a4-4643-9d16-e01fc33c585f
2269,457,2016,T,84,33.0,-37.0,T84_2016_457,,http://opencontext.org/subjects/6ec338a9-36a4-4643-9d16-e01fc33c585f
2270,458,2016,T,85,91.0,-16.0,T85_2016_458,,http://opencontext.org/subjects/f2661425-9eb5-45a2-ae01-d7bc63683db6
2271,458,2016,T,85,93.0,-16.0,T85_2016_458,,http://opencontext.org/subjects/f2661425-9eb5-45a2-ae01-d7bc63683db6
2272,458,2016,T,85,93.0,-19.0,T85_2016_458,,http://opencontext.org/subjects/f2661425-9eb5-45a2-ae01-d7bc63683db6
2273,458,2016,T,85,91.0,-19.0,T85_2016_458,,http://opencontext.org/subjects/f2661425-9eb5-45a2-ae01-d7bc63683db6
2274,459,2016,T,86,91.0,-37.0,T86_2016_459,,http://opencontext.org/subjects/1341c275-af80-4e8c-a9f4-1682efe5f022
2275,459,2016,T,86,95.0,-37.0,T86_2016_459,,http://opencontext.org/subjects/1341c275-af80-4e8c-a9f4-1682efe5f022
2276,459,2016,T,86,95.0,-41.0,T86_2016_459,,http://opencontext.org/subjects/1341c275-af80-4e8c-a9f4-1682efe5f022
2277,459,2016,T,86,91.0,-41.0,T86_2016_459,,http://opencontext.org/subjects/1341c275-af80-4e8c-a9f4-1682efe5f022
2278,460,2016,T,87,70.0,-45.0,T87_2016_460,,http://opencontext.org/subjects/f7b150a8-7650-4d2b-a9b3-91168537a75d
2279,460,2016,T,87,73.0,-45.0,T87_2016_460,,http://opencontext.org/subjects/f7b150a8-7650-4d2b-a9b3-91168537a75d
2280,460,2016,T,87,73.0,-47.0,T87_2016_460,,http://opencontext.org/subjects/f7b150a8-7650-4d2b-a9b3-91168537a75d
2281,460,2016,T,87,75.0,-47.0,T87_2016_460,,http://opencontext.org/subjects/f7b150a8-7650-4d2b-a9b3-91168537a75d
2282,460,2016,T,87,75.0,-49.0,T87_2016_460,,http://opencontext.org/subjects/f7b150a8-7650-4d2b-a9b3-91168537a75d
2283,460,2016,T,87,70.0,-49.0,T87_2016_460,,http://opencontext.org/subjects/f7b150a8-7650-4d2b-a9b3-91168537a75d
2284,461,2016,T,88,102.0,-40.0,T88_2016_461,,http://opencontext.org/subjects/1b6f73ed-6173-4f3f-938e-a5e5b3402fd4
2285,461,2016,T,88,107.0,-40.0,T88_2016_461,,http://opencontext.org/subjects/1b6f73ed-6173-4f3f-938e-a5e5b3402fd4
2286,461,2016,T,88,107.0,-43.0,T88_2016_461,,http://opencontext.org/subjects/1b6f73ed-6173-4f3f-938e-a5e5b3402fd4
2287,461,2016,T,88,102.0,-43.0,T88_2016_461,,http://opencontext.org/subjects/1b6f73ed-6173-4f3f-938e-a5e5b3402fd4
2288,462,2016,CB,61,54.0,-72.0,CB61_2016_462,,http://opencontext.org/subjects/ed8d8636-fd23-408a-86dc-b72ac2da068a
2289,462,2016,CB,61,57.0,-72.0,CB61_2016_462,,http://opencontext.org/subjects/ed8d8636-fd23-408a-86dc-b72ac2da068a
2290,462,2016,CB,61,57.0,-74.0,CB61_2016_462,,http://opencontext.org/subjects/ed8d8636-fd23-408a-86dc-b72ac2da068a
2291,462,2016,CB,61,54.0,-74.0,CB61_2016_462,,http://opencontext.org/subjects/ed8d8636-fd23-408a-86dc-b72ac2da068a
2292,463,2016,CB,62,54.0,-69.0,CB62_2016_463,,http://opencontext.org/subjects/4b503ad5-d1fd-486b-89d0-2b5c0d37e5ff
2293,463,2016,CB,62,57.0,-69.0,CB62_2016_463,,http://opencontext.org/subjects/4b503ad5-d1fd-486b-89d0-2b5c0d37e5ff
2294,463,2016,CB,62,57.0,-71.0,CB62_2016_463,,http://opencontext.org/subjects/4b503ad5-d1fd-486b-89d0-2b5c0d37e5ff
2295,463,2016,CB,62,54.0,-71.0,CB62_2016_463,,http://opencontext.org/subjects/4b503ad5-d1fd-486b-89d0-2b5c0d37e5ff
2296,464,2016,TSF,4,136.0,-30.0,TSF4_2016_464,,
2297,464,2016,TSF,4,140.0,-30.0,TSF4_2016_464,,
2298,464,2016,TSF,4,140.0,-37.0,TSF4_2016_464,,
2299,464,2016,TSF,4,136.0,-37.0,TSF4_2016_464,,
2300,465,2017,CA,85,43.0,-29.0,CA85_2017_465,,http://opencontext.org/subjects/8605e112-6af4-4b29-a50e-4ce4bb45801b
2301,465,2017,CA,85,47.0,-29.0,CA85_2017_465,,http://opencontext.org/subjects/8605e112-6af4-4b29-a50e-4ce4bb45801b
2302,465,2017,CA,85,47.0,-33.0,CA85_2017_465,,http://opencontext.org/subjects/8605e112-6af4-4b29-a50e-4ce4bb45801b
2303,465,2017,CA,85,43.0,-33.0,CA85_2017_465,,http://opencontext.org/subjects/8605e112-6af4-4b29-a50e-4ce4bb45801b
2304,466,2017,CA,86,47.0,-27.0,CA86_2017_466,,http://opencontext.org/subjects/2d73d4bc-bc05-4242-9896-b8cf3ca96346
2305,466,2017,CA,86,51.0,-27.0,CA86_2017_466,,http://opencontext.org/subjects/2d73d4bc-bc05-4242-9896-b8cf3ca96346
2306,466,2017,CA,86,51.0,-29.0,CA86_2017_466,,http://opencontext.org/subjects/2d73d4bc-bc05-4242-9896-b8cf3ca96346
2307,466,2017,CA,86,47.0,-29.0,CA86_2017_466,,http://opencontext.org/subjects/2d73d4bc-bc05-4242-9896-b8cf3ca96346
2308,467,2017,CA,87,28.0,-25.0,CA87_2017_467,,http://opencontext.org/subjects/3f7dc67b-9640-4e09-8c63-42640b4b23c2
2309,467,2017,CA,87,30.0,-25.0,CA87_2017_467,,http://opencontext.org/subjects/3f7dc67b-9640-4e09-8c63-42640b4b23c2
2310,467,2017,CA,87,30.0,-27.0,CA87_2017_467,,http://opencontext.org/subjects/3f7dc67b-9640-4e09-8c63-42640b4b23c2
2311,467,2017,CA,87,32.0,-27.0,CA87_2017_467,,http://opencontext.org/subjects/3f7dc67b-9640-4e09-8c63-42640b4b23c2
2312,467,2017,CA,87,32.0,-30.0,CA87_2017_467,,http://opencontext.org/subjects/3f7dc67b-9640-4e09-8c63-42640b4b23c2
2313,467,2017,CA,87,28.0,-30.0,CA87_2017_467,,http://opencontext.org/subjects/3f7dc67b-9640-4e09-8c63-42640b4b23c2
2314,468,2017,CA,88,81.0,14.0,CA88_2017_468,,http://opencontext.org/subjects/e6b4620a-c575-411a-b136-b4110755ac6d
2315,468,2017,CA,88,87.0,14.0,CA88_2017_468,,http://opencontext.org/subjects/e6b4620a-c575-411a-b136-b4110755ac6d
2316,468,2017,CA,88,87.0,10.0,CA88_2017_468,,http://opencontext.org/subjects/e6b4620a-c575-411a-b136-b4110755ac6d
2317,468,2017,CA,88,81.0,10.0,CA88_2017_468,,http://opencontext.org/subjects/e6b4620a-c575-411a-b136-b4110755ac6d
2318,469,2017,CA,89,25.0,-23.0,CA89_2017_469,,http://opencontext.org/subjects/3689eb5d-e9a2-49e4-9be5-c9676080ec2b
2319,469,2017,CA,89,28.0,-23.0,CA89_2017_469,,http://opencontext.org/subjects/3689eb5d-e9a2-49e4-9be5-c9676080ec2b
2320,469,2017,CA,89,28.0,-27.0,CA89_2017_469,,http://opencontext.org/subjects/3689eb5d-e9a2-49e4-9be5-c9676080ec2b
2321,469,2017,CA,89,25.0,-27.0,CA89_2017_469,,http://opencontext.org/subjects/3689eb5d-e9a2-49e4-9be5-c9676080ec2b
2322,470,2017,CB,63,-80.0,0.0,CB63_2017_470,,http://opencontext.org/subjects/221f94cc-1031-400e-a583-2e9b2bb18104
2323,470,2017,CB,63,-75.0,0.0,CB63_2017_470,,http://opencontext.org/subjects/221f94cc-1031-400e-a583-2e9b2bb18104
2324,470,2017,CB,63,-75.0,-5.0,CB63_2017_470,,http://opencontext.org/subjects/221f94cc-1031-400e-a583-2e9b2bb18104
2325,470,2017,CB,63,-80.0,-5.0,CB63_2017_470,,http://opencontext.org/subjects/221f94cc-1031-400e-a583-2e9b2bb18104
2326,471,2017,T,89,102.0,-60.0,T89_2017_471,,http://opencontext.org/subjects/85b795fd-d5ef-406e-bce7-0a695b656fd6
2327,471,2017,T,89,107.0,-60.0,T89_2017_471,,http://opencontext.org/subjects/85b795fd-d5ef-406e-bce7-0a695b656fd6
2328,471,2017,T,89,107.0,-62.0,T89_2017_471,,http://opencontext.org/subjects/85b795fd-d5ef-406e-bce7-0a695b656fd6
2329,471,2017,T,89,102.0,-62.0,T89_2017_471,,http://opencontext.org/subjects/85b795fd-d5ef-406e-bce7-0a695b656fd6
2330,472,2017,T,90,103.0,-41.0,T90_2017_472,,http://opencontext.org/subjects/6f59d5c0-fa4f-4adc-a98b-6dca8ccb8d8e
2331,472,2017,T,90,110.0,-41.0,T90_2017_472,,http://opencontext.org/subjects/6f59d5c0-fa4f-4adc-a98b-6dca8ccb8d8e
2332,472,2017,T,90,110.0,-47.0,T90_2017_472,,http://opencontext.org/subjects/6f59d5c0-fa4f-4adc-a98b-6dca8ccb8d8e
2333,472,2017,T,90,103.0,-47.0,T90_2017_472,,http://opencontext.org/subjects/6f59d5c0-fa4f-4adc-a98b-6dca8ccb8d8e
2334,473,2018,T,90,103.0,-41.0,T90_2018_473,,http://opencontext.org/subjects/274f4504-7f3e-491a-a1c7-48408a3a0965
2335,473,2018,T,90,110.0,-41.0,T90_2018_473,,http://opencontext.org/subjects/274f4504-7f3e-491a-a1c7-48408a3a0965
2336,473,2018,T,90,110.0,-47.0,T90_2018_473,,http://opencontext.org/subjects/274f4504-7f3e-491a-a1c7-48408a3a0965
2337,473,2018,T,90,103.0,-47.0,T90_2018_473,,http://opencontext.org/subjects/274f4504-7f3e-491a-a1c7-48408a3a0965
2338,474,2018,T,91,171.0,-46.0,T91_2018_474,,http://opencontext.org/subjects/432c8c53-db7f-4564-a116-0851b9456acc
2339,474,2018,T,91,174.0,-46.0,T91_2018_474,,http://opencontext.org/subjects/432c8c53-db7f-4564-a116-0851b9456acc
2340,474,2018,T,91,174.0,-49.0,T91_2018_474,,http://opencontext.org/subjects/432c8c53-db7f-4564-a116-0851b9456acc
2341,474,2018,T,91,170.0,-49.0,T91_2018_474,,http://opencontext.org/subjects/432c8c53-db7f-4564-a116-0851b9456acc
2342,475,2018,T,92,168.0,-46.0,T92_2018_475,,http://opencontext.org/subjects/31085519-3ac4-4b71-8f76-335a904d807b
2343,475,2018,T,92,171.0,-46.0,T92_2018_475,,http://opencontext.org/subjects/31085519-3ac4-4b71-8f76-335a904d807b
2344,475,2018,T,92,171.0,-49.0,T92_2018_475,,http://opencontext.org/subjects/31085519-3ac4-4b71-8f76-335a904d807b
2345,475,2018,T,92,168.0,-49.0,T92_2018_475,,http://opencontext.org/subjects/31085519-3ac4-4b71-8f76-335a904d807b
2346,476,2018,T,93,170.0,-49.0,T93_2018_476,,http://opencontext.org/subjects/d1d16a34-8941-40e5-a76e-b211a6eda05b
2347,476,2018,T,93,174.0,-49.0,T93_2018_476,,http://opencontext.org/subjects/d1d16a34-8941-40e5-a76e-b211a6eda05b
2348,476,2018,T,93,174.0,-52.0,T93_2018_476,,http://opencontext.org/subjects/d1d16a34-8941-40e5-a76e-b211a6eda05b
2349,476,2018,T,93,170.0,-52.0,T93_2018_476,,http://opencontext.org/subjects/d1d16a34-8941-40e5-a76e-b211a6eda05b
2350,477,2019,T,96,142.0,-92.0,T96_2019_477,,http://opencontext.org/subjects/b62df9fc-c722-46c2-9122-0f2cdb9ab26b
2351,477,2019,T,96,142.0,-96.0,T96_2019_477,,http://opencontext.org/subjects/b62df9fc-c722-46c2-9122-0f2cdb9ab26b
2352,477,2019,T,96,138.0,-96.0,T96_2019_477,,http://opencontext.org/subjects/b62df9fc-c722-46c2-9122-0f2cdb9ab26b
2353,477,2019,T,96,138.0,-92.0,T96_2019_477,,http://opencontext.org/subjects/b62df9fc-c722-46c2-9122-0f2cdb9ab26b
2354,478,2019,T,26,175.81,-64.5,T26_2019_478,,http://opencontext.org/subjects/70ff4288-064d-4076-9b0c-ff50f55e14cc
2355,478,2019,T,26,175.81,-66.5,T26_2019_478,,http://opencontext.org/subjects/70ff4288-064d-4076-9b0c-ff50f55e14cc
2356,478,2019,T,26,177.81,-66.5,T26_2019_478,,http://opencontext.org/subjects/70ff4288-064d-4076-9b0c-ff50f55e14cc
2357,478,2019,T,26,177.81,-67.92,T26_2019_478,,http://opencontext.org/subjects/70ff4288-064d-4076-9b0c-ff50f55e14cc
2358,478,2019,T,26,175.81,-67.92,T26_2019_478,,http://opencontext.org/subjects/70ff4288-064d-4076-9b0c-ff50f55e14cc
2359,478,2019,T,26,175.81,-69.5,T26_2019_478,,http://opencontext.org/subjects/70ff4288-064d-4076-9b0c-ff50f55e14cc
2360,478,2019,T,26,173.31,-69.5,T26_2019_478,,http://opencontext.org/subjects/70ff4288-064d-4076-9b0c-ff50f55e14cc
2361,478,2019,T,26,173.31,-66.5,T26_2019_478,,http://opencontext.org/subjects/70ff4288-064d-4076-9b0c-ff50f55e14cc
2362,478,2019,T,26,174.31,-66.5,T26_2019_478,,http://opencontext.org/subjects/70ff4288-064d-4076-9b0c-ff50f55e14cc
2363,478,2019,T,26,174.31,-64.5,T26_2019_478,,http://opencontext.org/subjects/70ff4288-064d-4076-9b0c-ff50f55e14cc
2364,479,2019,T,98,148.0,-89.0,T98_2019_479,,http://opencontext.org/subjects/19b400ef-0de9-473f-b3cd-6662c5d61b96
2365,479,2019,T,98,148.0,-94.0,T98_2019_479,,http://opencontext.org/subjects/19b400ef-0de9-473f-b3cd-6662c5d61b96
2366,479,2019,T,98,146.0,-94.0,T98_2019_479,,http://opencontext.org/subjects/19b400ef-0de9-473f-b3cd-6662c5d61b96
2367,479,2019,T,98,146.0,-89.0,T98_2019_479,,http://opencontext.org/subjects/19b400ef-0de9-473f-b3cd-6662c5d61b96
2368,480,2019,T,22,173.0,-52.0,T22_2019_480,,http://opencontext.org/subjects/8e60acef-fa59-4fda-92de-988ccd06e44f
2369,480,2019,T,22,173.0,-60.0,T22_2019_480,,http://opencontext.org/subjects/8e60acef-fa59-4fda-92de-988ccd06e44f
2370,480,2019,T,22,170.0,-60.0,T22_2019_480,,http://opencontext.org/subjects/8e60acef-fa59-4fda-92de-988ccd06e44f
2371,480,2019,T,22,170.0,-52.0,T22_2019_480,,http://opencontext.org/subjects/8e60acef-fa59-4fda-92de-988ccd06e44f
2372,481,2019,T,97,142.0,-94.0,T97_2019_481,,http://opencontext.org/subjects/4569c45b-4a65-4a56-907a-ef8e6177c06b
2373,481,2019,T,97,146.0,-94.0,T97_2019_481,,http://opencontext.org/subjects/4569c45b-4a65-4a56-907a-ef8e6177c06b
2374,481,2019,T,97,146.0,-98.0,T97_2019_481,,http://opencontext.org/subjects/4569c45b-4a65-4a56-907a-ef8e6177c06b
2375,481,2019,T,97,142.0,-98.0,T97_2019_481,,http://opencontext.org/subjects/4569c45b-4a65-4a56-907a-ef8e6177c06b
2376,482,2019,T,99,100.0,-71.0,T99_2019_482,,http://opencontext.org/subjects/eb495774-823b-4d26-9715-14cacc43049a
2377,482,2019,T,99,103.0,-71.0,T99_2019_482,,http://opencontext.org/subjects/eb495774-823b-4d26-9715-14cacc43049a
2378,482,2019,T,99,103.0,-75.0,T99_2019_482,,http://opencontext.org/subjects/eb495774-823b-4d26-9715-14cacc43049a
2379,482,2019,T,99,102.0,-75.0,T99_2019_482,,http://opencontext.org/subjects/eb495774-823b-4d26-9715-14cacc43049a
2380,482,2019,T,99,102.0,-74.0,T99_2019_482,,http://opencontext.org/subjects/eb495774-823b-4d26-9715-14cacc43049a
2381,482,2019,T,99,100.0,-74.0,T99_2019_482,,http://opencontext.org/subjects/eb495774-823b-4d26-9715-14cacc43049a
2382,483,2019,T,94,106.0,-69.0,T94_2019_483,,http://opencontext.org/subjects/3179525d-9457-493c-8671-f6aae250413f
2383,483,2019,T,94,106.0,-77.0,T94_2019_483,,http://opencontext.org/subjects/3179525d-9457-493c-8671-f6aae250413f
2384,483,2019,T,94,103.0,-77.0,T94_2019_483,,http://opencontext.org/subjects/3179525d-9457-493c-8671-f6aae250413f
2385,483,2019,T,94,103.0,-69.0,T94_2019_483,,http://opencontext.org/subjects/3179525d-9457-493c-8671-f6aae250413f
2386,484,2019,T,95,110.0,-69.0,T95_2019_484,,http://opencontext.org/subjects/c85a5188-19e6-4b7a-a5f2-e3ba33f24b90
2387,484,2019,T,95,110.0,-78.0,T95_2019_484,,http://opencontext.org/subjects/c85a5188-19e6-4b7a-a5f2-e3ba33f24b90
2388,484,2019,T,95,106.0,-78.0,T95_2019_484,,http://opencontext.org/subjects/c85a5188-19e6-4b7a-a5f2-e3ba33f24b90
2389,484,2019,T,95,106.0,-69.0,T95_2019_484,,http://opencontext.org/subjects/c85a5188-19e6-4b7a-a5f2-e3ba33f24b90
2390,485,2019,T,90,103.0,-38.0,T90_2019_485,,http://opencontext.org/subjects/1b0a41ec-5832-4558-b492-993571cadc37
2391,485,2019,T,90,110.0,-38.0,T90_2019_485,,http://opencontext.org/subjects/1b0a41ec-5832-4558-b492-993571cadc37
2392,485,2019,T,90,110.0,-48.0,T90_2019_485,,http://opencontext.org/subjects/1b0a41ec-5832-4558-b492-993571cadc37
2393,485,2019,T,90,103.0,-48.0,T90_2019_485,,http://opencontext.org/subjects/1b0a41ec-5832-4558-b492-993571cadc37
2394,486,2022,T,100,173.0,-56.0,T100_2022_486,,http://opencontext.org/subjects/47b9743b-1ed5-4810-a2f8-1575ba1eb06b
2395,486,2022,T,100,174.0,-56.0,T100_2022_486,,http://opencontext.org/subjects/47b9743b-1ed5-4810-a2f8-1575ba1eb06b
2396,486,2022,T,100,174.0,-58.0,T100_2022_486,,http://opencontext.org/subjects/47b9743b-1ed5-4810-a2f8-1575ba1eb06b
2397,486,2022,T,100,176.0,-58.0,T100_2022_486,,http://opencontext.org/subjects/47b9743b-1ed5-4810-a2f8-1575ba1eb06b
2398,486,2022,T,100,176.0,-64.0,T100_2022_486,,http://opencontext.org/subjects/47b9743b-1ed5-4810-a2f8-1575ba1eb06b
2399,486,2022,T,100,174.0,-64.0,T100_2022_486,,http://opencontext.org/subjects/47b9743b-1ed5-4810-a2f8-1575ba1eb06b
2400,486,2022,T,100,174.0,-60.0,T100_2022_486,,http://opencontext.org/subjects/47b9743b-1ed5-4810-a2f8-1575ba1eb06b
2401,486,2022,T,100,173.0,-60.0,T100_2022_486,,http://opencontext.org/subjects/47b9743b-1ed5-4810-a2f8-1575ba1eb06b
2402,487,2022,CA,91,23.0,-5.0,CA91_2022_487,,http://opencontext.org/subjects/7e0a1f0b-052d-41e7-a8fb-cc8698da4c7e
2403,487,2022,CA,91,28.0,-5.0,CA91_2022_487,,http://opencontext.org/subjects/7e0a1f0b-052d-41e7-a8fb-cc8698da4c7e
2404,487,2022,CA,91,28.0,-9.0,CA91_2022_487,,http://opencontext.org/subjects/7e0a1f0b-052d-41e7-a8fb-cc8698da4c7e
2405,487,2022,CA,91,23.0,-9.0,CA91_2022_487,,http://opencontext.org/subjects/7e0a1f0b-052d-41e7-a8fb-cc8698da4c7e
2406,488,2022,CA,92,17.0,7.0,CA92_2022_488,,http://opencontext.org/subjects/b0e2dec0-f4cd-4967-8bbd-90b9c667ce33
2407,488,2022,CA,92,22.0,7.0,CA92_2022_488,,http://opencontext.org/subjects/b0e2dec0-f4cd-4967-8bbd-90b9c667ce33
2408,488,2022,CA,92,22.0,4.0,CA92_2022_488,,http://opencontext.org/subjects/b0e2dec0-f4cd-4967-8bbd-90b9c667ce33
2409,488,2022,CA,92,17.0,4.0,CA92_2022_488,,http://opencontext.org/subjects/b0e2dec0-f4cd-4967-8bbd-90b9c667ce33
2410,489,2022,CA,90,23.0,-1.0,CA90_2022_489,,http://opencontext.org/subjects/185f00fb-99ed-42cc-a554-b2250dac1951
2411,489,2022,CA,90,25.0,-1.0,CA90_2022_489,,http://opencontext.org/subjects/185f00fb-99ed-42cc-a554-b2250dac1951
2412,489,2022,CA,90,25.0,-5.0,CA90_2022_489,,http://opencontext.org/subjects/185f00fb-99ed-42cc-a554-b2250dac1951
2413,489,2022,CA,90,20.0,-5.0,CA90_2022_489,,http://opencontext.org/subjects/185f00fb-99ed-42cc-a554-b2250dac1951
2414,489,2022,CA,90,20.0,-2.0,CA90_2022_489,,http://opencontext.org/subjects/185f00fb-99ed-42cc-a554-b2250dac1951
2415,489,2022,CA,90,23.0,-2.0,CA90_2022_489,,http://opencontext.org/subjects/185f00fb-99ed-42cc-a554-b2250dac1951
2416,490,2022,T,101,168.0,-40.0,T101_2022_490,,http://opencontext.org/subjects/05a29ae3-b3e9-4101-aeb5-85db9ceb5b8c
2417,490,2022,T,101,172.0,-40.0,T101_2022_490,,http://opencontext.org/subjects/05a29ae3-b3e9-4101-aeb5-85db9ceb5b8c
2418,490,2022,T,101,172.0,-42.0,T101_2022_490,,http://opencontext.org/subjects/05a29ae3-b3e9-4101-aeb5-85db9ceb5b8c
2419,490,2022,T,101,168.0,-42.0,T101_2022_490,,http://opencontext.org/subjects/05a29ae3-b3e9-4101-aeb5-85db9ceb5b8c
2420,491,2022,T,90,103.0,-38.0,T90_2022_491,,http://opencontext.org/subjects/2d80b5ca-e4b7-49df-80a7-418e8630d272
2421,491,2022,T,90,110.0,-38.0,T90_2022_491,,http://opencontext.org/subjects/2d80b5ca-e4b7-49df-80a7-418e8630d272
2422,491,2022,T,90,110.0,-48.0,T90_2022_491,,http://opencontext.org/subjects/2d80b5ca-e4b7-49df-80a7-418e8630d272
2423,491,2022,T,90,103.0,-48.0,T90_2022_491,,http://opencontext.org/subjects/2d80b5ca-e4b7-49df-80a7-418e8630d272
2424,492,2022,T,102,190.0,-53.0,T102_2022_492,,http://opencontext.org/subjects/de9450e8-3aaf-4aec-a2f6-9b0758e8f0d5
2425,492,2022,T,102,191.0,-53.0,T102_2022_492,,http://opencontext.org/subjects/de9450e8-3aaf-4aec-a2f6-9b0758e8f0d5
2426,492,2022,T,102,191.0,-56.0,T102_2022_492,,http://opencontext.org/subjects/de9450e8-3aaf-4aec-a2f6-9b0758e8f0d5
2427,492,2022,T,102,190.0,-56.0,T102_2022_492,,http://opencontext.org/subjects/de9450e8-3aaf-4aec-a2f6-9b0758e8f0d5
2428,493,2022,T,26,174.0,-64.0,T26_2022_493,,http://opencontext.org/subjects/a04fd5e6-cbbc-4b24-a3b5-389542862ae8
2429,493,2022,T,26,174.0,-71.0,T26_2022_493,,http://opencontext.org/subjects/a04fd5e6-cbbc-4b24-a3b5-389542862ae8
2430,493,2022,T,26,177.0,-71.0,T26_2022_493,,http://opencontext.org/subjects/a04fd5e6-cbbc-4b24-a3b5-389542862ae8
2431,493,2022,T,26,177.0,-68.0,T26_2022_493,,http://opencontext.org/subjects/a04fd5e6-cbbc-4b24-a3b5-389542862ae8
2432,493,2022,T,26,179.0,-68.0,T26_2022_493,,http://opencontext.org/subjects/a04fd5e6-cbbc-4b24-a3b5-389542862ae8
2433,493,2022,T,26,179.0,-66.0,T26_2022_493,,http://opencontext.org/subjects/a04fd5e6-cbbc-4b24-a3b5-389542862ae8
2434,493,2022,T,26,177.0,-66.0,T26_2022_493,,http://opencontext.org/subjects/a04fd5e6-cbbc-4b24-a3b5-389542862ae8
2435,493,2022,T,26,177.0,-64.0,T26_2022_493,,http://opencontext.org/subjects/a04fd5e6-cbbc-4b24-a3b5-389542862ae8
2436,494,2023,T,103,177.0,-64.0,T103_2023_494,,http://opencontext.org/subjects/d514bacf-3fc3-4a90-97d0-b125b9470038
2437,494,2023,T,103,182.0,-64.0,T103_2023_494,,http://opencontext.org/subjects/d514bacf-3fc3-4a90-97d0-b125b9470038
2438,494,2023,T,103,182.0,-67.0,T103_2023_494,,http://opencontext.org/subjects/d514bacf-3fc3-4a90-97d0-b125b9470038
2439,494,2023,T,103,179.0,-67.0,T103_2023_494,,http://opencontext.org/subjects/d514bacf-3fc3-4a90-97d0-b125b9470038
2440,494,2023,T,103,179.0,-66.0,T103_2023_494,,http://opencontext.org/subjects/d514bacf-3fc3-4a90-97d0-b125b9470038
2441,494,2023,T,103,177.0,-66.0,T103_2023_494,,http://opencontext.org/subjects/d514bacf-3fc3-4a90-97d0-b125b9470038
2442,495,2023,CA,94,20.0,17.0,CA94_2023_495,,http://opencontext.org/subjects/85cec729-67d2-41fd-b423-0466f07eed50
2443,495,2023,CA,94,22.0,17.0,CA94_2023_495,,http://opencontext.org/subjects/85cec729-67d2-41fd-b423-0466f07eed50
2444,495,2023,CA,94,22.0,16.0,CA94_2023_495,,http://opencontext.org/subjects/85cec729-67d2-41fd-b423-0466f07eed50
2445,495,2023,CA,94,24.0,16.0,CA94_2023_495,,http://opencontext.org/subjects/85cec729-67d2-41fd-b423-0466f07eed50
2446,495,2023,CA,94,24.0,13.0,CA94_2023_495,,http://opencontext.org/subjects/85cec729-67d2-41fd-b423-0466f07eed50
2447,495,2023,CA,94,22.0,13.0,CA94_2023_495,,http://opencontext.org/subjects/85cec729-67d2-41fd-b423-0466f07eed50
2448,495,2023,CA,94,22.0,12.0,CA94_2023_495,,http://opencontext.org/subjects/85cec729-67d2-41fd-b423-0466f07eed50
2449,495,2023,CA,94,20.0,12.0,CA94_2023_495,,http://opencontext.org/subjects/85cec729-67d2-41fd-b423-0466f07eed50
2450,496,2023,CA,93,27.0,12.0,CA93_2023_496,,http://opencontext.org/subjects/7bbc18af-af3a-47dc-9504-84178123f1fb
2451,496,2023,CA,93,30.0,12.0,CA93_2023_496,,http://opencontext.org/subjects/7bbc18af-af3a-47dc-9504-84178123f1fb
2452,496,2023,CA,93,30.0,9.0,CA93_2023_496,,http://opencontext.org/subjects/7bbc18af-af3a-47dc-9504-84178123f1fb
2453,496,2023,CA,93,27.0,9.0,CA93_2023_496,,http://opencontext.org/subjects/7bbc18af-af3a-47dc-9504-84178123f1fb
2454,497,2023,T,104,191.0,-53.0,T104_2023_497,,http://opencontext.org/subjects/d467e9c5-5b03-4906-9640-f35423631bd0
2455,497,2023,T,104,194.0,-53.0,T104_2023_497,,http://opencontext.org/subjects/d467e9c5-5b03-4906-9640-f35423631bd0
2456,497,2023,T,104,194.0,-56.0,T104_2023_497,,http://opencontext.org/subjects/d467e9c5-5b03-4906-9640-f35423631bd0
2457,497,2023,T,104,191.0,-56.0,T104_2023_497,,http://opencontext.org/subjects/d467e9c5-5b03-4906-9640-f35423631bd0
2458,498,2023,CA,95,44.0,-16.0,CA95_2023_498,,http://opencontext.org/subjects/5daad77b-929e-44ce-9bdf-e7a67220671d
2459,498,2023,CA,95,47.0,-16.0,CA95_2023_498,,http://opencontext.org/subjects/5daad77b-929e-44ce-9bdf-e7a67220671d
2460,498,2023,CA,95,47.0,-20.0,CA95_2023_498,,http://opencontext.org/subjects/5daad77b-929e-44ce-9bdf-e7a67220671d
2461,498,2023,CA,95,44.0,-20.0,CA95_2023_498,,http://opencontext.org/subjects/5daad77b-929e-44ce-9bdf-e7a67220671d
2462,499,2023,T,102,190.0,-53.0,T102_2023_499,,http://opencontext.org/subjects/6887d67f-0d17-46fe-808b-824bd7d2dca0
2463,499,2023,T,102,191.0,-53.0,T102_2023_499,,http://opencontext.org/subjects/6887d67f-0d17-46fe-808b-824bd7d2dca0
2464,499,2023,T,102,191.0,-56.0,T102_2023_499,,http://opencontext.org/subjects/6887d67f-0d17-46fe-808b-824bd7d2dca0
2465,499,2023,T,102,190.0,-56.0,T102_2023_499,,http://opencontext.org/subjects/6887d67f-0d17-46fe-808b-824bd7d2dca0
2466,500,2023,T,101,169.0,-41.12,T101_2023_500,,http://opencontext.org/subjects/251faa99-47e4-41ce-a184-cbe6861a44d6
2467,500,2023,T,101,171.0,-41.9,T101_2023_500,,http://opencontext.org/subjects/251faa99-47e4-41ce-a184-cbe6861a44d6
2468,500,2023,T,101,171.0,-44.0,T101_2023_500,,http://opencontext.org/subjects/251faa99-47e4-41ce-a184-cbe6861a44d6
2469,500,2023,T,101,169.0,-44.0,T101_2023_500,,http://opencontext.org/subjects/251faa99-47e4-41ce-a184-cbe6861a44d6
2470,501,2023,T,90,103.0,-38.0,T90_2023_501,,http://opencontext.org/subjects/96295113-d994-443b-9ce8-0b33513418a9
2471,501,2023,T,90,110.0,-38.0,T90_2023_501,,http://opencontext.org/subjects/96295113-d994-443b-9ce8-0b33513418a9
2472,501,2023,T,90,110.0,-48.0,T90_2023_501,,http://opencontext.org/subjects/96295113-d994-443b-9ce8-0b33513418a9
2473,501,2023,T,90,103.0,-48.0,T90_2023_501,,http://opencontext.org/subjects/96295113-d994-443b-9ce8-0b33513418a9
2474,502,2023,T,26,174.0,-64.0,T26_2023_502,,http://opencontext.org/subjects/45739fea-1fd1-4f2e-863a-a77ceb74f87b
2475,502,2023,T,26,177.0,-64.0,T26_2023_502,,http://opencontext.org/subjects/45739fea-1fd1-4f2e-863a-a77ceb74f87b
2476,502,2023,T,26,177.0,-66.0,T26_2023_502,,http://opencontext.org/subjects/45739fea-1fd1-4f2e-863a-a77ceb74f87b
2477,502,2023,T,26,179.0,-66.0,T26_2023_502,,http://opencontext.org/subjects/45739fea-1fd1-4f2e-863a-a77ceb74f87b
2478,502,2023,T,26,179.0,-68.0,T26_2023_502,,http://opencontext.org/subjects/45739fea-1fd1-4f2e-863a-a77ceb74f87b
2479,502,2023,T,26,177.0,-68.0,T26_2023_502,,http://opencontext.org/subjects/45739fea-1fd1-4f2e-863a-a77ceb74f87b
2480,502,2023,T,26,177.0,-73.0,T26_2023_502,,http://opencontext.org/subjects/45739fea-1fd1-4f2e-863a-a77ceb74f87b
2481,502,2023,T,26,174.0,-73.0,T26_2023_502,,http://opencontext.org/subjects/45739fea-1fd1-4f2e-863a-a77ceb74f87b
2482,502,2023,T,26,174.0,-71.0,T26_2023_502,,http://opencontext.org/subjects/45739fea-1fd1-4f2e-863a-a77ceb74f87b
2483,502,2023,T,26,172.5,-71.0,T26_2023_502,,http://opencontext.org/subjects/45739fea-1fd1-4f2e-863a-a77ceb74f87b
2484,502,2023,T,26,172.5,-68.0,T26_2023_502,,http://opencontext.org/subjects/45739fea-1fd1-4f2e-863a-a77ceb74f87b
2485,502,2023,T,26,174.0,-68.0,T26_2023_502,,http://opencontext.org/subjects/45739fea-1fd1-4f2e-863a-a77ceb74f87b
2486,503,2024,T,108,216.0,-33.0,T108_2024_503,,http://opencontext.org/subjects/427b33b1-95ae-4d58-93ff-7c0509c370cf
2487,503,2024,T,108,221.0,-33.0,T108_2024_503,,http://opencontext.org/subjects/427b33b1-95ae-4d58-93ff-7c0509c370cf
2488,503,2024,T,108,221.0,-37.0,T108_2024_503,,http://opencontext.org/subjects/427b33b1-95ae-4d58-93ff-7c0509c370cf
2489,503,2024,T,108,219.0,-37.0,T108_2024_503,,http://opencontext.org/subjects/427b33b1-95ae-4d58-93ff-7c0509c370cf
2490,503,2024,T,108,219.0,-39.0,T108_2024_503,,http://opencontext.org/subjects/427b33b1-95ae-4d58-93ff-7c0509c370cf
2491,503,2024,T,108,216.84,-39.0,T108_2024_503,,http://opencontext.org/subjects/427b33b1-95ae-4d58-93ff-7c0509c370cf
2492,503,2024,T,108,216.84,-39.0,T108_2024_503,,http://opencontext.org/subjects/427b33b1-95ae-4d58-93ff-7c0509c370cf
2493,503,2024,T,108,215.0,-38.0,T108_2024_503,,http://opencontext.org/subjects/427b33b1-95ae-4d58-93ff-7c0509c370cf
2494,503,2024,T,108,215.0,-35.0,T108_2024_503,,http://opencontext.org/subjects/427b33b1-95ae-4d58-93ff-7c0509c370cf
2495,503,2024,T,108,216.0,-35.0,T108_2024_503,,http://opencontext.org/subjects/427b33b1-95ae-4d58-93ff-7c0509c370cf
2496,504,2024,T,109,216.0,-26.0,T109_2024_504,,http://opencontext.org/subjects/1e1bfab8-4b00-4c8e-b2c1-13a26cb119cb
2497,504,2024,T,109,220.0,-26.0,T109_2024_504,,http://opencontext.org/subjects/1e1bfab8-4b00-4c8e-b2c1-13a26cb119cb
2498,504,2024,T,109,220.0,-30.0,T109_2024_504,,http://opencontext.org/subjects/1e1bfab8-4b00-4c8e-b2c1-13a26cb119cb
2499,504,2024,T,109,223.0,-30.0,T109_2024_504,,http://opencontext.org/subjects/1e1bfab8-4b00-4c8e-b2c1-13a26cb119cb
2500,504,2024,T,109,223.0,-33.0,T109_2024_504,,http://opencontext.org/subjects/1e1bfab8-4b00-4c8e-b2c1-13a26cb119cb
2501,504,2024,T,109,216.0,-33.0,T109_2024_504,,http://opencontext.org/subjects/1e1bfab8-4b00-4c8e-b2c1-13a26cb119cb
2502,505,2024,T,104,190.0,-53.0,T104_2024_505,,http://opencontext.org/subjects/d5c94984-2425-455d-b5f5-3523b1b16056
2503,505,2024,T,104,194.0,-53.0,T104_2024_505,,http://opencontext.org/subjects/d5c94984-2425-455d-b5f5-3523b1b16056
2504,505,2024,T,104,194.0,-56.0,T104_2024_505,,http://opencontext.org/subjects/d5c94984-2425-455d-b5f5-3523b1b16056
2505,505,2024,T,104,190.0,-56.0,T104_2024_505,,http://opencontext.org/subjects/d5c94984-2425-455d-b5f5-3523b1b16056
2506,506,2024,T,107,212.0,-38.0,T107_2024_506,,http://opencontext.org/subjects/9ae83dc6-3b25-4fc9-b3e5-a9b8d5a6e557
2507,506,2024,T,107,216.0,-38.0,T107_2024_506,,http://opencontext.org/subjects/9ae83dc6-3b25-4fc9-b3e5-a9b8d5a6e557
2508,506,2024,T,107,216.0,-39.0,T107_2024_506,,http://opencontext.org/subjects/9ae83dc6-3b25-4fc9-b3e5-a9b8d5a6e557
2509,506,2024,T,107,221.0,-39.0,T107_2024_506,,http://opencontext.org/subjects/9ae83dc6-3b25-4fc9-b3e5-a9b8d5a6e557
2510,506,2024,T,107,221.0,-42.0,T107_2024_506,,http://opencontext.org/subjects/9ae83dc6-3b25-4fc9-b3e5-a9b8d5a6e557
2511,506,2024,T,107,216.0,-42.0,T107_2024_506,,http://opencontext.org/subjects/9ae83dc6-3b25-4fc9-b3e5-a9b8d5a6e557
2512,506,2024,T,107,216.0,-40.0,T107_2024_506,,http://opencontext.org/subjects/9ae83dc6-3b25-4fc9-b3e5-a9b8d5a6e557
2513,506,2024,T,107,212.0,-40.0,T107_2024_506,,http://opencontext.org/subjects/9ae83dc6-3b25-4fc9-b3e5-a9b8d5a6e557
2514,507,2024,T,105,206.0,-27.0,T105_2024_507,,http://opencontext.org/subjects/d18830b1-2148-405f-8a0d-ad21c14d1c11
2515,507,2024,T,105,209.0,-27.0,T105_2024_507,,http://opencontext.org/subjects/d18830b1-2148-405f-8a0d-ad21c14d1c11
2516,507,2024,T,105,209.0,-29.0,T105_2024_507,,http://opencontext.org/subjects/d18830b1-2148-405f-8a0d-ad21c14d1c11
2517,507,2024,T,105,211.0,-29.0,T105_2024_507,,http://opencontext.org/subjects/d18830b1-2148-405f-8a0d-ad21c14d1c11
2518,507,2024,T,105,211.0,-35.0,T105_2024_507,,http://opencontext.org/subjects/d18830b1-2148-405f-8a0d-ad21c14d1c11
2519,507,2024,T,105,208.0,-35.0,T105_2024_507,,http://opencontext.org/subjects/d18830b1-2148-405f-8a0d-ad21c14d1c11
2520,507,2024,T,105,208.0,-34.0,T105_2024_507,,http://opencontext.org/subjects/d18830b1-2148-405f-8a0d-ad21c14d1c11
2521,507,2024,T,105,205.0,-34.0,T105_2024_507,,http://opencontext.org/subjects/d18830b1-2148-405f-8a0d-ad21c14d1c11
2522,507,2024,T,105,205.0,-32.0,T105_2024_507,,http://opencontext.org/subjects/d18830b1-2148-405f-8a0d-ad21c14d1c11
2523,507,2024,T,105,208.0,-32.0,T105_2024_507,,http://opencontext.org/subjects/d18830b1-2148-405f-8a0d-ad21c14d1c11
2524,507,2024,T,105,208.0,-30.0,T105_2024_507,,http://opencontext.org/subjects/d18830b1-2148-405f-8a0d-ad21c14d1c11
2525,507,2024,T,105,206.0,-30.0,T105_2024_507,,http://opencontext.org/subjects/d18830b1-2148-405f-8a0d-ad21c14d1c11
2526,508,2024,T,26,170.0,-64.0,T26_2024_508,,http://opencontext.org/subjects/5ceaa58c-d449-4a30-bd20-d6fa1e076208
2527,508,2024,T,26,174.0,-64.0,T26_2024_508,,http://opencontext.org/subjects/5ceaa58c-d449-4a30-bd20-d6fa1e076208
2528,508,2024,T,26,174.0,-68.0,T26_2024_508,,http://opencontext.org/subjects/5ceaa58c-d449-4a30-bd20-d6fa1e076208
2529,508,2024,T,26,170.0,-68.0,T26_2024_508,,http://opencontext.org/subjects/5ceaa58c-d449-4a30-bd20-d6fa1e076208
2530,509,2024,T,106,211.0,-29.0,T106_2024_509,,http://opencontext.org/subjects/543c2a92-9262-47b4-9d08-9769e1a3e9af
2531,509,2024,T,106,214.0,-29.0,T106_2024_509,,http://opencontext.org/subjects/543c2a92-9262-47b4-9d08-9769e1a3e9af
2532,509,2024,T,106,214.0,-30.0,T106_2024_509,,http://opencontext.org/subjects/543c2a92-9262-47b4-9d08-9769e1a3e9af
2533,509,2024,T,106,216.0,-30.0,T106_2024_509,,http://opencontext.org/subjects/543c2a92-9262-47b4-9d08-9769e1a3e9af
2534,509,2024,T,106,216.0,-35.0,T106_2024_509,,http://opencontext.org/subjects/543c2a92-9262-47b4-9d08-9769e1a3e9af
2535,509,2024,T,106,212.0,-35.0,T106_2024_509,,http://opencontext.org/subjects/543c2a92-9262-47b4-9d08-9769e1a3e9af
2536,509,2024,T,106,212.0,-39.0,T106_2024_509,,http://opencontext.org/subjects/543c2a92-9262-47b4-9d08-9769e1a3e9af
2537,509,2024,T,106,211.0,-39.0,T106_2024_509,,http://opencontext.org/subjects/543c2a92-9262-47b4-9d08-9769e1a3e9af
2538,509,2024,T,106,211.0,-33.0,T106_2024_509,,http://opencontext.org/subjects/543c2a92-9262-47b4-9d08-9769e1a3e9af
2539,509,2024,T,106,213.0,-33.0,T106_2024_509,,http://opencontext.org/subjects/543c2a92-9262-47b4-9d08-9769e1a3e9af
2540,509,2024,T,106,213.0,-32.0,T106_2024_509,,http://opencontext.org/subjects/543c2a92-9262-47b4-9d08-9769e1a3e9af
2541,509,2024,T,106,211.0,-32.0,T106_2024_509,,http://opencontext.org/subjects/543c2a92-9262-47b4-9d08-9769e1a3e9af
2542,510,1993,CA,36,-2.0,0.0,CA36_1993_510,,http://opencontext.org/subjects/f143fa0b-93c8-435f-d34a-bbf4725708af
2543,510,1993,CA,36,-2.0,7.0,CA36_1993_510,,http://opencontext.org/subjects/f143fa0b-93c8-435f-d34a-bbf4725708af
2544,510,1993,CA,36,1.0,7.0,CA36_1993_510,,http://opencontext.org/subjects/f143fa0b-93c8-435f-d34a-bbf4725708af
2545,510,1993,CA,36,1.0,0.0,CA36_1993_510,,http://opencontext.org/subjects/f143fa0b-93c8-435f-d34a-bbf4725708af
2546,511,1994,CA,36,-2.0,0.0,CA36_1994_511,,http://opencontext.org/subjects/e7ebfd60-e0a5-4962-6a7f-a218b9a02168
2547,511,1994,CA,36,-2.0,7.0,CA36_1994_511,,http://opencontext.org/subjects/e7ebfd60-e0a5-4962-6a7f-a218b9a02168
2548,511,1994,CA,36,1.0,7.0,CA36_1994_511,,http://opencontext.org/subjects/e7ebfd60-e0a5-4962-6a7f-a218b9a02168
2549,511,1994,CA,36,1.0,0.0,CA36_1994_511,,http://opencontext.org/subjects/e7ebfd60-e0a5-4962-6a7f-a218b9a02168
2550,512,2002,T,28 North,192.0,-80.0,T28_North_2002_512,,
2551,512,2002,T,28 North,194.0,-80.0,T28_North_2002_512,,
2552,512,2002,T,28 North,194.0,-81.0,T28_North_2002_512,,
2553,512,2002,T,28 North,196.0,-81.0,T28_North_2002_512,,
2554,512,2002,T,28 North,196.0,-82.0,T28_North_2002_512,,
2555,512,2002,T,28 North,194.0,-82.0,T28_North_2002_512,,
2556,512,2002,T,28 North,194.0,-85.0,T28_North_2002_512,,
2557,512,2002,T,28 North,192.0,-85.0,T28_North_2002_512,,
2558,513,2003,CA,50,-10.0,8.0,CA50_2003_513,,http://opencontext.org/subjects/44c9aeeb-5aee-48bf-2afa-2d7a1f80f587
2559,513,2003,CA,50,-16.0,8.0,CA50_2003_513,,http://opencontext.org/subjects/44c9aeeb-5aee-48bf-2afa-2d7a1f80f587
2560,513,2003,CA,50,-16.0,14.0,CA50_2003_513,,http://opencontext.org/subjects/44c9aeeb-5aee-48bf-2afa-2d7a1f80f587
2561,513,2003,CA,50,-10.0,14.0,CA50_2003_513,,http://opencontext.org/subjects/44c9aeeb-5aee-48bf-2afa-2d7a1f80f587
2562,514,2003,CA,51,-33.0,60.0,CA51_2003_514,,http://opencontext.org/subjects/6e667138-a268-45ae-695c-7f0647fb767f
2563,514,2003,CA,51,-30.0,60.0,CA51_2003_514,,http://opencontext.org/subjects/6e667138-a268-45ae-695c-7f0647fb767f
2564,514,2003,CA,51,-30.0,57.0,CA51_2003_514,,http://opencontext.org/subjects/6e667138-a268-45ae-695c-7f0647fb767f
2565,514,2003,CA,51,-33.0,57.0,CA51_2003_514,,http://opencontext.org/subjects/6e667138-a268-45ae-695c-7f0647fb767f
2566,514,2003,CA,51,-33.0,53.0,CA51_2003_514,,http://opencontext.org/subjects/6e667138-a268-45ae-695c-7f0647fb767f
2567,514,2003,CA,51,-35.0,53.0,CA51_2003_514,,http://opencontext.org/subjects/6e667138-a268-45ae-695c-7f0647fb767f
2568,514,2003,CA,51,-35.0,55.0,CA51_2003_514,,http://opencontext.org/subjects/6e667138-a268-45ae-695c-7f0647fb767f
2569,514,2003,CA,51,-33.0,55.0,CA51_2003_514,,http://opencontext.org/subjects/6e667138-a268-45ae-695c-7f0647fb767f
2570,514,2003,CA,51,-43.0,49.0,CA51_2003_514,,http://opencontext.org/subjects/6e667138-a268-45ae-695c-7f0647fb767f
2571,514,2003,CA,51,-45.0,49.0,CA51_2003_514,,http://opencontext.org/subjects/6e667138-a268-45ae-695c-7f0647fb767f
2572,514,2003,CA,51,-45.0,51.0,CA51_2003_514,,http://opencontext.org/subjects/6e667138-a268-45ae-695c-7f0647fb767f
2573,514,2003,CA,51,-43.0,51.0,CA51_2003_514,,http://opencontext.org/subjects/6e667138-a268-45ae-695c-7f0647fb767f
2574,515,2003,CA,52,130.0,41.0,CA52_2003_515,,http://opencontext.org/subjects/a2e0fa40-f66c-424a-fafb-7d57ed5891d5
2575,515,2003,CA,52,133.0,41.0,CA52_2003_515,,http://opencontext.org/subjects/a2e0fa40-f66c-424a-fafb-7d57ed5891d5
2576,515,2003,CA,52,133.0,38.0,CA52_2003_515,,http://opencontext.org/subjects/a2e0fa40-f66c-424a-fafb-7d57ed5891d5
2577,515,2003,CA,52,130.0,38.0,CA52_2003_515,,http://opencontext.org/subjects/a2e0fa40-f66c-424a-fafb-7d57ed5891d5
2578,516,2003,CA,53,-27.0,11.0,CA53_2003_516,,
2579,516,2003,CA,53,-30.0,11.0,CA53_2003_516,,
2580,516,2003,CA,53,-30.0,14.0,CA53_2003_516,,
2581,516,2003,CA,53,-27.0,14.0,CA53_2003_516,,
2582,517,2003,CD,10,284.0,-278.0,CD10_2003_517,,http://opencontext.org/subjects/08e3a47c-1dfe-493f-8453-dcff1618decf
2583,517,2003,CD,10,287.0,-278.0,CD10_2003_517,,http://opencontext.org/subjects/08e3a47c-1dfe-493f-8453-dcff1618decf
2584,517,2003,CD,10,287.0,-282.0,CD10_2003_517,,http://opencontext.org/subjects/08e3a47c-1dfe-493f-8453-dcff1618decf
2585,517,2003,CD,10,284.0,-282.0,CD10_2003_517,,http://opencontext.org/subjects/08e3a47c-1dfe-493f-8453-dcff1618decf
2586,518,2003,CD,11,285.0,-266.0,CD11_2003_518,,
2587,518,2003,CD,11,288.0,-266.0,CD11_2003_518,,
2588,518,2003,CD,11,288.0,-268.0,CD11_2003_518,,
2589,518,2003,CD,11,285.0,-268.0,CD11_2003_518,,
2590,519,2003,TNF,2,174.0,74.0,TNF2_2003_519,,http://opencontext.org/subjects/61284146-5d47-4783-7aa0-d7a1ad0e8516
2591,519,2003,TNF,2,176.0,74.0,TNF2_2003_519,,http://opencontext.org/subjects/61284146-5d47-4783-7aa0-d7a1ad0e8516
2592,519,2003,TNF,2,176.0,76.0,TNF2_2003_519,,http://opencontext.org/subjects/61284146-5d47-4783-7aa0-d7a1ad0e8516
2593,519,2003,TNF,2,174.0,76.0,TNF2_2003_519,,http://opencontext.org/subjects/61284146-5d47-4783-7aa0-d7a1ad0e8516
2594,520,2002,T,26,185.0,-54.0,T26_2002_520,CED I,http://opencontext.org/subjects/55238072-ec7e-4bd1-1bff-2c471e5840e3
2595,520,2002,T,26,188.0,-54.0,T26_2002_520,CED I,http://opencontext.org/subjects/55238072-ec7e-4bd1-1bff-2c471e5840e3
2596,520,2002,T,26,188.0,-56.5,T26_2002_520,CED I,http://opencontext.org/subjects/55238072-ec7e-4bd1-1bff-2c471e5840e3
2597,520,2002,T,26,185.0,-55.4,T26_2002_520,CED I,http://opencontext.org/subjects/55238072-ec7e-4bd1-1bff-2c471e5840e3
2598,521,2003,T,26,184.5,-48.29,T26_2003_521,CED I,http://opencontext.org/subjects/73891705-fb89-41bb-2136-0ecaa7eec787
2599,521,2003,T,26,188.0,-47.9,T26_2003_521,CED I,http://opencontext.org/subjects/73891705-fb89-41bb-2136-0ecaa7eec787
2600,521,2003,T,26,188.0,-49.7,T26_2003_521,CED I,http://opencontext.org/subjects/73891705-fb89-41bb-2136-0ecaa7eec787
2601,521,2003,T,26,188.0,-52.11,T26_2003_521,CED I,http://opencontext.org/subjects/73891705-fb89-41bb-2136-0ecaa7eec787
2602,521,2003,T,26,188.0,-53.66,T26_2003_521,CED I,http://opencontext.org/subjects/73891705-fb89-41bb-2136-0ecaa7eec787
2603,521,2003,T,26,188.0,-56.1,T26_2003_521,CED I,http://opencontext.org/subjects/73891705-fb89-41bb-2136-0ecaa7eec787
2604,521,2003,T,26,184.5,-55.22,T26_2003_521,CED I,http://opencontext.org/subjects/73891705-fb89-41bb-2136-0ecaa7eec787
2605,521,2003,T,26,184.5,-53.7,T26_2003_521,CED I,http://opencontext.org/subjects/73891705-fb89-41bb-2136-0ecaa7eec787
2606,521,2003,T,26,184.5,-52.0,T26_2003_521,CED I,http://opencontext.org/subjects/73891705-fb89-41bb-2136-0ecaa7eec787
2607,521,2003,T,26,184.5,-49.74,T26_2003_521,CED I,http://opencontext.org/subjects/73891705-fb89-41bb-2136-0ecaa7eec787
2608,522,1989,T,26,183.1059,-57.2463,T26_1989_522,NM II,http://opencontext.org/subjects/88085f60-2240-4894-166d-11233971c5ca
2609,522,1989,T,26,189.749,-59.453,T26_1989_522,NM II,http://opencontext.org/subjects/88085f60-2240-4894-166d-11233971c5ca
2610,522,1989,T,26,189.119,-61.351,T26_1989_522,NM II,http://opencontext.org/subjects/88085f60-2240-4894-166d-11233971c5ca
2611,522,1989,T,26,182.476,-59.144,T26_1989_522,NM II,http://opencontext.org/subjects/88085f60-2240-4894-166d-11233971c5ca
2612,522,1989,T,26,199.236,-59.443,T26_1989_522,MW V,http://opencontext.org/subjects/88085f60-2240-4894-166d-11233971c5ca
2613,522,1989,T,26,203.981,-61.019,T26_1989_522,MW V,http://opencontext.org/subjects/88085f60-2240-4894-166d-11233971c5ca
2614,522,1989,T,26,203.035,-63.866,T26_1989_522,MW V,http://opencontext.org/subjects/88085f60-2240-4894-166d-11233971c5ca
2615,522,1989,T,26,201.137,-63.235,T26_1989_522,MW V,http://opencontext.org/subjects/88085f60-2240-4894-166d-11233971c5ca
2616,522,1989,T,26,201.453,-62.286,T26_1989_522,MW V,http://opencontext.org/subjects/88085f60-2240-4894-166d-11233971c5ca
2617,522,1989,T,26,200.504,-61.971,T26_1989_522,MW V,http://opencontext.org/subjects/88085f60-2240-4894-166d-11233971c5ca
2618,522,1989,T,26,200.819,-61.022,T26_1989_522,MW V,http://opencontext.org/subjects/88085f60-2240-4894-166d-11233971c5ca
2619,522,1989,T,26,198.921,-60.392,T26_1989_522,MW V,http://opencontext.org/subjects/88085f60-2240-4894-166d-11233971c5ca
2620,523,2004,T,32,167.0,-58.5,T32_2004_523,,http://opencontext.org/subjects/9c9b78ce-9221-4739-2683-8052b76ef778
2621,523,2004,T,32,170.0,-58.5,T32_2004_523,,http://opencontext.org/subjects/9c9b78ce-9221-4739-2683-8052b76ef778
2622,523,2004,T,32,170.0,-60.5,T32_2004_523,,http://opencontext.org/subjects/9c9b78ce-9221-4739-2683-8052b76ef778
2623,523,2004,T,32,167.0,-60.5,T32_2004_523,,http://opencontext.org/subjects/9c9b78ce-9221-4739-2683-8052b76ef778
2624,524,2002,T,28 South 1,193.0,-88.0,T28_South_1_2002_524,,
2625,524,2002,T,28 South 1,198.0,-88.0,T28_South_1_2002_524,,
2626,524,2002,T,28 South 1,198.0,-91.0,T28_South_1_2002_524,,
2627,524,2002,T,28 South 1,193.0,-91.0,T28_South_1_2002_524,,
2628,525,2003,T,28 South 1,192.0,-88.0,T28_South_1_2003_525,,
2629,525,2003,T,28 South 1,198.0,-88.0,T28_South_1_2003_525,,
2630,525,2003,T,28 South 1,198.0,-91.0,T28_South_1_2003_525,,
2631,525,2003,T,28 South 1,192.0,-91.0,T28_South_1_2003_525,,
